Price,Close,High,Low,Open,Volume
Ticker,FNK,FNK,FNK,FNK,FNK
Date,,,,,
2011-04-20,16.567840576171875,16.624914582158386,16.55968692458094,16.61676093056745,1400
2011-04-21,16.624906539916992,16.624906539916992,16.624906539916992,16.624906539916992,100
2011-04-25,16.584144592285156,16.600451892234826,16.584144592285156,16.600451892234826,300
2011-04-26,16.584144592285156,16.584144592285156,16.584144592285156,16.584144592285156,0
2011-04-27,16.845064163208008,16.845064163208008,16.845064163208008,16.845064163208008,500
2011-04-28,16.91028594970703,16.91028594970703,16.902132298220984,16.91028594970703,700
2011-04-29,16.91028594970703,16.91028594970703,16.91028594970703,16.91028594970703,0
2011-05-02,16.91028594970703,16.91028594970703,16.91028594970703,16.91028594970703,0
2011-05-03,16.722755432128906,16.747216384833447,16.722755432128906,16.747216384833447,33100
2011-05-04,16.69829750061035,16.69829750061035,16.633069836746646,16.633069836746646,1400
2011-05-05,16.69829750061035,16.69829750061035,16.69829750061035,16.69829750061035,0
2011-05-06,16.69829750061035,16.69829750061035,16.69829750061035,16.69829750061035,0
2011-05-09,16.812448501586914,16.812448501586914,16.79614119545334,16.79614119545334,500
2011-05-10,16.95920753479004,16.96736118686808,16.95920753479004,16.96736118686808,400
2011-05-11,16.73906135559082,16.779828051591647,16.73906135559082,16.779828051591647,1500
2011-05-12,16.97551155090332,16.97551155090332,16.97551155090332,16.97551155090332,300
2011-05-13,16.918441772460938,16.918441772460938,16.918441772460938,16.918441772460938,300
2011-05-16,16.73906135559082,16.73906135559082,16.73906135559082,16.73906135559082,300
2011-05-17,16.510770797729492,16.510770797729492,16.510770797729492,16.510770797729492,10000
2011-05-18,16.624906539916992,16.624906539916992,16.56783256153982,16.56783256153982,1000
2011-05-19,16.771671295166016,16.771671295166016,16.6738306208247,16.6738306208247,1100
2011-05-20,16.64937400817871,16.84505696294336,16.64937400817871,16.84505696294336,1100
2011-05-23,16.47000503540039,16.50261809684755,16.47000503540039,16.50261809684755,500
2011-05-24,16.315078735351562,16.43738036246808,16.315078735351562,16.43738036246808,2500
2011-05-25,16.315078735351562,16.315078735351562,16.315078735351562,16.315078735351562,0
2011-05-26,16.518918991088867,16.518918991088867,16.518918991088867,16.518918991088867,400
2011-05-27,16.67383575439453,16.67383575439453,16.633067498242614,16.633067498242614,800
2011-05-31,16.779836654663086,16.81245127230517,16.755375691431524,16.80429761789465,32000
2011-06-01,16.461841583251953,16.787979779360423,16.461841583251953,16.787979779360423,1900
2011-06-02,16.461841583251953,16.461841583251953,16.461841583251953,16.461841583251953,0
2011-06-03,16.18463134765625,16.339547646924988,16.03786870152274,16.03786870152274,8200
2011-06-06,16.18463134765625,16.18463134765625,16.18463134765625,16.18463134765625,0
2011-06-07,16.037864685058594,16.119399640841262,16.037864685058594,16.119399640841262,400
2011-06-08,15.956334114074707,16.029715438929294,15.931874709223417,16.029715438929294,1800
2011-06-09,16.037864685058594,16.037864685058594,16.037864685058594,16.037864685058594,900
2011-06-10,16.037864685058594,16.037864685058594,16.037864685058594,16.037864685058594,0
2011-06-13,15.752490043640137,15.752490043640138,15.752490043640138,15.752490043640138,100
2011-06-14,15.752490043640137,15.752490043640138,15.752490043640138,15.752490043640138,0
2011-06-15,15.997098922729492,15.997098922729492,15.997098922729492,15.997098922729492,100
2011-06-16,15.80957317352295,16.06233178874773,15.80957317352295,16.06233178874773,4200
2011-06-17,15.907410621643066,16.094939946000892,15.907410621643066,16.094939946000892,4200
2011-06-20,16.005252838134766,16.005252838134766,16.005252838134766,16.005252838134766,300
2011-06-21,16.2421817779541,16.26669267466085,15.948058809099017,15.948058809099017,63500
2011-06-22,16.21767807006836,16.274868623914493,16.201337466590687,16.201337466590687,55900
2011-06-23,16.11146354675293,16.144144749328788,15.907210705630337,15.907210705630337,6500
2011-06-24,16.029762268066406,16.029762268066406,16.029762268066406,16.029762268066406,4100
2011-06-27,16.021596908569336,16.070617164976206,15.98891569874752,16.070617164976206,800
2011-06-28,16.021596908569336,16.021596908569336,16.021596908569336,16.021596908569336,0
2011-06-29,16.39741325378418,16.42192414886658,16.37290391702685,16.37290391702685,7000
2011-06-30,16.51996612548828,16.536306723706396,16.51996612548828,16.536306723706396,500
2011-07-01,16.707881927490234,16.707881927490234,16.68337102717158,16.68337102717158,1500
2011-07-05,16.732393264770508,16.732393264770508,16.732393264770508,16.732393264770508,1000
2011-07-06,16.822267532348633,16.83043783465015,16.822267532348633,16.83043783465015,400
2011-07-07,17.001998901367188,17.001998901367188,16.985659865283026,17.001998901367188,900
2011-07-08,16.80591583251953,16.830426723242056,16.80591583251953,16.830426723242056,600
2011-07-11,16.80591583251953,16.80591583251953,16.80591583251953,16.80591583251953,0
2011-07-12,16.577159881591797,16.577159881591797,16.577159881591797,16.577159881591797,1000
2011-07-13,16.585329055786133,16.68337109915838,16.585329055786133,16.68337109915838,900
2011-07-14,16.503633499145508,16.503633499145508,16.503633499145508,16.503633499145508,900
2011-07-15,16.503633499145508,16.503633499145508,16.503633499145508,16.503633499145508,0
2011-07-18,16.10329246520996,16.25852505326656,16.021592579383213,16.25852505326656,5300
2011-07-19,16.10329246520996,16.10329246520996,16.10329246520996,16.10329246520996,0
2011-07-20,16.405588150024414,16.405588150024414,16.405588150024414,16.405588150024414,300
2011-07-21,16.405588150024414,16.405588150024414,16.405588150024414,16.405588150024414,0
2011-07-22,16.593494415283203,16.593494415283203,16.593494415283203,16.593494415283203,500
2011-07-25,16.528139114379883,16.53630941481857,16.519968813941194,16.53630941481857,5600
2011-07-26,16.389244079589844,16.421925275274706,16.389244079589844,16.421925275274706,300
2011-07-27,15.931719779968262,15.931719779968262,15.931719779968262,15.931719779968262,500
2011-07-28,15.931719779968262,15.931719779968262,15.931719779968262,15.931719779968262,0
2011-07-29,15.931719779968262,15.931719779968262,15.931719779968262,15.931719779968262,0
2011-08-01,15.588571548461914,15.637591777573668,15.539551319350158,15.58040125055579,26200
2011-08-02,15.310789108276367,15.523212199051883,15.310789108276367,15.523212199051883,1800
2011-08-03,14.975812911987305,14.975812911987305,14.975812911987305,14.975812911987305,200
2011-08-04,14.338545799255371,14.338545799255371,14.338545799255371,14.338545799255371,100
2011-08-05,14.232339859008789,14.23233985900879,13.840174727702461,14.117958751959204,17700
2011-08-08,13.34996509552002,13.652258411304292,13.235584009366557,13.652258411304292,7100
2011-08-09,13.415324211120605,13.439835108564923,13.4071539119725,13.4071539119725,1600
2011-08-10,13.333625793457031,13.652259740668322,13.300946147799102,13.382646041106712,9800
2011-08-11,13.848339080810547,13.848339080810547,13.554214579509779,13.554214579509779,1700
2011-08-12,13.864681243896484,13.987234185944779,13.864681243896484,13.921873344070871,500
2011-08-15,14.281363487243652,14.281363487243652,14.093451178857148,14.109791786106255,3100
2011-08-16,14.117953300476074,14.158803234841283,14.117953300476074,14.142462637765156,1100
2011-08-17,14.117953300476074,14.379396620393669,14.044422171958612,14.379396620393669,5000
2011-08-18,13.995399475097656,13.995399475097656,13.995399475097656,13.995399475097656,100
2011-08-19,13.995399475097656,13.995399475097656,13.995399475097656,13.995399475097656,0
2011-08-22,13.170223236083984,13.211073178977202,13.162052935840256,13.211073178977202,4400
2011-08-23,13.170223236083984,13.170223236083984,13.170223236083984,13.170223236083984,0
2011-08-24,13.758474349975586,13.799324303323726,13.758474349975586,13.799324303323726,3800
2011-08-25,13.595070838928223,13.595070838928223,13.595070838928223,13.595070838928223,2600
2011-08-26,13.750300407409668,13.750300407409668,13.750300407409668,13.750300407409668,400
2011-08-29,14.232339859008789,14.240510160701719,14.23233985900879,14.23233985900879,4800
2011-08-30,14.436589241027832,14.436589241027832,14.436589241027832,14.436589241027832,600
2011-08-31,14.63266372680664,14.730705711306747,14.526453005395629,14.730705711306747,3500
2011-09-01,14.379399299621582,14.689862910289285,14.379399299621582,14.567311526034281,900
2011-09-02,14.379399299621582,14.379399299621582,14.379399299621582,14.379399299621582,0
2011-09-06,13.439836502075195,13.448005243745055,13.439836502075195,13.448005243745055,3600
2011-09-07,14.158803939819336,14.158803939819336,14.003571376517197,14.003571376517197,200
2011-09-08,14.068931579589844,14.068931579589844,14.068931579589844,14.068931579589844,100
2011-09-09,14.068931579589844,14.068931579589844,14.068931579589844,14.068931579589844,0
2011-09-12,13.464350700378418,13.464350700378418,13.464350700378418,13.464350700378418,100
2011-09-13,13.464350700378418,13.464350700378418,13.464350700378418,13.464350700378418,0
2011-09-14,13.464350700378418,13.464350700378418,13.464350700378418,13.464350700378418,0
2011-09-15,14.412077903747559,14.412077903747559,14.37122796471256,14.37122796471256,400
2011-09-16,14.428420066833496,14.428420066833496,14.428420066833496,14.428420066833496,1200
2011-09-19,14.428420066833496,14.428420066833496,14.428420066833496,14.428420066833496,0
2011-09-20,14.428420066833496,14.428420066833496,14.428420066833496,14.428420066833496,0
2011-09-21,13.668599128723145,13.85651135996269,13.62774918569731,13.774811473911019,13100
2011-09-22,12.982311248779297,13.080352521937641,12.908780099119843,13.080352521937641,16500
2011-09-23,13.10486125946045,13.153881498359283,12.99864892380013,13.006819223337486,20300
2011-09-26,13.137542724609375,13.153883325954443,13.129372423936843,13.153883325954443,1600
2011-09-27,13.137542724609375,13.137542724609375,13.137542724609375,13.137542724609375,0
2011-09-28,13.358137130737305,13.546049384775031,13.341796528214296,13.546049384775031,3400
2011-09-29,13.268261909484863,13.28460250773967,13.268261909484863,13.28460250773967,4100
2011-09-30,13.251922607421875,13.260092907348428,13.251922607421875,13.260092907348428,600
2011-10-03,13.251922607421875,13.251922607421875,13.251922607421875,13.251922607421875,0
2011-10-04,12.541123390197754,12.737205909312578,12.500272670591498,12.58197333064134,3300
2011-10-05,13.211071014404297,13.243750651699376,13.211071014404297,13.243750651699376,300
2011-10-06,13.627747535705566,13.627747535705566,13.472514966016526,13.472514966016526,24000
2011-10-07,13.603236198425293,13.733957866048433,13.570556560682107,13.733957866048433,1200
2011-10-10,13.930044174194336,13.930044174194336,13.930044174194336,13.930044174194336,500
2011-10-11,13.930044174194336,13.930044174194336,13.930044174194336,13.930044174194336,0
2011-10-12,13.930044174194336,13.930044174194336,13.930044174194336,13.930044174194336,0
2011-10-13,14.011741638183594,14.14246330430334,14.011741638183594,14.117953965859126,1400
2011-10-14,14.011741638183594,14.011741638183594,14.011741638183594,14.011741638183594,0
2011-10-17,14.011741638183594,14.011741638183594,14.011741638183594,14.011741638183594,0
2011-10-18,14.387569427490234,14.387569427490233,14.387569427490233,14.387569427490233,100
2011-10-19,14.240504264831543,14.436586749302409,14.240504264831543,14.436586749302409,112000
2011-10-20,14.068931579589844,14.068931579589844,14.068931579589844,14.068931579589844,500
2011-10-21,14.068931579589844,14.068931579589844,14.068931579589844,14.068931579589844,0
2011-10-24,15.229089736938477,15.24543033651124,15.171899196759147,15.171899196759147,2800
2011-10-25,14.828758239746094,15.229093683060585,14.828758239746094,15.229093683060585,37800
2011-10-26,14.95947551727295,14.95947551727295,14.95947551727295,14.95947551727295,900
2011-10-27,15.956231117248535,15.964401417179609,15.604916011839256,15.686617452824613,24100
2011-10-28,15.825511932373047,15.899041526705417,15.694788671172251,15.809171329932244,3000
2011-10-31,15.294448852539062,15.621254573847406,15.294448852539062,15.40883147832705,14700
2011-11-01,14.877779960632324,14.877779960632324,14.877779960632324,14.877779960632324,400
2011-11-02,15.106537818908691,15.188239255538097,14.95130524514535,15.188239255538097,93900
2011-11-03,15.482358932495117,15.482358932495117,15.155553288808044,15.155553288808044,600
2011-11-04,15.376152038574219,15.376152038574219,15.351642697505142,15.351642697505142,500
2011-11-07,15.564067840576172,15.564067840576172,15.278115073464177,15.278115073464177,179900
2011-11-08,15.817336082458496,15.817336082458496,15.776484590687124,15.776484590687124,800
2011-11-09,15.073858261108398,15.539554426602022,15.073858261108398,15.539554426602022,1000
2011-11-10,15.19640827178955,15.302619039611223,15.171897375372938,15.302619039611223,2000
2011-11-11,15.694791793823242,15.69479179382324,15.69479179382324,15.69479179382324,300
2011-11-14,15.433342933654785,15.588575516737645,15.335302450473788,15.498703775217244,12700
2011-11-15,15.62942886352539,15.62942886352539,15.35981513854884,15.35981513854884,900
2011-11-16,15.376152038574219,15.376152038574219,15.376152038574219,15.376152038574219,1500
2011-11-17,14.95947551727295,15.392492039788902,14.926795877676147,15.2536000652706,6700
2011-11-18,15.024840354919434,15.024840354919434,15.024840354919434,15.024840354919434,500
2011-11-21,14.567310333251953,14.567310333251953,14.567310333251953,14.567310333251953,1000
2011-11-22,14.567310333251953,14.567310333251953,14.567310333251953,14.567310333251953,0
2011-11-23,14.567310333251953,14.567310333251953,14.567310333251953,14.567310333251953,0
2011-11-25,14.567310333251953,14.567310333251953,14.567310333251953,14.567310333251953,0
2011-11-28,14.501953125,14.501953125,14.501953125,14.501953125,500
2011-11-29,14.54279613494873,14.559136730023429,14.510116503124253,14.510116503124253,900
2011-11-30,15.302614212036133,15.310784508264154,15.106531777537592,15.106531777537592,1400
2011-12-01,15.400666236877441,15.400666236877441,15.376155332232642,15.38432563378091,800
2011-12-02,15.359810829162598,15.490532504092258,15.359810829162598,15.46602316399625,10000
2011-12-05,15.719301223754883,15.719301223754883,15.670280969615975,15.670280969615975,1000
2011-12-06,15.539552688598633,15.621254116533903,15.466021559289402,15.621254116533903,2100
2011-12-07,15.498703956604004,15.531385156930403,15.359811971867602,15.531385156930403,900
2011-12-08,15.082024574279785,15.498700433779367,15.082024574279785,15.498700433779367,5900
2011-12-09,15.376152038574219,15.376152038574219,15.106538378536932,15.122878978133215,2800
2011-12-12,15.033011436462402,15.449687492567206,15.024841134382804,15.449687492567206,8600
2011-12-13,15.065686225891113,15.278109314478284,15.065686225891113,15.24542812008405,3300
2011-12-14,14.53463077545166,14.70620238865652,14.518290176577308,14.698032089219343,6200
2011-12-15,14.689863204956055,14.72254440585316,14.689863204956055,14.72254440585316,800
2011-12-16,14.771561622619629,14.771561622619629,14.771561622619629,14.771561622619629,200
2011-12-19,14.640839576721191,14.95947342016718,14.624498980050866,14.95947342016718,4500
2011-12-20,15.106537818908691,15.14738931638604,14.918625605488764,14.95130524514535,3800
2011-12-21,15.172974586486816,15.172974586486816,15.008941803062044,15.033547189875527,5100
2011-12-22,15.304195404052734,15.304195404052736,15.205777016225323,15.28779181797081,600
2011-12-23,15.484634399414062,15.484634399414062,15.484634399414062,15.484634399414062,300
2011-12-27,15.542037963867188,15.57484356168259,15.443618041757796,15.443618041757796,5300
2011-12-28,15.049946784973145,15.328801504153303,15.049946784973145,15.320599710726574,127600
2011-12-29,15.345210075378418,15.369815466159167,15.320606248930478,15.320606248930478,24400
2011-12-30,15.345210075378418,15.345210075378418,15.345210075378418,15.345210075378418,0
2012-01-03,15.615854263305664,15.697869049195432,15.54203970453946,15.697869049195432,2200
2012-01-04,15.517441749572754,15.517441749572754,15.369812561453974,15.369812561453974,2000
2012-01-05,15.632266998291016,15.648670592446852,15.632266998291016,15.640468795368934,2600
2012-01-06,15.632266998291016,15.632266998291016,15.632266998291016,15.632266998291016,0
2012-01-09,15.714278221130371,15.714278221130371,15.640463636110876,15.640463636110876,700
2012-01-10,15.861912727355957,15.861912727355957,15.845509133092692,15.845509133092692,400
2012-01-11,15.82909870147705,15.943922247389219,15.820898472220343,15.943922247389219,1500
2012-01-12,15.952120780944824,15.952120780944824,15.820895239004795,15.820895239004795,300
2012-01-13,15.7634859085083,15.7634859085083,15.697873124165175,15.755284114923889,1000
2012-01-17,15.853705406188965,15.853705406188965,15.820899793426012,15.820899793426012,900
2012-01-18,16.009531021118164,16.009531021118164,16.009531021118164,16.009531021118164,1400
2012-01-19,16.18177032470703,16.280190297555485,16.18177032470703,16.280190297555485,700
2012-01-20,16.2719783782959,16.2719783782959,16.255574798972134,16.255574798972134,4700
2012-01-23,16.32120132446289,16.354008510794525,16.255588516132363,16.255588516132363,2400
2012-01-24,16.444215774536133,16.444215774536133,16.34579740028605,16.34579740028605,2700
2012-01-25,16.575443267822266,16.600048646447462,16.36220291039871,16.36220291039871,3500
2012-01-26,16.395009994506836,16.682066513665383,16.395009994506836,16.682066513665383,4500
2012-01-27,16.64105796813965,16.649258196858753,16.60825079593495,16.60825079593495,2700
2012-01-30,16.477022171020508,16.501627545597383,16.477022171020508,16.501627545597383,3400
2012-01-31,16.296588897705078,16.41961265285127,16.247378144181067,16.41961265285127,10400
2012-02-01,16.698471069335938,16.698471069335938,16.51803472802945,16.51803472802945,400
2012-02-02,16.73948097229004,16.747682767603,16.682069969431815,16.682069969431815,1900
2012-02-03,17.12494659423828,17.12494659423828,16.960915470743934,16.960915470743934,800
2012-02-06,17.010129928588867,17.01833172195786,16.98552454848189,16.993726341850884,1900
2012-02-07,17.059341430664062,17.059341430664062,16.977326614551107,16.977326614551107,900
2012-02-08,17.059341430664062,17.059341430664062,17.059341430664062,17.059341430664062,0
2012-02-09,17.059341430664062,17.059341430664062,17.059341430664062,17.059341430664062,0
2012-02-10,16.91171646118164,16.969127467149402,16.84610365945669,16.84610365945669,2000
2012-02-13,17.026538848876953,17.026538848876953,16.96092604570399,16.96092604570399,2600
2012-02-14,16.887113571166992,16.94452458562466,16.887113571166992,16.887113571166992,4700
2012-02-15,17.1003475189209,17.1003475189209,16.960920164979306,17.051138324686242,900
2012-02-16,17.297182083129883,17.297182083129883,17.124947594420075,17.124947594420075,5900
2012-02-17,17.329994201660156,17.38740676237691,17.288986794051947,17.38740676237691,3900
2012-02-21,17.247974395751953,17.43661091909957,17.247974395751953,17.4120055430548,2600
2012-02-22,17.19056510925293,17.19056510925293,17.18236488001594,17.18236488001594,700
2012-02-23,17.19056510925293,17.19056510925293,17.19056510925293,17.19056510925293,0
2012-02-24,17.297182083129883,17.30538387443337,17.280778500522903,17.30538387443337,6000
2012-02-27,17.3135929107666,17.3135929107666,17.198769348800525,17.198769348800525,1000
2012-02-28,17.354595184326172,17.354595184326172,17.354595184326172,17.354595184326172,600
2012-02-29,17.2725830078125,17.2725830078125,17.165962810650658,17.165962810650658,2800
2012-03-01,17.22337532043457,17.338197321984417,17.22337532043457,17.29718991124017,2300
2012-03-02,17.067535400390625,17.30538263820575,17.067535400390625,17.30538263820575,1100
2012-03-05,17.067535400390625,17.067535400390625,17.067535400390625,17.067535400390625,0
2012-03-06,16.54263687133789,16.608249646875727,16.54263687133789,16.608249646875727,2000
2012-03-07,16.78868293762207,16.796884729396986,16.706668148536572,16.706668148536572,1000
2012-03-08,16.78868293762207,16.78868293762207,16.78868293762207,16.78868293762207,0
2012-03-09,17.239778518676758,17.280785928489077,17.239778518676758,17.280785928489077,4300
2012-03-12,17.12494659423828,17.26437390959088,17.051133605481393,17.26437390959088,7400
2012-03-13,17.43661117553711,17.43661117553711,17.18236187666277,17.18236187666277,2400
2012-03-14,17.51043128967285,17.51043128967285,17.45302029086175,17.45302029086175,1300
2012-03-15,17.51043128967285,17.51043128967285,17.51043128967285,17.51043128967285,0
2012-03-16,17.625255584716797,17.625255584716797,17.600650197305175,17.600650197305175,400
2012-03-19,17.731874465942383,17.789285462847847,17.731874465942383,17.789285462847847,1000
2012-03-20,17.56783676147461,17.56783676147461,17.477618612107864,17.477618612107864,11800
2012-03-21,17.485822677612305,17.584242631929154,17.485822677612305,17.584242631929154,800
2012-03-22,17.2725830078125,17.2725830078125,17.22337380637875,17.264381213518156,1000
2012-03-23,17.42021369934082,17.42021369934082,17.14956072129594,17.29718990283541,5200
2012-03-26,17.69086265563965,17.723669828226853,17.625249874797326,17.723669828226853,16300
2012-03-27,17.674461364746094,17.797486713593454,17.66626113486641,17.74827594832159,10300
2012-03-28,17.5760440826416,17.649858670919848,17.5760440826416,17.649858670919848,2900
2012-03-29,17.395601272583008,17.395601272583008,17.25617550682676,17.387401045223545,3200
2012-03-30,17.461217880249023,17.46941810867648,17.43661250197061,17.46941810867648,2100
2012-04-02,17.5760440826416,17.584245877376116,17.46122208502317,17.46122208502317,2200
2012-04-03,17.453018188476562,17.485823799131555,17.428412807236164,17.428412807236164,1300
2012-04-04,17.22337532043457,17.280786321209494,17.22337532043457,17.256182500495925,1900
2012-04-05,17.19877052307129,17.33819791443139,17.19877052307129,17.33819791443139,3900
2012-04-09,16.94452667236328,16.977333864283803,16.91172104477577,16.91172104477577,2200
2012-04-10,16.52623176574707,16.90350636362454,16.52623176574707,16.895304571895483,1700
2012-04-11,16.706680297851562,16.755889519954813,16.706680297851562,16.755889519954813,1600
2012-04-12,17.083948135375977,17.083948135375977,16.911715131019392,16.911715131019392,3200
2012-04-13,16.75588035583496,17.034735069130537,16.75588035583496,17.034735069130537,2300
2012-04-16,16.747678756713867,16.854298941582964,16.747678756713867,16.854298941582964,1600
2012-04-17,17.108549118041992,17.174161897721657,16.98552378735207,16.98552378735207,1800
2012-04-18,16.985523223876953,17.018330394794475,16.93631403183268,16.977322995479582,1200
2012-04-19,16.870698928833008,16.977320655285958,16.813287951973017,16.95271528048948,3600
2012-04-20,16.928112030029297,17.042935562490467,16.919910237401215,17.042935562490467,1700
2012-04-23,16.723068237304688,16.780479208769954,16.575439131061632,16.780479208769954,2300
2012-04-24,16.747678756713867,16.854298941582964,16.723073376667706,16.723073376667706,3600
2012-04-25,17.026538848876953,17.04294244075335,16.919917066012996,17.04294244075335,1800
2012-04-26,17.16596031188965,17.16596031188965,17.02653295784616,17.02653295784616,2500
2012-04-27,17.297182083129883,17.313585665736863,17.157754759634035,17.313585665736863,3400
2012-04-30,17.239778518676758,17.29718951814697,17.239778518676758,17.29718951814697,1300
2012-05-01,17.354595184326172,17.49402252490561,17.23977322067202,17.23977322067202,6900
2012-05-02,17.215171813964844,17.2233736081648,16.846100460960688,16.846100460960688,5200
2012-05-03,17.157756805419922,17.157756805419922,17.157756805419922,17.157756805419922,500
2012-05-04,16.624652862548828,17.198764244668784,16.624652862548828,17.198764244668784,3000
2012-05-07,16.58364486694336,16.591846659722602,16.518032089041455,16.526233881820698,1800
2012-05-08,16.54263687133789,16.55904045630534,16.312991374789487,16.444216925865156,4700
2012-05-09,16.477022171020508,16.477022171020508,16.411409403147292,16.411409403147292,1300
2012-05-10,16.55084228515625,16.591849692215355,16.51803510804312,16.591849692215355,800
2012-05-11,16.50983238220215,16.550841351279644,16.50983238220215,16.550841351279644,400
2012-05-14,16.354000091552734,16.370402111941846,16.304789337389586,16.304789337389586,1900
2012-05-15,16.312990188598633,16.345797356147976,16.247377417831796,16.345797356147976,5000
2012-05-16,16.083354949951172,16.477031786938408,16.083354949951172,16.304797193048557,1600
2012-05-17,15.779894828796387,16.083355036651167,15.779894828796385,16.083355036651167,1200
2012-05-18,15.574850082397461,15.788092032636053,15.574850082397463,15.779890238665462,2800
2012-05-21,15.730685234069824,15.755289058210439,15.558450643422205,15.558450643422205,1500
2012-05-22,15.861912727355957,16.01774374419127,15.861912727355957,15.943929134339431,2500
2012-05-23,15.66506576538086,15.911113288116875,15.615856573700057,15.820896697424068,32000
2012-05-24,15.78808879852295,15.952121515668946,15.779887006232459,15.927516138797468,3500
2012-05-25,16.02593994140625,16.02593994140625,15.943923563081619,15.984930970077782,3100
2012-05-29,16.206377029418945,16.46062643052156,16.15716782115159,16.46062643052156,1300
2012-05-30,15.902918815612793,16.066951615829627,15.902918815612793,16.066951615829627,800
2012-05-31,15.87830924987793,16.116155003434226,15.87830924987793,16.116155003434226,900
2012-06-01,15.443625450134277,15.5584474440662,15.443625450134277,15.492834652629053,2400
2012-06-04,15.238581657409668,15.443621777430966,15.107356105742594,15.443621777430966,13700
2012-06-05,15.484634399414062,15.484634399414062,15.238586798117607,15.246788593405155,6100
2012-06-06,15.853705406188965,15.853705406188965,15.607657835303746,15.607657835303746,4800
2012-06-07,15.79629898071289,16.083355606017008,15.788097184066173,15.96033022064899,3200
2012-06-08,15.919318199157715,15.927519993433132,15.763487236589398,15.763487236589398,3500
2012-06-11,15.681469917297363,15.984928435347081,15.681469917297365,15.984928435347081,1200
2012-06-12,15.78808879852295,15.796290590813443,15.656863250538924,15.738879609111923,1200
2012-06-13,15.525643348693848,15.763489154286708,15.509239758147446,15.763489154286708,1800
2012-06-14,15.648661613464355,15.648661613464355,15.525637856550574,15.525637856550574,600
2012-06-15,15.747081756591797,15.853701930109258,15.747081756591797,15.747081756591797,38100
2012-06-18,15.771692276000977,15.771692276000977,15.722483064555638,15.722483064555638,700
2012-06-19,16.140758514404297,16.15716209946197,15.99312937754919,16.001331170078025,25500
2012-06-20,16.107959747314453,16.140766934544295,16.0751541244174,16.140766934544295,2400
2012-06-21,15.710253715515137,16.179584945036197,15.710253715515137,16.171350870949453,700
2012-06-22,15.817303657531738,15.817303657531738,15.702029687543455,15.71026376689834,50700
2012-06-25,15.487936973571777,15.891397143035558,15.413831884232625,15.891397143035558,3000
2012-06-26,15.553812980651855,15.553812980651855,15.397370248947393,15.455007210153186,2900
2012-06-27,15.792601585388184,15.792601585388184,15.553818016803712,15.553818016803712,2000
2012-06-28,15.965513229370117,15.965513229370117,15.702028983783295,15.767900045180001,15900
2012-06-29,16.418371200561523,16.418371200561523,16.245458756034804,16.39366897406076,4000
2012-07-02,16.451311111450195,16.533650321886334,16.352505315318677,16.533650321886334,1800
2012-07-03,16.75596046447754,16.772428615498544,16.657153128840832,16.657153128840832,1100
2012-07-05,16.624217987060547,16.772428201613632,16.508942503247432,16.764194126306318,9100
2012-07-06,16.591279983520508,16.665385083193666,16.583045909058033,16.665385083193666,1000
2012-07-09,16.44307518005371,16.599519505200508,16.44307518005371,16.599519505200508,800
2012-07-10,16.179584503173828,16.44306858479772,16.163116355450082,16.44306858479772,4600
2012-07-11,16.080781936645508,16.237224659479537,16.080781936645508,16.204289928010542,3000
2012-07-12,16.080781936645508,16.080781936645508,16.006676827728626,16.006676827728626,900
2012-07-13,16.32779884338379,16.336032919339342,16.29486411005098,16.32779884338379,1400
2012-07-16,16.22075843811035,16.32779828086605,16.187822135422845,16.32779828086605,1800
2012-07-17,16.22075843811035,16.237225018964754,16.22075843811035,16.237225018964754,300
2012-07-18,16.32779884338379,16.32779884338379,16.32779884338379,16.32779884338379,300
2012-07-19,16.517175674438477,16.63245115194165,16.426603991994295,16.63245115194165,1300
2012-07-20,16.27838897705078,16.443065714070983,16.270154904626462,16.443065714070983,55400
2012-07-23,16.047849655151367,16.047849655151367,15.99844676032632,16.023147422493988,1600
2012-07-24,15.677318572998047,16.04784247411974,15.677318572998047,16.04784247411974,1400
2012-07-25,15.677318572998047,15.677318572998047,15.677318572998047,15.677318572998047,400
2012-07-26,15.990211486816406,16.0890188395661,15.9819774098798,16.0890188395661,800
2012-07-27,16.377195358276367,16.377195358276367,16.047840300612783,16.047840300612783,2000
2012-07-30,16.368967056274414,16.476008469307185,16.261927213730992,16.368967056274414,4500
2012-07-31,16.319568634033203,16.410141920514466,16.319568634033203,16.410141920514466,300
2012-08-01,16.163124084472656,16.319568421680128,16.163124084472656,16.319568421680128,1300
2012-08-02,15.842005729675293,15.874942046749874,15.759666507478874,15.800836903822102,2500
2012-08-03,16.228994369506836,16.327801727939903,16.228994369506836,16.245462524327294,2200
2012-08-06,16.426605224609375,16.434837729594523,16.212523973741256,16.212523973741256,3300
2012-08-07,16.57481575012207,16.665389020116617,16.410138933437747,16.410138933437747,4300
2012-08-08,16.599515914916992,16.599515914916992,16.541878957721128,16.541878957721128,2300
2012-08-09,16.706558227539062,16.706558227539062,16.59128273642646,16.59128273642646,2400
2012-08-10,16.67362403869629,16.67362403869629,16.615987071075423,16.615987071075423,1300
2012-08-13,16.64891815185547,16.64891815185547,16.476007286965345,16.476007286965345,1900
2012-08-14,16.61598777770996,16.657156593335785,16.61598777770996,16.657156593335785,500
2012-08-15,16.591279983520508,16.681853232118616,16.50070830541152,16.574811834595558,2800
2012-08-16,16.764196395874023,16.764196395874023,16.58304985556773,16.58304985556773,2000
2012-08-17,16.945348739624023,16.945348739624023,16.846541350051822,16.90417991008821,1600
2012-08-20,16.945348739624023,16.945348739624023,16.945348739624023,16.945348739624023,0
2012-08-21,16.978281021118164,17.06885273865121,16.978281021118164,17.06885273865121,600
2012-08-22,16.863000869750977,16.912405324468175,16.854766793964775,16.912405324468175,500
2012-08-23,16.64891815185547,16.83829873736415,16.64891815185547,16.83829873736415,500
2012-08-24,16.657154083251953,16.657154083251953,16.48424319909203,16.64892000726966,500
2012-08-27,16.657154083251953,16.657154083251953,16.657154083251953,16.657154083251953,700
2012-08-28,16.698326110839844,16.698326110839844,16.59128468299733,16.59128468299733,2000
2012-08-29,16.731260299682617,16.731260299682617,16.55834940412281,16.698325564071492,3500
2012-08-30,16.566585540771484,16.67362540793038,16.550117385673282,16.67362540793038,1800
2012-08-31,16.67362403869629,16.67362403869629,16.56658418032748,16.56658418032748,1000
2012-09-04,16.558347702026367,16.68185569622887,16.459540364370756,16.68185569622887,1200
2012-09-05,16.780662536621094,16.846533575774572,16.780662536621094,16.805364765237194,1500
2012-09-06,17.142953872680664,17.142953872680664,16.928872604864136,16.928872604864136,2400
2012-09-07,17.422903060913086,17.422903060913086,17.422903060913086,17.422903060913086,200
2012-09-10,17.38174057006836,17.38174057006836,17.274699131201572,17.274699131201572,1000
2012-09-11,17.389968872070312,17.389968872070312,17.282927468754636,17.282927468754636,1100
2012-09-12,17.431135177612305,17.480538049490296,17.431135177612305,17.447603325067963,1200
2012-09-13,17.661684036254883,17.75225570374835,17.431134689794643,17.431134689794643,9800
2012-09-14,17.982807159423828,18.007509382813353,17.883999836354853,17.90870205974438,7200
2012-09-17,17.776962280273438,17.916938423050762,17.678154944582076,17.916938423050762,2200
2012-09-18,17.554645538330078,17.719323894383244,17.554645538330078,17.719323894383244,400
2012-09-19,17.653451919555664,17.653451919555664,17.636983770735462,17.636983770735462,1500
2012-09-20,17.546409606933594,17.546409606933594,17.480538585579826,17.497006733540527,1000
2012-09-21,17.604045867919922,17.653450309875726,17.546408922793784,17.546408922793784,1900
2012-09-24,17.497011184692383,17.595818527103642,17.43937422265641,17.447608298731467,2900
2012-09-25,17.08531951904297,17.39820660717143,17.08531951904297,17.39820660717143,14900
2012-09-26,17.011219024658203,17.085324170797257,16.920645719268226,17.085324170797257,2700
2012-09-27,17.167654037475586,17.22529099294246,17.077080781462357,17.077080781462357,6500
2012-09-28,17.13471221923828,17.13471221923828,16.978269553488243,16.978269553488243,5300
2012-10-01,17.08531951904297,17.08531951904297,17.08531951904297,17.08531951904297,200
2012-10-02,17.052377700805664,17.093548074423747,16.945337870376996,17.08531399970013,2500
2012-10-03,17.019445419311523,17.035913571126407,16.96180845844883,17.035913571126407,900
2012-10-04,17.200590133666992,17.200590133666992,17.019445177742583,17.110018440949474,2100
2012-10-05,17.365264892578125,17.365264892578125,17.365264892578125,17.365264892578125,200
2012-10-08,17.26646614074707,17.26646614074707,17.26646614074707,17.26646614074707,200
2012-10-09,16.99473762512207,17.249989183179316,16.99473762512207,17.249989183179316,2100
2012-10-10,16.9041690826416,16.9041690826416,16.9041690826416,16.9041690826416,900
2012-10-11,17.077083587646484,17.077083587646484,17.077083587646484,17.077083587646484,200
2012-10-12,17.077083587646484,17.077083587646484,17.077083587646484,17.077083587646484,0
2012-10-15,17.019445419311523,17.077082380174218,17.019445419311523,17.077082380174218,300
2012-10-16,17.299396514892578,17.38996977308493,17.134718149177264,17.134718149177264,1600
2012-10-17,17.299396514892578,17.299396514892578,17.299396514892578,17.299396514892578,0
2012-10-18,17.299396514892578,17.299396514892578,17.299396514892578,17.299396514892578,0
2012-10-19,17.15119171142578,17.175893945223965,17.15119171142578,17.175893945223965,800
2012-10-22,17.052377700805664,17.15118502699989,17.01944297240037,17.15118502699989,2100
2012-10-23,16.895936965942383,16.895936965942383,16.805363703892965,16.88770289025704,3500
2012-10-24,16.98651123046875,17.241762903909578,16.961810570160637,17.011213461266454,1600
2012-10-25,16.937101364135742,17.282924600434825,16.928867290594223,17.282924600434825,3000
2012-10-26,17.002973556518555,17.068844578912035,16.961804756456026,16.97827290467666,1000
2012-10-31,16.945348739624023,16.994751649165035,16.91241399009341,16.91241399009341,3000
2012-11-01,17.447607040405273,17.505243998284453,16.94533942947646,16.94533942947646,1900
2012-11-02,17.11001968383789,17.447608963327184,17.11001968383789,17.447608963327184,3200
2012-11-05,17.192352294921875,17.217054516886915,17.192352294921875,17.192352294921875,500
2012-11-06,17.46407127380371,17.46407127380371,17.46407127380371,17.46407127380371,200
2012-11-07,17.019445419311523,17.16765564466668,16.98650911568176,17.16765564466668,2100
2012-11-08,16.871232986450195,17.01120911758282,16.871232986450195,16.986506893092642,700
2012-11-09,16.863000869750977,16.863000869750977,16.863000869750977,16.863000869750977,300
2012-11-12,16.854764938354492,16.8877012378732,16.755959180776774,16.8877012378732,2100
2012-11-13,16.739490509033203,16.846530338152796,16.58304623217612,16.58304623217612,4700
2012-11-14,16.45954132080078,16.73949362818822,16.45954132080078,16.73949362818822,400
2012-11-15,16.27838897705078,16.4512997864953,16.27838897705078,16.4512997864953,1700
2012-11-16,16.44307518005371,16.44307518005371,16.220761378569946,16.360737549387686,2100
2012-11-19,16.632461547851562,16.71479920690326,16.393677939229143,16.393677939229143,600
2012-11-20,16.68185806274414,16.68185806274414,16.68185806274414,16.68185806274414,1600
2012-11-21,16.830068588256836,16.830068588256836,16.830068588256836,16.830068588256836,300
2012-11-23,16.99473762512207,16.99473762512207,16.99473762512207,16.99473762512207,200
2012-11-26,17.027685165405273,17.093556224110344,17.027685165405273,17.093556224110344,600
2012-11-27,17.11001968383789,17.134720342514505,17.060615225505686,17.11001968383789,3400
2012-11-28,17.101789474487305,17.101789474487305,17.027684340721912,17.027684340721912,1000
2012-11-29,17.348798751831055,17.381735051946112,17.28292772209017,17.381735051946112,800
2012-11-30,17.291166305541992,17.422908399373615,17.291166305541992,17.422908399373615,600
2012-12-03,17.291166305541992,17.291166305541992,17.291166305541992,17.291166305541992,0
2012-12-04,17.291166305541992,17.291166305541992,17.291166305541992,17.291166305541992,0
2012-12-05,17.538175582885742,17.538175582885742,17.373498814276992,17.373498814276992,1100
2012-12-06,17.538175582885742,17.538175582885742,17.538175582885742,17.538175582885742,0
2012-12-07,17.40644073486328,17.521716248077194,17.373505995723367,17.40644073486328,1800
2012-12-10,17.554645538330078,17.57934776288481,17.53817738862692,17.53817738862692,2000
2012-12-11,17.719335556030273,17.776972547434823,17.562891171867758,17.562891171867758,17600
2012-12-12,17.80990219116211,17.80990219116211,17.80166968374227,17.80166968374227,700
2012-12-13,17.562885284423828,17.768732510715946,17.562885284423828,17.768732510715946,2000
2012-12-14,17.604045867919922,17.604045867919922,17.562877070112386,17.59581336474959,1700
2012-12-17,17.78519630432129,17.78519630432129,17.604049784492886,17.636986086457803,1800
2012-12-18,18.081615447998047,18.081615447998047,17.785196578195833,17.8510676126507,1300
2012-12-19,18.19689178466797,18.320399783718752,18.19689178466797,18.320399783718752,700
2012-12-20,18.221593856811523,18.221593856811523,18.15572281417127,18.15572281417127,700
2012-12-21,17.985383987426758,18.15943532560455,17.985383987426758,18.15943532560455,300
2012-12-24,17.960514068603516,17.985379216396193,17.960514068603516,17.985379216396193,500
2012-12-26,17.952226638793945,17.952226638793945,17.952226638793945,17.952226638793945,400
2012-12-27,17.728445053100586,17.728445053100586,17.5461053686772,17.66213956959686,2400
2012-12-28,17.720149993896484,17.745015133660093,17.645557736299317,17.6787096751373,1800
2012-12-31,17.885923385620117,17.885923385620117,17.5295307748065,17.5295307748065,2700
2013-01-02,18.47437858581543,18.47437858581543,18.308614132686966,18.408071539886457,1900
2013-01-03,18.408077239990234,18.59041851106334,18.39979043753007,18.39979043753007,4700
2013-01-04,18.515819549560547,18.598701778993576,18.515819549560547,18.582125016937564,2400
2013-01-07,18.507539749145508,18.55726847752214,18.45781102076888,18.55726847752214,2200
2013-01-08,18.358348846435547,18.5324017372865,18.325196893464774,18.5324017372865,5800
2013-01-09,18.391504287719727,18.482673353480543,18.391504287719727,18.482673353480543,700
2013-01-10,18.557266235351562,18.557266235351562,18.416366871268714,18.49924912911408,3800
2013-01-11,18.507539749145508,18.55726847752214,18.45781102076888,18.45781102076888,2400
2013-01-14,18.408077239990234,18.515824642142064,18.39979043753007,18.515824642142064,22300
2013-01-15,18.656726837158203,18.656726837158203,18.441233580893233,18.441233580893233,2100
2013-01-16,18.631855010986328,18.656720155790218,18.573837920624396,18.656720155790218,3600
2013-01-17,18.69817352294922,18.805920978061398,18.6318680047449,18.6318680047449,2300
2013-01-18,18.77276039123535,18.80591392833345,18.77276039123535,18.797625544058928,10400
2013-01-22,18.946809768676758,19.013115249669653,18.830773991303666,18.888792670413892,2800
2013-01-23,18.988252639770508,19.04626974578892,18.9136587660761,19.04626974578892,6700
2013-01-24,19.178884506225586,19.195461277169354,18.979967997444046,19.10429061782652,2800
2013-01-25,19.22861099243164,19.26176294687382,19.14572873505483,19.245186179228945,5500
2013-01-28,19.294912338256836,19.294912338256836,19.18716495255327,19.236893663960252,1700
2013-01-29,19.294912338256836,19.294912338256836,19.294912338256836,19.294912338256836,200
2013-01-30,19.1291446685791,19.29490912008438,19.11256790725918,19.286620739424418,9600
2013-01-31,19.27005386352539,19.535275857313536,19.120866096807614,19.120866096807614,2300
2013-02-01,19.41094970703125,19.45239004318883,19.270050350908985,19.377796173427193,755500
2013-02-04,19.178884506225586,19.31978389755183,19.12915577424217,19.31978389755183,8700
2013-02-05,19.311492919921875,19.361223226077936,19.245187425894798,19.245187425894798,22500
2013-02-06,19.394378662109375,19.435820591340967,19.253479264417873,19.29492119364947,119200
2013-02-07,19.4523868560791,19.54355747770523,19.419234908754202,19.54355747770523,5600
2013-02-08,19.626449584960938,19.626449584960938,19.543567303706766,19.543567303706766,11400
2013-02-11,19.593286514282227,19.667880373060235,19.543557802045974,19.667880373060235,4000
2013-02-12,19.709320068359375,19.742472012507715,19.63472621796676,19.63472621796676,14800
2013-02-13,19.817066192626953,20.02427098475467,19.775625866540253,20.02427098475467,14300
2013-02-14,19.90824317932129,19.93310675059287,19.8004957676524,19.8004957676524,4500
2013-02-15,19.833648681640625,20.01598838225197,19.817071914081165,20.01598838225197,8200
2013-02-19,20.040851593017578,20.074003544078796,19.991122876002045,19.991122876002045,18500
2013-02-20,19.742477416992188,20.03256451672486,19.725900649956603,20.03256451672486,3800
2013-02-21,19.535280227661133,19.899961341128588,19.518703454128943,19.899961341128588,30400
2013-02-22,19.717615127563477,19.717615127563477,19.626444483795506,19.626444483795506,9600
2013-02-25,19.303211212158203,19.709332667889754,19.303211212158203,19.709332667889754,11900
2013-02-26,19.36121368408203,19.36121368408203,19.236889560811548,19.303196603007482,11200
2013-02-27,19.618152618408203,19.65130456790147,19.518693608233733,19.518693608233733,4600
2013-02-28,19.618152618408203,19.709323245997524,19.59328747065275,19.59328747065275,9700
2013-03-01,19.41923713684082,19.5021193859335,19.369508419724177,19.41094875384681,13300
2013-03-04,19.4523868560791,19.460675238122132,19.410946526711168,19.460675238122132,6300
2013-03-05,19.667882919311523,19.725900021239394,19.55184871545578,19.55184871545578,13800
2013-03-06,19.734180450439453,19.759045590178175,19.717605271460464,19.74246883035236,11400
2013-03-07,19.899953842163086,19.899953842163086,19.767342865574086,19.767342865574086,19700
2013-03-08,20.09886932373047,20.09886932373047,19.991123503341086,20.032563838679895,8700
2013-03-11,20.14859962463379,20.156888008521953,20.03256541189465,20.03256541189465,6900
2013-03-12,20.156888961791992,20.206617686625194,20.09887185267865,20.10716023695879,15100
2013-03-13,20.26463508605957,20.281210272716628,20.15688767812712,20.15688767812712,11300
2013-03-14,20.438682556152344,20.438682556152344,20.281206456187544,20.281206456187544,9700
2013-03-15,20.471839904785156,20.496703475155,20.347515729545698,20.347515729545698,9400
2013-03-18,20.347511291503906,20.47183543962674,20.33922449041978,20.33922449041978,7000
2013-03-19,20.289501190185547,20.52985960647535,20.165178580070855,20.430400569874937,19200
2013-03-20,20.480127334594727,20.488415718587575,20.37238150438288,20.37238150438288,14000
2013-03-21,20.289186477661133,20.430314267095422,20.289186477661133,20.30578853616306,14200
2013-03-22,20.272584915161133,20.372205193443246,20.272584915161133,20.372205193443246,7600
2013-03-25,20.297496795654297,20.380511873147455,20.197876485886955,20.380511873147455,19200
2013-03-26,20.413711547851562,20.413711547851562,20.330694917947913,20.38880608385731,6200
2013-03-27,20.52163314819336,20.529934969965666,20.23937754157734,20.33069599766211,7200
2013-03-28,20.588045120239258,20.588045120239258,20.513330311396082,20.521632132757603,11700
2013-04-01,20.272584915161133,20.58804622680172,20.272584915161133,20.58804622680172,12300
2013-04-02,20.14806365966797,20.413715662172578,20.14806365966797,20.413715662172578,15800
2013-04-03,19.915611267089844,20.231074111019215,19.899007626165066,20.231074111019215,15500
2013-04-04,19.99863624572754,20.015239893590977,19.874112053573782,19.89071411802621,23600
2013-04-05,19.99863624572754,19.99863624572754,19.691475093898,19.691475093898,12400
2013-04-08,20.12315559387207,20.12315559387207,19.95712390543758,20.015235075560184,8600
2013-04-09,20.189573287963867,20.2310824072977,20.073350920651137,20.197875111830633,7700
2013-04-10,20.463525772094727,20.463525772094727,20.181270113162864,20.181270113162864,17800
2013-04-11,20.52163314819336,20.579745900599505,20.438618097291496,20.438618097291496,15000
2013-04-12,20.397109985351562,20.43861909624188,20.28088764168003,20.43861909624188,6200
2013-04-15,19.741283416748047,20.31409494129433,19.7163779482592,20.31409494129433,5000
2013-04-16,19.957120895385742,19.957120895385742,19.74958012858719,19.774484007220366,8500
2013-04-17,19.616756439208984,19.67486919540659,19.459026565476165,19.666567373092647,57300
2013-04-18,19.48392677307129,19.608452500876087,19.42581561124793,19.600150680128404,38800
2013-04-19,19.66657066345215,19.699776374852778,19.483933708810316,19.483933708810316,10600
2013-04-22,19.674867630004883,19.724676976514836,19.425817730633973,19.69146968990115,5100
2013-04-23,19.957120895385742,19.998628415381297,19.857500630621864,19.932215433342176,13700
2013-04-24,20.114852905273438,20.114852905273438,19.973725105308883,19.973725105308883,17700
2013-04-25,20.156362533569336,20.222775524478518,20.048440433710287,20.048440433710287,12100
2013-04-26,20.006933212280273,20.04844073845046,19.965424102699462,20.04844073845046,5500
2013-04-29,20.197874069213867,20.247683426432303,20.164668358871886,20.247683426432303,17100
2013-04-30,20.347301483154297,20.347301483154297,20.197871844546803,20.231079134642133,3400
2013-05-01,19.965421676635742,20.305788416786193,19.965421676635742,20.305788416786193,853600
2013-05-02,20.156362533569336,20.17296459373868,20.031836790130342,20.05674225550026,5200
2013-05-03,20.44692611694336,20.44692611694336,20.43862587542291,20.43862587542291,500
2013-05-06,20.496728897094727,20.5133309569297,20.446917967358097,20.496728897094727,36200
2013-05-07,20.695966720581055,20.704268541744437,20.596346450030932,20.604648271194318,26400
2013-05-08,20.720876693725586,20.778989458957586,20.68767098271825,20.70427462992739,5400
2013-05-09,20.778989791870117,20.853704622097364,20.72087702570706,20.803893679671884,2400
2013-05-10,20.86200523376465,20.87860888153535,20.745782866191735,20.812195873863544,8800
2013-05-13,20.75408935546875,20.828804203821345,20.745787529717198,20.78729665847495,5100
2013-05-14,20.93671417236328,20.945015993911955,20.837095480600276,20.837095480600276,2900
2013-05-15,21.06954002380371,21.086143666801362,20.92841222514476,20.92841222514476,11100
2013-05-16,20.978219985961914,21.12764958355251,20.928409064491508,21.028029324022008,5500
2013-05-17,21.17746353149414,21.17746353149414,21.069541428226238,21.077843250278434,2000
2013-05-20,21.285385131835938,21.301988776783162,21.177464606500443,21.177464606500443,1600
2013-05-21,21.3767032623291,21.393306907017443,21.27708297760977,21.31029026698645,53300
2013-05-22,21.06123924255371,21.468018985042203,20.98652443440169,21.468018985042203,13600
2013-05-23,20.978219985961914,20.978219985961914,20.837092208616383,20.878599726431414,6300
2013-05-24,20.98653221130371,20.994834035664812,20.920119199825994,20.961626738220406,11900
2013-05-28,21.185768127441406,21.409912601966443,21.12765694887807,21.409912601966443,5100
2013-05-29,21.152555465698242,21.16085728673015,20.99482561632339,21.12765158601298,4500
2013-05-30,21.318593978881836,21.318593978881836,21.227275508412756,21.227275508412756,6100
2013-05-31,21.3684024810791,21.38500612657639,21.235576483922355,21.235576483922355,3900
2013-06-03,21.11104965209961,21.194066285725313,20.994827315069976,21.169160820614426,6900
2013-06-04,20.978219985961914,21.23557007991777,20.978219985961914,21.135949820387268,4000
2013-06-05,20.778989791870117,20.953323340126374,20.778989791870117,20.953323340126374,2500
2013-06-06,20.86200523376465,20.903514353191404,20.57975113871772,20.712577154061336,11100
2013-06-07,21.102746963500977,21.127652427588753,20.986524631245725,21.127652427588753,9800
2013-06-10,21.16916275024414,21.227273924055957,21.119353398892688,21.119353398892688,2100
2013-06-11,20.95331382751465,21.061235903696584,20.928408367608757,21.061235903696584,17400
2013-06-12,20.74578285217285,20.81219585979978,20.712577140064887,20.803894035920038,2000
2013-06-13,21.144254684448242,21.144254684448242,20.745776755784064,20.745776755784064,10600
2013-06-14,20.95331382751465,21.135949116593743,20.93671018757739,21.069536140254957,18000
2013-06-17,21.135957717895508,21.16086318793671,20.986529647881014,20.986529647881014,1100
2013-06-18,21.260480880737305,21.260480880737305,21.144256951524216,21.18576606317557,2000
2013-06-19,21.052940368652344,21.293686885971535,21.052940368652344,21.293686885971535,1700
2013-06-20,20.496728897094727,20.837095666575518,20.480125253849184,20.837095666575518,10800
2013-06-21,20.457611083984375,20.549163147147844,20.33276837169133,20.532517028852446,2900
2013-06-24,20.299480438232422,20.366063338067196,20.149668516738796,20.28283590386989,5700
2013-06-25,20.399351119995117,20.399351119995117,20.324445175631638,20.349414352906532,2400
2013-06-26,20.540843963623047,20.798852496037593,20.515874781468796,20.798852496037593,2400
2013-06-27,20.81549644470215,20.832142564400755,20.70729825412256,20.70729825412256,900
2013-06-28,20.798852920532227,20.873758881062265,20.757239203554004,20.790529859644273,7900
2013-07-01,21.031885147094727,21.106791076582667,21.023562089655968,21.023562089655968,2200
2013-07-02,20.94866371154785,21.148412399698955,20.89040387593646,21.140089339259976,5100
2013-07-03,20.99860191345215,21.00692497445663,20.9153728908689,20.9153728908689,2200
2013-07-05,21.314868927001953,21.314868927001953,21.098474133267867,21.214993796254934,3400
2013-07-08,21.381454467773438,21.389777528655465,21.381454467773438,21.389777528655465,1700
2013-07-09,21.606170654296875,21.606170654296875,21.45636032155,21.489650977451017,7300
2013-07-10,21.664424896240234,21.70603859918275,21.564549786732783,21.647778780078824,6000
2013-07-11,21.864177703857422,22.14715538280616,21.772625634944205,22.14715538280616,6200
2013-07-12,21.88914680480957,22.122187729266873,21.68939812132963,22.122187729266873,9400
2013-07-15,22.00567054748535,22.03063814357838,21.930764584283068,21.939087645467943,9500
2013-07-16,21.87250518798828,22.047284714038106,21.87250518798828,22.047284714038106,1500
2013-07-17,21.939077377319336,22.030627832581402,21.914108205451033,21.980691076305654,2100
2013-07-18,22.19709014892578,22.19709014892578,22.088893557903425,22.088893557903425,2700
2013-07-19,22.163795471191406,22.163795471191406,22.097212594638254,22.13050482664533,4700
2013-07-22,22.27199363708496,22.30528428163004,22.222056876536843,22.222056876536843,7600
2013-07-23,22.288646697998047,22.31361429232125,22.28032363740315,22.296969758592944,3700
2013-07-24,22.130510330200195,22.388518842574225,22.130510330200195,22.388518842574225,3100
2013-07-25,22.1721248626709,22.188770983429407,22.088897433801247,22.088897433801247,7500
2013-07-26,22.205413818359375,22.205413818359375,22.0722480469193,22.17212158176875,18500
2013-07-29,22.0805721282959,22.17212260823606,22.03895683063102,22.10553971943354,5700
2013-07-30,22.097209930419922,22.097209930419922,22.013982535358796,22.097209930419922,4000
2013-07-31,22.205413818359375,22.305287353208826,22.13050787349168,22.13050787349168,3700
2013-08-01,22.671491622924805,22.696460797729525,22.613231802508167,22.63820097731289,3100
2013-08-02,22.538331985473633,22.554978106530097,22.463426028181015,22.546655046001863,5400
2013-08-05,22.505033493041992,22.596583952045513,22.480064320153254,22.596583952045513,6500
2013-08-06,22.321935653686523,22.446778378183513,22.27199888138,22.446778378183513,2900
2013-08-07,22.21373748779297,22.255351197213304,22.0888947720707,22.09721624398576,7400
2013-08-08,22.330259323120117,22.355228503685563,22.2553533688852,22.355228503685563,3200
2013-08-09,22.288646697998047,22.31361429232125,22.28032363740315,22.305291231726354,5900
2013-08-12,22.288646697998047,22.305291231726354,22.130511721617967,22.130511721617967,2500
2013-08-13,22.330259323120117,22.371873036601112,22.205416595215727,22.363551563874044,4300
2013-08-14,22.25535011291504,22.305286879278736,22.2303809360026,22.305286879278736,1300
2013-08-15,21.922441482543945,22.04728422516294,21.82256633597179,21.997347445607662,59900
2013-08-16,21.880823135375977,21.91411378554982,21.81423866010576,21.897467666732265,2700
2013-08-19,21.689401626586914,21.82256743709467,21.639464844511927,21.82256743709467,2400
2013-08-20,21.880823135375977,21.897467666732265,21.68939594389664,21.68939594389664,3300
2013-08-21,21.664424896240234,21.830881295471304,21.664424896240234,21.75597536020597,1800
2013-08-22,21.880823135375977,22.02231038294139,21.68107288448786,21.68107288448786,2200
2013-08-23,21.905797958374023,21.905797958374023,21.880830359365866,21.880830359365866,2500
2013-08-26,22.0306339263916,22.0306339263916,22.005666335077965,22.005666335077965,2400
2013-08-27,21.581207275390625,21.780956012204697,21.564561150457322,21.780956012204697,4300
2013-08-28,21.597841262817383,21.61448579093498,21.464675513110855,21.489643099017734,3000
2013-08-29,21.706043243408203,21.73933548285423,21.547908280962265,21.547908280962265,900
2013-08-30,21.647785186767578,21.6810758414818,21.647785186767578,21.6810758414818,1100
2013-09-03,21.214996337890625,21.64778597720861,21.173382621113007,21.64778597720861,3800
2013-09-04,21.464675903320312,21.48964348968108,21.289894861490033,21.289894861490033,9800
2013-09-05,21.606170654296875,21.614493715137513,21.539587755033306,21.547910815873944,4100
2013-09-06,21.581207275390625,21.63114406272868,21.564561150457322,21.60617487532873,12200
2013-09-09,21.839210510253906,21.839210510253906,21.780950674725926,21.780950674725926,3100
2013-09-10,22.00567054748535,22.03063814357838,21.939087645467943,21.96405524156097,3300
2013-09-11,22.105545043945312,22.105545043945312,21.98070229580266,22.013994541953593,4800
2013-09-12,21.989017486572266,22.09721407291147,21.989017486572266,22.04727730902115,12200
2013-09-13,22.130510330200195,22.321935949462816,22.047281316945586,22.063927437088786,2900
2013-09-16,22.27199363708496,22.546648201291102,22.255347521081923,22.546648201291102,4100
2013-09-17,22.371870040893555,22.371870040893555,22.188767503649572,22.188767503649572,6900
2013-09-18,22.579940795898438,22.58826385461876,22.280318619272588,22.37186909027384,6600
2013-09-19,22.51336097717285,22.62988222765219,22.480070325222577,22.596589988240567,7300
2013-09-20,22.398283004760742,22.60675547772979,22.38994391497973,22.556720939043725,13100
2013-09-23,22.373271942138672,22.38161103423309,22.36493285004426,22.36493285004426,1300
2013-09-24,22.42329978942871,22.47333433058232,22.306555707774606,22.33991206854368,11200
2013-09-25,22.4316349029541,22.54838055443043,22.406619227330886,22.406619227330886,2700
2013-09-26,22.48167610168457,22.51503246879122,22.43164314154372,22.43164314154372,4400
2013-09-27,22.45665740966797,22.45665740966797,22.45665740966797,22.45665740966797,900
2013-09-30,22.439977645874023,22.481671505714655,22.223166075561377,22.231505165633262,17300
2013-10-01,22.756860733032227,22.773537325607883,22.414964341666394,22.414964341666394,7800
2013-10-02,22.665124893188477,22.715157835566693,22.523363564351403,22.573396506729615,3000
2013-10-03,22.556720733642578,22.61509436157811,22.41495938969375,22.61509436157811,4000
2013-10-04,22.698484420776367,22.715162601908222,22.548385562146354,22.565062152759314,68900
2013-10-07,22.49835205078125,22.53170841457506,22.473336368454856,22.515030232678157,33500
2013-10-08,22.273197174072266,22.4566539593668,22.223164228318605,22.448314869988078,17200
2013-10-09,22.164796829223633,22.281540923906846,22.098085690759085,22.23984705881113,36100
2013-10-10,22.606752395629883,22.606752395629883,22.24817953652628,22.24817953652628,5200
2013-10-11,22.798555374145508,22.798555374145508,22.573404666281043,22.573404666281043,3800
2013-10-14,22.89861297607422,22.89861297607422,22.76519073629736,22.798547091500854,2600
2013-10-15,22.765193939208984,22.923633467679853,22.765193939208984,22.9069552877316,6400
2013-10-16,22.915300369262695,22.98201151597959,22.8485892225458,22.8485892225458,3000
2013-10-17,23.148784637451172,23.15712372760975,22.91529488456739,22.91529488456739,5900
2013-10-18,23.42397117614746,23.42397117614746,23.182142302901866,23.182142302901866,15200
2013-10-21,23.382278442382812,23.423972309882263,23.35726116757169,23.423972309882263,4600
2013-10-22,23.55739402770996,23.56573311911303,23.490682887004464,23.532376753500753,18500
2013-10-23,23.457321166992188,23.53237138196969,23.39894913101384,23.53237138196969,3200
2013-10-24,23.524036407470703,23.524036407470703,23.440648678925513,23.46566436128148,7400
2013-10-25,23.540719985961914,23.599092045532597,23.474008833521232,23.50736520500124,4000
2013-10-28,23.640783309936523,23.640783309936523,23.348921473415025,23.348921473415025,3500
2013-10-29,23.749183654785156,23.799218193293992,23.582406631311922,23.699150706795063,10400
2013-10-30,23.632444381713867,23.765866663813046,23.60742710737562,23.7408493894748,13900
2013-10-31,23.507356643676758,23.54905050232263,23.423967335866262,23.532372322656776,5900
2013-11-01,23.474002838134766,23.540713973537066,23.307225794888478,23.540713973537066,5000
2013-11-04,23.707494735717773,23.715833827206595,23.53237699549065,23.540716086979472,4800
2013-11-05,23.649120330810547,23.674136012266853,23.590748286720615,23.632442149493734,3900
2013-11-06,23.640783309936523,23.73251013417198,23.599087852993993,23.599087852993993,5500
2013-11-07,23.382278442382812,23.774206204642546,23.382278442382812,23.774206204642546,6300
2013-11-08,23.540719985961914,23.540719985961914,23.37394290011987,23.382281992989874,2200
2013-11-11,23.807558059692383,23.807558059692383,23.624102838475405,23.624102838475405,2600
2013-11-12,23.69915199279785,23.774202214114865,23.69915199279785,23.774202214114865,1900
2013-11-13,24.02436637878418,24.02436637878418,23.67413257458258,23.67413257458258,2200
2013-11-14,23.98267364501953,24.032706593528573,23.98267364501953,24.032706593528573,1300
2013-11-15,24.091081619262695,24.14111616449497,24.01603139193324,24.03270957367733,8600
2013-11-18,23.957653045654297,24.20782093446641,23.957653045654297,24.20782093446641,4600
2013-11-19,23.857585906982422,24.007686314266596,23.790874791580396,23.94931269658618,6600
2013-11-20,23.790874481201172,23.97432964853375,23.790874481201172,23.865924683864144,2400
2013-11-21,24.082740783691406,24.091079873959316,23.882607388818045,23.91596374988969,6500
2013-11-22,24.141111373901367,24.149448872599955,24.00768912746303,24.00768912746303,500
2013-11-25,24.041044235229492,24.17446648356261,24.016026967222537,24.166127394226958,9100
2013-11-26,24.06606674194336,24.082743333726167,23.965999238651474,23.965999238651474,2200
2013-11-27,24.02436637878418,24.0910775038455,24.02436637878418,24.082738414398,4700
2013-11-29,24.082740783691406,24.091079873959316,24.082740783691406,24.091079873959316,400
2013-12-02,24.007692337036133,24.057725288509726,23.84925280176444,23.907624843570105,1100
2013-12-03,23.874271392822266,23.874271392822266,23.79922275172191,23.79922275172191,400
2013-12-04,23.890954971313477,23.899294064545582,23.76587175387067,23.815904722743912,1900
2013-12-05,23.73250961303711,23.832577116982776,23.724172112350736,23.749187795447888,3500
2013-12-06,23.99935531616211,24.1244385008914,23.99935531616211,24.1244385008914,4600
2013-12-09,23.99101448059082,24.12443674666939,23.99101448059082,24.00769266148036,3100
2013-12-10,23.974332809448242,24.09107687764133,23.94097645252528,24.007689166371204,6500
2013-12-11,23.549047470092773,23.98267054245804,23.549047470092773,23.98267054245804,4800
2013-12-12,23.582414627075195,23.59075371965409,23.532380071601835,23.56573644191741,4300
2013-12-13,23.65746307373047,23.674139667102917,23.532378285062574,23.54905646895418,7000
2013-12-16,23.865934371948242,23.89928914749484,23.749188681237452,23.77420595578671,4600
2013-12-17,23.73250961303711,23.815898934571994,23.73250961303711,23.815898934571994,2700
2013-12-18,24.17060089111328,24.17060089111328,23.786012363276907,23.95322414268471,13300
2013-12-19,24.011754989624023,24.153885918516128,23.9866740928383,24.153885918516128,10300
2013-12-20,24.346179962158203,24.346179962158203,23.9950330821143,24.036835636659788,4300
2013-12-23,24.471588134765625,24.488309793708048,24.40470309366109,24.413063923132302,6100
2013-12-24,24.647157669067383,25.3160095906367,24.538470088944788,24.538470088944788,6500
2013-12-26,24.663877487182617,24.772565059202414,24.638795003794275,24.772565059202414,5600
2013-12-27,24.73912811279297,24.73912811279297,24.680603901600584,24.688964731008802,3300
2013-12-30,24.705686569213867,24.755851549265408,24.596998968432732,24.73912988924823,19900
2013-12-31,24.780935287475586,24.822739442314276,24.67224767422589,24.67224767422589,21400
2014-01-02,24.421428680419922,24.722412230785103,24.39634778099984,24.722412230785103,5700
2014-01-03,24.488309860229492,24.588636624826243,24.47994903073557,24.588636624826243,2700
2014-01-06,24.346179962158203,24.479950050302048,24.346179962158203,24.479950050302048,1400
2014-01-07,24.596994400024414,24.622076885391607,24.4715851625184,24.530109367043544,11600
2014-01-08,24.571914672851562,24.638799713340273,24.571914672851562,24.596997161034263,3100
2014-01-09,24.663877487182617,24.672238314978735,24.56354914829409,24.638795003794275,13400
2014-01-10,24.831098556518555,24.831098556518555,24.680606798834813,24.680606798834813,1400
2014-01-13,24.429780960083008,24.806010266339587,24.413060897877692,24.797649437904447,12600
2014-01-14,24.780935287475586,24.780935287475586,24.521755906137503,24.521755906137503,10100
2014-01-15,24.939786911010742,24.939786911010742,24.81437764073096,24.81437764073096,2200
2014-01-16,24.88125991821289,24.91470164238329,24.814374875206884,24.88125991821289,3900
2014-01-17,24.806007385253906,24.897974892693973,24.789285730325755,24.83944910044543,3400
2014-01-21,24.931421279907227,25.015027975550684,24.80601203377458,25.015027975550684,9800
2014-01-22,25.023387908935547,25.031748737667147,24.923059558821368,24.923059558821368,32400
2014-01-23,24.747486114501953,25.249124659020804,24.714042800690375,24.872895351965425,34200
2014-01-24,24.162242889404297,24.50502891115352,24.162242889404297,24.496668082005357,7500
2014-01-27,24.053560256958008,24.170608699824378,23.9365102194262,24.09536281664873,5600
2014-01-28,24.128803253173828,24.17896663773384,23.969950674957673,23.969950674957673,9200
2014-01-29,23.86126136779785,24.128801525852367,23.86126136779785,24.053555657066394,20000
2014-01-30,24.162242889404297,24.446504701781475,23.969948602991828,24.446504701781475,9000
2014-01-31,24.078638076782227,24.74749010898826,23.986672138286135,24.74749010898826,6500
2014-02-03,23.259294509887695,24.003390776765247,23.200770299413975,23.98667071281928,10300
2014-02-04,23.3763484954834,23.426513483258283,23.167332497084587,23.2425783840814,44700
2014-02-05,23.225852966308594,23.32617972941805,23.11716377916401,23.276016347863322,4100
2014-02-06,23.56028175354004,23.56028175354004,23.351265771474804,23.351265771474804,3900
2014-02-07,23.727489471435547,23.786015275792728,23.69404774932513,23.786015275792728,900
2014-02-10,23.76929473876953,23.786016397946177,23.635524654686762,23.64388548427508,3600
2014-02-11,24.06191635131836,24.095358073554955,23.81945708777628,23.852900404677996,14500
2014-02-12,24.103721618652344,24.21240922149899,24.01175408147536,24.086999958317385,10200
2014-02-13,24.237489700317383,24.27929384768509,23.911425324175116,23.911425324175116,8100
2014-02-14,24.413066864013672,24.413066864013672,24.270935935211817,24.270935935211817,2500
2014-02-18,24.571914672851562,24.571914672851562,24.3628987219912,24.52175129115132,8200
2014-02-19,24.463226318359375,24.71404481371616,24.463226318359375,24.555193844167245,13100
2014-02-20,24.580280303955078,24.638804526482147,24.40470763637387,24.46323185890094,30700
2014-02-21,24.7224063873291,24.755849704871824,24.638799688137446,24.638799688137446,8400
2014-02-24,24.789295196533203,24.889623569749414,24.730770976600994,24.730770976600994,2300
2014-02-25,24.714048385620117,24.7976550943777,24.663884998231705,24.688967489258577,16500
2014-02-26,24.897979736328125,25.023388983356735,24.76420966020893,24.881258078146953,16500
2014-02-27,25.006668090820312,25.023389749513463,24.81437379984451,24.864537181258818,47200
2014-02-28,25.106998443603516,25.224046874427295,24.973228352757697,24.973228352757697,3600
2014-03-03,24.864534378051758,25.015026099993516,24.780927688676897,24.797649345484864,15600
2014-03-04,25.240768432617188,25.299292647792964,25.081915852379176,25.081915852379176,1800
2014-03-05,25.190597534179688,25.24076250225709,25.190597534179688,25.190597534179688,1600
2014-03-06,25.34109115600586,25.366173641932026,25.240764401631214,25.249125230273272,3400
2014-03-07,25.34109115600586,25.382895299216134,25.32437109338676,25.37453447057408,1300
2014-03-10,25.34945297241211,25.43305966742546,25.257485448430916,25.43305966742546,3600
2014-03-11,25.06519317626953,25.249128238982596,25.04847151699285,25.249128238982596,2700
2014-03-12,25.04010772705078,25.056827788620765,24.9899427583461,24.99830358646355,2000
2014-03-13,24.847816467285156,25.04847159523649,24.80601391362808,25.00666904157941,6900
2014-03-14,24.939786911010742,25.048474520009115,24.85618019926909,24.85618019926909,23900
2014-03-17,25.1487979888916,25.1487979888916,25.015027914056947,25.015027914056947,3200
2014-03-18,25.41634750366211,25.41634750366211,25.148807255412876,25.182250583776863,3100
2014-03-19,25.190597534179688,25.39125421715952,25.190597534179688,25.357810905107918,5200
2014-03-20,25.31601333618164,25.34109423048571,25.20732414531334,25.20732414531334,8700
2014-03-21,25.466508865356445,25.667165630165435,25.441427965754475,25.491591359623953,5100
2014-03-24,25.224048614501953,25.508310475825372,25.17388522564058,25.508310475825372,25600
2014-03-25,25.306974411010742,25.482892646276092,25.21482828567139,25.482892646276092,3100
2014-03-26,25.038911819458008,25.39074671705696,25.038911819458008,25.39074671705696,15500
2014-03-27,24.96352195739746,25.072424125231876,24.946769129706745,24.98865359561847,24700
2014-03-28,25.181320190429688,25.315352374717285,25.105926887044205,25.105926887044205,4000
2014-03-31,25.575054168701172,25.575054168701172,25.28185801692153,25.40751305402981,4400
2014-04-01,25.70907974243164,25.70907974243164,25.566670311294278,25.642063633531123,64300
2014-04-02,25.893367767333984,25.893367767333984,25.71745112055635,25.71745112055635,18100
2014-04-03,25.784467697143555,25.952007135623315,25.76771327395866,25.952007135623315,4600
2014-04-04,25.474515914916992,26.027399068521262,25.474515914916992,26.027399068521262,6600
2014-04-07,25.055665969848633,25.340484769460794,25.00540429867876,25.28184588679765,31400
2014-04-08,25.172943115234375,25.256713630314277,25.02215810543817,25.055665352796325,6400
2014-04-09,25.323732376098633,25.432634536449562,25.18132296487885,25.239961852241727,8500
2014-04-10,24.99702262878418,25.424250752003164,24.90487491658319,25.424250752003164,9600
2014-04-11,24.77084732055664,24.862995049752037,24.603307883043783,24.603307883043783,6600
2014-04-14,24.804353713989258,25.357236838911103,24.762467660410593,25.357236838911103,3400
2014-04-15,25.055665969848633,25.055665969848633,24.628437770430395,24.98027266419896,14300
2014-04-16,25.21483039855957,25.2483376475481,25.122682667709032,25.206453186864998,7800
2014-04-17,25.231590270996094,25.28185195422835,25.164574160756388,25.22321305749237,11100
2014-04-21,25.206459045410156,25.265097943111396,25.189704618126907,25.23159068633503,13100
2014-04-22,25.449378967285156,25.549903882308424,25.23995352562689,25.382362889866084,14800
2014-04-23,25.541536331176758,25.55829075631437,25.449388590709816,25.53315911860795,20100
2014-04-24,25.516399383544922,25.541531016021484,25.36561438205433,25.36561438205433,14000
2014-04-25,25.28184700012207,25.373994732816136,25.223208114876677,25.348863097229632,6800
2014-04-28,25.273469924926758,25.44101096749654,25.013782746954412,25.390747696051726,20200
2014-04-29,25.189697265625,25.323729449188704,25.189697265625,25.28184499099617,26900
2014-04-30,25.424257278442383,25.424257278442383,25.189700131623947,25.189700131623947,4500
2014-05-01,25.390743255615234,25.600168723307387,25.290219925885133,25.373990432519896,55500
2014-05-02,25.524784088134766,25.692325158254,25.47452240621502,25.608554623194383,37100
2014-05-05,25.457765579223633,25.516404468899264,25.407503902043075,25.482897216708864,12600
2014-05-06,25.273469924926758,25.4242565436816,25.25671550111182,25.373994870026586,10200
2014-05-07,25.340486526489258,25.399125413218233,25.13943823007999,25.399125413218233,23400
2014-05-08,25.365623474121094,25.709081252128655,25.365623474121094,25.365623474121094,10300
2014-05-09,25.43263053894043,25.44100774978837,25.223205061110654,25.35723723909854,24300
2014-05-12,25.817977905273438,25.843109542931657,25.583422344956404,25.583422344956404,18100
2014-05-13,25.767711639404297,25.910121031862822,25.742580006221157,25.826350519041988,24700
2014-05-14,25.524784088134766,25.742586840173747,25.524784088134766,25.742586840173747,19500
2014-05-15,25.306974411010742,25.449383802305693,25.005402804225266,25.449383802305693,28800
2014-05-16,25.357236862182617,25.38236689656331,25.13105696601895,25.373991283629458,8900
2014-05-19,25.44101333618164,25.541536692850897,25.357242807097297,25.357242807097297,19100
2014-05-20,25.239953994750977,25.42424940942083,25.114299046978385,25.42424940942083,14300
2014-05-21,25.348865509033203,25.35724272169242,25.131062773263462,25.315356658396347,9100
2014-05-22,25.49127960205078,25.499656816245814,25.374001798900782,25.390754629500616,5600
2014-05-23,25.600173950195312,25.600173950195312,25.42425728835528,25.49127338778813,5600
2014-05-27,25.692317962646484,25.750956841428298,25.675563540768934,25.742579630489523,8800
2014-05-28,25.70907974243164,25.70907974243164,25.600177566849503,25.68394810242267,3000
2014-05-29,25.784467697143555,25.801220522538713,25.67556554423146,25.776090485551105,28400
2014-05-30,25.809598922729492,25.868237808787367,25.692321150613743,25.851484982620697,19700
2014-06-02,25.859865188598633,25.87661801670491,25.63368523236894,25.68394691226776,939800
2014-06-03,25.876615524291992,25.901747160715743,25.709076074836503,25.82635384923433,184300
2014-06-04,26.00227165222168,26.019024478420288,25.80122175994023,25.8514850319055,167600
2014-06-05,26.228452682495117,26.26196153391834,25.893372157212788,26.111174898093797,63900
2014-06-06,26.404369354248047,26.46300824288956,26.211698263628815,26.211698263628815,40600
2014-06-09,26.538400650024414,26.605416748724885,26.43787570307879,26.47138455132394,21500
2014-06-10,26.513269424438477,26.571908311985773,26.471384961273223,26.571908311985773,71300
2014-06-11,26.387617111206055,26.471387643815508,26.31222379163655,26.370862685126163,33900
2014-06-12,26.26195526123047,26.32059413942519,26.161430328761238,26.32059413942519,18900
2014-06-13,26.3289737701416,26.387612653725746,26.228448828433255,26.236826040058098,65800
2014-06-16,26.345731735229492,26.437877879911095,26.270338418260025,26.36248456294163,21700
2014-06-17,26.57190704345703,26.680809198951522,26.43787485037902,26.43787485037902,83300
2014-06-18,26.65567970275879,26.65567970275879,26.48814024686073,26.605418025768362,19600
2014-06-19,26.705944061279297,26.705944061279297,26.647305165937578,26.69756844576482,20700
2014-06-20,26.73944664001465,26.83159276916213,26.6724305470939,26.6724305470939,36300
2014-06-23,26.76457977294922,26.856727505047008,26.705939290293493,26.839973081431086,22100
2014-06-24,26.56155014038086,26.930692453752815,26.56155014038086,26.75451111330627,123100
2014-06-25,26.62866973876953,26.62866973876953,26.494435865873683,26.561552802321607,13300
2014-06-26,26.595111846923828,26.628669514768507,26.452488158147492,26.611889880749178,22900
2014-06-27,26.788068771362305,26.788068771362305,26.561548547067158,26.5951078100118,37400
2014-06-30,26.913915634155273,26.913915634155273,26.645446318940415,26.704173431577047,18000
2014-07-01,27.123655319213867,27.358563761815752,26.9139147239229,27.064925008175894,90200
2014-07-02,26.930694580078125,27.14043520204256,26.86357924525122,27.14043520204256,47500
2014-07-03,27.048145294189453,27.09009276807918,26.93907930176647,26.93907930176647,102300
2014-07-07,26.830018997192383,27.09848672746519,26.75451224802892,27.09848672746519,20900
2014-07-08,26.712562561035156,26.737732008744064,26.58671852287815,26.720952376938126,27700
2014-07-09,26.645450592041016,26.70417771409565,26.603501504720523,26.70417771409565,15400
2014-07-10,26.527996063232422,26.94747573057707,26.335033464017148,26.351813098765266,41700
2014-07-11,26.393754959106445,26.51121077711127,26.326638034615275,26.51121077711127,13200
2014-07-14,26.502817153930664,26.561544254399045,26.4944273395504,26.536374811258252,27400
2014-07-15,26.444093704223633,26.628664845490164,26.343417517954993,26.52799025941522,10900
2014-07-16,26.402149200439453,26.54477288891517,26.3182542309076,26.54477288891517,62300
2014-07-17,26.10851287841797,26.343421346864975,26.058173977870247,26.234356929399425,10400
2014-07-18,26.393754959106445,26.393754959106445,26.133677076727377,26.175626154655422,13300
2014-07-21,26.267913818359375,26.309862900906896,26.133679954595067,26.309862900906896,16600
2014-07-22,26.402149200439453,26.46926613618132,26.376981349657488,26.418928834423415,56900
2014-07-23,26.343420028686523,26.410536959197813,26.26791328183709,26.410536959197813,16800
2014-07-24,26.32663917541504,26.402145918763715,26.276301879913845,26.276301879913845,5100
2014-07-25,26.116905212402344,26.20919161109518,26.100127176435247,26.192411974933904,47800
2014-07-28,26.091732025146484,26.091732025146484,25.923938898219376,25.923938898219376,8000
2014-07-29,25.974273681640625,26.15045660787714,25.965885466280803,26.08333968364268,23000
2014-07-30,25.82326316833496,25.999444503697944,25.789703904345565,25.999444503697944,5800
2014-07-31,25.387004852294922,26.158850398373065,25.31149810103339,26.158850398373065,47600
2014-08-01,25.261152267456055,25.386996276985926,25.043021904180687,25.2695420814505,91500
2014-08-04,25.378616333007812,25.395395967522482,25.126928216063856,25.395395967522482,1373800
2014-08-05,25.286325454711914,25.470898201221118,25.16048141857893,25.32827453355207,61200
2014-08-06,25.328283309936523,25.437347752324854,25.294724035235934,25.345061347092525,24300
2014-08-07,25.168869018554688,25.40377903879756,25.16047920352527,25.361829963650475,15800
2014-08-08,25.51284408569336,25.538013531424735,25.16886966166608,25.252766213910363,9400
2014-08-11,25.588348388671875,25.722582219416644,25.554789130888942,25.563178945334677,8800
2014-08-12,25.529630661010742,25.663864541039803,25.462513720996213,25.588357783499198,6700
2014-08-13,25.747760772705078,25.756150590119255,25.588357442223774,25.62191671188049,6800
2014-08-14,25.798097610473633,25.907162034497585,25.697421403518124,25.697421403518124,46900
2014-08-15,25.806482315063477,25.949105979881264,25.63868920344477,25.856819608471607,8300
2014-08-18,26.091732025146484,26.091732025146484,25.923938898219376,25.923938898219376,15500
2014-08-19,26.23435401916504,26.25952186645305,26.18401512420152,26.192404940028773,35100
2014-08-20,26.343420028686523,26.368589477700947,26.142069237152647,26.234355616678364,26300
2014-08-21,26.427316665649414,26.427316665649414,26.234355689915006,26.251135322638135,7800
2014-08-22,26.402149200439453,26.435708468407373,26.326642447705606,26.427318651415394,11900
2014-08-25,26.511207580566406,26.561544867817023,26.427311035019706,26.561544867817023,11600
2014-08-26,26.603500366210938,26.645449451736198,26.536383429564506,26.553163063774612,47100
2014-08-27,26.62027359008789,26.637053220257354,26.57832611485784,26.61188377500316,36600
2014-08-28,26.527996063232422,26.57833336728273,26.435709672311813,26.45248930705993,20700
2014-08-29,26.65383529663086,26.670614928340303,26.519601443342818,26.569938738277397,12100
2014-09-02,26.70417022705078,26.80484640819934,26.58671601587214,26.720949857274476,50100
2014-09-03,26.603500366210938,26.78807314213411,26.57833251508977,26.77968332502906,85900
2014-09-04,26.47764778137207,26.754505255884947,26.46086975276029,26.704167969662645,17700
2014-09-05,26.58672523498535,26.58672523498535,26.41054225693123,26.502828654968827,9100
2014-09-08,26.55316162109375,26.6202785540936,26.435707388392498,26.603498920795158,21100
2014-09-09,26.351802825927734,26.50281627940248,26.33502319772089,26.418919738561687,15500
2014-09-10,26.36858558654785,26.393753431654467,26.22596193023378,26.393753431654467,5400
2014-09-11,26.527996063232422,26.536384280412435,26.351813098765266,26.385372368261503,13200
2014-09-12,26.30147361755371,26.49443460060218,26.259524534155844,26.49443460060218,5900
2014-09-15,26.276302337646484,26.284692153741798,26.209185409077794,26.209185409077794,1600
2014-09-16,26.31825065612793,26.427315061821623,26.20079483438808,26.29308120857073,14300
2014-09-17,26.410541534423828,26.444100805590033,26.309866921313464,26.444100805590033,10900
2014-09-18,26.402149200439453,26.435708468407373,26.351811898681547,26.368591532665505,4100
2014-09-19,26.158851623535156,26.544773614552096,26.1420719890925,26.544773614552096,12400
2014-09-22,25.848430633544922,26.024613566493965,25.848430633544922,26.024613566493965,5400
2014-09-23,25.611927032470703,25.788676331664252,25.595093307208725,25.788676331664252,27600
2014-09-24,25.611927032470703,25.62034389510169,25.45200985318673,25.57825958194675,3100
2014-09-25,25.266843795776367,25.452009958366094,25.191093637136838,25.452009958366094,18900
2014-09-26,25.409921646118164,25.452004344813083,25.266838223062567,25.266838223062567,7300
2014-09-29,25.18267822265625,25.266845248801758,24.97226145996873,25.149010770057046,31000
2014-09-30,25.03959083557129,25.241590703451273,24.955423822616567,25.241590703451273,8700
2014-10-01,24.56825065612793,25.022749825167544,24.52616635922959,24.888083285796416,213700
2014-10-02,24.68608856201172,24.68608856201172,24.357839005344985,24.60192155622863,55600
2014-10-03,24.787092208862305,24.829174914033306,24.745007898339004,24.829174914033306,9400
2014-10-06,24.719755172729492,24.87967071243649,24.64400503061479,24.87967071243649,7900
2014-10-07,24.458845138549805,24.694512501220487,24.42517928979832,24.568262759035417,34100
2014-10-08,24.719755172729492,24.72817042820708,24.223171621245115,24.39150402178175,30700
2014-10-09,24.11375617980957,24.66083933956189,24.11375617980957,24.66083933956189,7400
2014-10-10,23.861257553100586,24.13900757306886,23.836006967520834,24.088508007261606,36600
2014-10-13,23.591917037963867,23.97066607143554,23.56666646025839,23.793916843552445,9800
2014-10-14,23.810752868652344,24.02958480855849,23.760251708349163,23.785502288500755,14400
2014-10-15,23.93700408935547,23.945420949944214,23.305753993367684,23.58350397138823,29700
2014-10-16,24.038005828857422,24.038005828857422,23.53300537588875,23.583506544932145,17600
2014-10-17,24.155841827392578,24.349424838366144,24.105340655123772,24.2147582563539,9800
2014-10-20,24.36625862121582,24.374673877928625,24.122174437384828,24.122174437384828,6500
2014-10-21,25.00592041015625,25.00592041015625,24.59350386168253,24.59350386168253,194200
2014-10-22,24.787092208862305,25.191091957772194,24.702925193168003,25.05642537480223,49300
2014-10-23,25.081666946411133,25.275251506927074,25.081666946411133,25.090083806029376,14400
2014-10-24,25.123756408691406,25.132173270039733,24.989089837822448,25.08167210194976,63200
2014-10-27,25.031173706054688,25.098506994627947,24.87125654368611,24.93858983225937,11000
2014-10-28,25.56142234802246,25.58667132551152,25.06483878961129,25.22475433154893,23100
2014-10-29,25.384675979614258,25.679259743583103,25.241592528849527,25.679259743583103,12100
2014-10-30,25.4267578125,25.578258120496802,25.34259240170383,25.40992569355215,12600
2014-10-31,25.91492462158203,25.91492462158203,25.687674173297385,25.72975687615652,10500
2014-11-03,25.729753494262695,25.999086610005595,25.712919773190766,25.990669749469628,13500
2014-11-04,25.64559555053711,25.797095882980113,25.620346565364986,25.797095882980113,8500
2014-11-05,25.797090530395508,26.116924855936222,25.696091399957982,25.906508127947102,24200
2014-11-06,25.965421676635742,25.982255398293372,25.763421832800333,25.864420952042007,8700
2014-11-07,26.083255767822266,26.108506351519086,25.94017233757788,25.94017233757788,4900
2014-11-10,26.05800437927246,26.217921527042037,26.007504818790732,26.049589123652243,20400
2014-11-11,26.05800437927246,26.074838101217065,26.024338540735336,26.04117226267994,5400
2014-11-12,26.192672729492188,26.192672729492188,26.01592185856325,26.0243387195934,17600
2014-11-13,25.95701026916504,26.22634345086364,25.881260111143256,26.22634345086364,16100
2014-11-14,25.999088287353516,26.01592200951149,25.957005587310697,26.01592200951149,10100
2014-11-17,25.940176010131836,25.940176010131836,25.856008991245048,25.864425853668962,2300
2014-11-18,26.049591064453125,26.133756469742647,26.007506756456163,26.007506756456163,12300
2014-11-19,25.889671325683594,26.015921026393293,25.797087462665523,26.015921026393293,15300
2014-11-20,26.100086212158203,26.116919932508463,25.88125266366063,25.88966952383576,17500
2014-11-21,26.27683448791504,26.42833475476018,26.243168653811605,26.42833475476018,11000
2014-11-24,26.32733917236328,26.335756033354137,26.226338445825103,26.226338445825103,22100
2014-11-25,26.36941909790039,26.403086538321993,26.24316940702321,26.386252818111192,17300
2014-11-26,26.243173599243164,26.40309075608794,26.234756737793212,26.40309075608794,7900
2014-11-28,25.965421676635742,26.226337940920804,25.965421676635742,26.226337940920804,2500
2014-12-01,25.687667846679688,25.948584071920124,25.62033457547726,25.948584071920124,12800
2014-12-02,25.847591400146484,25.86442512451975,25.64559152372423,25.64559152372423,9100
2014-12-03,26.12534523010254,26.12534523010254,25.805510861561913,25.805510861561913,11800
2014-12-04,25.9317569732666,26.091674135206816,25.881257408309988,26.091674135206816,9800
2014-12-05,26.00750732421875,26.125341783830457,25.999090462435614,26.01592418600189,26000
2014-12-08,25.7465877532959,26.10008787643265,25.721337171160407,26.10008787643265,15600
2014-12-09,25.898088455200195,25.92333743239293,25.45200446235453,25.603504746919175,11300
2014-12-10,25.39309310913086,25.8391771909956,25.37625938407505,25.8391771909956,8600
2014-12-11,25.452009201049805,25.72975923934624,25.443592338634478,25.452009201049805,17900
2014-12-12,25.05642318725586,25.359422169808855,25.05642318725586,25.292088884202393,25000
2014-12-15,24.913341522216797,25.250007974134807,24.820757645932243,25.233174250200836,9200
2014-12-16,24.87125587463379,25.191090190767202,24.82075631090037,24.82075631090037,14200
2014-12-17,25.32575035095215,25.32575035095215,24.82916688482746,24.846000603593126,2100
2014-12-18,25.7718448638916,25.830761298446955,25.645593526584488,25.780260121383133,12400
2014-12-19,25.999088287353516,26.007505148432504,25.797088437514194,25.813922159672163,4800
2014-12-22,25.999088287353516,26.049589453827426,25.940171865152728,25.999088287353516,5000
2014-12-23,26.207839965820312,26.300806053242372,26.207839965820312,26.250096399023285,13800
2014-12-24,26.317699432373047,26.3346026451621,26.216283379596923,26.309247825978524,32300
2014-12-26,26.393770217895508,26.495187913159878,26.30925574050513,26.30925574050513,23900
2014-12-29,26.664213180541992,26.71492283021696,26.537442280313474,26.537442280313474,27200
2014-12-30,26.444486618041992,26.61351400396548,26.4106801736693,26.61351400396548,41600
2014-12-31,26.182483673095703,26.545894781425186,26.182483673095703,26.469831916333924,29700
2015-01-02,25.96274757385254,26.25854743576531,25.844428273879256,26.25854743576531,5500
2015-01-05,25.472564697265625,25.785267766485074,25.388051835511813,25.785267766485074,11400
2015-01-06,25.03309440612793,25.464115195060423,24.96548314394444,25.464115195060423,20400
2015-01-07,25.32889175415039,25.337343363114954,25.16831601976241,25.193669234676523,63100
2015-01-08,25.66694450378418,25.734555749926052,25.50636718970501,25.50636718970501,43700
2015-01-09,25.362701416015625,25.71766097777848,25.311993367758014,25.71766097777848,15700
2015-01-12,25.016193389892578,25.354249730570903,24.82181119550002,25.354249730570903,126000
2015-01-13,24.82180404663086,25.37114564351603,24.661226726563733,25.2528247493711,37200
2015-01-14,24.754192352294922,24.76264234774377,24.34852325564059,24.585163427690677,10900
2015-01-15,24.356983184814453,24.8640685198974,24.356983184814453,24.821812080298756,16600
2015-01-16,24.711933135986328,24.711933135986328,24.399231735962584,24.416133338033088,13200
2015-01-20,24.669677734375,24.74574058876917,24.509100418211826,24.559808450481512,21100
2015-01-21,24.999290466308594,24.999290466308594,24.59362285268415,24.59362285268415,21900
2015-01-22,25.354244232177734,25.396500661106256,25.092250826466138,25.17676529630262,108200
2015-01-23,25.16832160949707,25.311995769844682,25.151418387813838,25.295092548161445,9800
2015-01-26,25.472564697265625,25.472564697265625,25.049993940578513,25.219022888045163,10600
2015-01-27,25.388050079345703,25.506369367200158,25.176764715617377,25.1936663196113,18200
2015-01-28,24.931671142578125,25.261275770663584,24.85560828810005,25.235922560490415,15000
2015-01-29,25.075347900390625,25.075347900390625,24.58516590403972,24.93167378359918,16900
2015-01-30,24.957029342651367,25.12605667727429,24.695034314219658,24.83870843523787,8000
2015-02-02,25.278182983398438,25.30353780956098,24.7710977440044,24.957029911903952,66300
2015-02-03,26.05571746826172,26.05571746826172,25.683854684296087,25.743014342931115,35700
2015-02-04,25.72610855102539,25.90358749806795,25.675398898745055,25.819073022913596,15100
2015-02-05,26.13177490234375,26.14867811899752,25.95429435143812,25.996552393072538,5500
2015-02-06,26.157133102416992,26.326160454826123,26.072618620222595,26.22474436577658,19700
2015-02-09,26.207839965820312,26.343062486445344,26.021909402955792,26.021909402955792,14200
2015-02-10,26.216289520263672,26.216289520263672,25.99655253847407,26.11487183175329,20100
2015-02-11,26.123323440551758,26.190934695566618,25.928941283881464,26.097968615428883,5900
2015-02-12,26.359966278076172,26.419125930639407,26.199388926847647,26.199388926847647,30300
2015-02-13,26.65576171875,26.65576171875,26.495184394233128,26.495184394233128,7100
2015-02-17,26.664213180541992,26.664213180541992,26.402219771805797,26.57124871343012,12200
2015-02-18,26.65576171875,26.807885823473004,26.520537605697278,26.520537605697278,12400
2015-02-19,26.74028205871582,26.782540109618232,26.40222571139561,26.478288591040133,15100
2015-02-20,26.841693878173828,26.841693878173828,26.55434564301867,26.74027619024517,14900
2015-02-23,26.588151931762695,26.689569625288676,26.554347108573737,26.605055149346953,11400
2015-02-24,26.706470489501953,26.765630133854156,26.571247984702808,26.571247984702808,6400
2015-02-25,26.69801902770996,26.748727064292574,26.630407774940004,26.68956741961629,17200
2015-02-26,26.57124900817871,26.714923126559295,26.51208936154779,26.68111669306764,12500
2015-02-27,26.51209259033203,26.621960288601233,26.51209259033203,26.621960288601233,15500
2015-03-02,26.461380004882812,26.53744286910343,26.359963927241647,26.53744286910343,29100
2015-03-03,26.410676956176758,26.537447883170447,26.393773736049653,26.520544663043342,17600
2015-03-04,26.368412017822266,26.368412017822266,26.207834702337436,26.250091127053786,8300
2015-03-05,26.300806045532227,26.419125348049544,26.199388349103383,26.419125348049544,38000
2015-03-06,26.03035545349121,26.351510100269373,25.98809902669483,26.14867635008391,17900
2015-03-09,26.0050048828125,26.131775788053602,26.0050048828125,26.055712922513038,11600
2015-03-10,25.66694450378418,25.83597181314923,25.641589681988755,25.83597181314923,9700
2015-03-11,25.77681541442871,25.802170239411247,25.489467179211147,25.692300943133052,4800
2015-03-12,26.013456344604492,26.047261166887548,25.869782222947613,25.895135436665026,35200
2015-03-13,25.819072723388672,25.945845240639294,25.58243413007715,25.945845240639294,18900
2015-03-16,25.988107681274414,26.00501090241383,25.76837064240166,25.852885136118857,5900
2015-03-17,26.05571746826172,26.072620688437382,25.852883662093138,25.920494930815998,11100
2015-03-18,26.49518394470215,26.596600012796806,25.954292337606407,25.962743945277516,17600
2015-03-19,26.233198165893555,26.300809434899268,26.182488505154417,26.2754546045297,4500
2015-03-20,26.520540237426758,26.562798280692704,26.28390164305556,26.317706465688794,6900
2015-03-23,26.613506317138672,26.672665965723702,26.503638628620685,26.503638628620685,14200
2015-03-24,26.52899169921875,26.57124974225076,26.452928833740646,26.486735268166257,9900
2015-03-25,26.230117797851562,26.628058003349935,26.230117797851562,26.628058003349935,7000
2015-03-26,26.111581802368164,26.20471701382387,26.04384754355823,26.20471701382387,6300
2015-03-27,26.10310935974121,26.145442657053078,26.00997416776097,26.052309079984614,2600
2015-03-30,26.585721969604492,26.585721969604492,26.34018588372663,26.34018588372663,2100
2015-03-31,26.365583419799805,26.509518913722463,26.365583419799805,26.467185609885455,7600
2015-04-01,26.41638946533203,26.51799005644026,26.323254244389258,26.48412373104161,124600
2015-04-02,26.560321807861328,26.6788563549601,26.517986887531706,26.517986887531706,8100
2015-04-06,26.983661651611328,26.992127020868672,26.382518694877255,26.382518694877255,7600
2015-04-07,26.8397216796875,26.96672319124956,26.8397216796875,26.924388277454316,5200
2015-04-08,26.771989822387695,26.8397240755947,26.738121888328205,26.763522838872824,7600
2015-04-09,26.9328556060791,26.941322588946882,26.797387110018335,26.839722024357236,9600
2015-04-10,27.009061813354492,27.009061813354492,26.941327552844175,26.941327552844175,16200
2015-04-13,26.882057189941406,26.983659376496153,26.839723887575577,26.898991156852524,5000
2015-04-14,27.01752471923828,27.03445868553756,26.797388002083384,26.848188286069313,6700
2015-04-15,27.466264724731445,27.559399928544632,27.10219250791115,27.220730277197728,9100
2015-04-16,27.246126174926758,27.381594664336877,27.152990982865383,27.288459472275502,6200
2015-04-17,26.86512565612793,27.0344621107515,26.755058091061088,26.99212718963955,8200
2015-04-20,27.10219383239746,27.13606176813447,27.009060238944812,27.009060238944812,4900
2015-04-21,26.907455444335938,26.992122040584487,26.86512053129985,26.975189690281862,3200
2015-04-22,26.949790954589844,26.97519190449649,26.670386965264505,26.79738848497385,7100
2015-04-23,27.178390502929688,27.246126363014127,26.941321452281315,27.034456644985628,10000
2015-04-24,26.95825958251953,27.110662061433057,26.91592627833779,27.110662061433057,4700
2015-04-27,26.85665512084961,27.15299306980224,26.822788803350058,27.102191171185055,5500
2015-04-28,27.15300178527832,27.16147038601131,26.84819675538757,26.84819675538757,7300
2015-04-29,27.15300178527832,27.237668413659154,26.91593264195211,27.068333541985066,5500
2015-04-30,26.975187301635742,27.19532237028324,26.915920043545135,27.12758974524683,24600
2015-05-01,27.13606834411621,27.203804232004913,26.95826648314573,27.13606834411621,115100
2015-05-04,27.254596710205078,27.279999277289747,27.212263404829525,27.271530678320133,5100
2015-05-05,26.924388885498047,27.39006164337935,26.865121619758085,27.178391914358418,26200
2015-05-06,26.755054473876953,27.025991472715297,26.755054473876953,26.992123540404556,5100
2015-05-07,26.712724685668945,26.865127180495282,26.653457407661417,26.780458948379295,8100
2015-05-08,27.076799392700195,27.127601305493897,26.91593151359053,26.941330855075027,4600
2015-05-11,27.10219383239746,27.20379763960849,27.034461190747567,27.08526147944102,6000
2015-05-12,27.12759780883789,27.203799053294006,26.907461059843786,27.06832891821813,2900
2015-05-13,27.15300178527832,27.296938929315548,27.11913384199605,27.237668413659154,7600
2015-05-14,27.263063430786133,27.330796068755497,27.169928227482302,27.28846276629665,8300
2015-05-15,27.220731735229492,27.237662473353335,27.1106625584797,27.14453049437566,8500
2015-05-18,27.457805633544922,27.466271004088767,27.127601275314962,27.31386849570191,4900
2015-05-19,27.220731735229492,27.313863714207173,27.10219395959364,27.313863714207173,9800
2015-05-20,27.305387496948242,27.36465474630773,27.144519710090044,27.36465474630773,7400
2015-05-21,27.40699577331543,27.45779767132106,27.32232917312981,27.32232917312981,7200
2015-05-22,27.31386375427246,27.43240153008219,27.220731775158175,27.381599626163734,12500
2015-05-26,26.86512565612793,27.27999980846447,26.831259334150484,27.27999980846447,40300
2015-05-27,27.00058937072754,27.05139126702473,26.771987297037487,26.93285512390978,9000
2015-05-28,26.95825958251953,26.966726566338284,26.822791071243515,26.907459294519033,16000
2015-05-29,26.780454635620117,26.89052380411888,26.738121333835636,26.822789552316543,11800
2015-06-01,26.695785522460938,26.788919100613978,26.594183346852773,26.70425250500427,78400
2015-06-02,26.907455444335938,27.01752298840614,26.661917793462074,26.721185056800785,31200
2015-06-03,27.08525848388672,27.178392067039056,26.90745668566799,26.9921232858225,14200
2015-06-04,26.81432342529297,26.915925613697112,26.78892247446393,26.87359069564872,6300
2015-06-05,26.882057189941406,26.924390492307236,26.670387448288324,26.85665623957473,8900
2015-06-08,26.763526916503906,26.941328752669786,26.678858683367295,26.941328752669786,9200
2015-06-09,26.68732452392578,26.85665936802637,26.68732452392578,26.814326060729265,9200
2015-06-10,27.119123458862305,27.178390722002124,27.1021894937047,27.15299138917752,4600
2015-06-11,27.12759780883789,27.19533045400761,27.102195240802992,27.11912920955149,3400
2015-06-12,27.042926788330078,27.06832612391868,26.958258568240122,27.06832612391868,4400
2015-06-15,26.771989822387695,26.84818944419759,26.58571941488445,26.628054332458817,3900
2015-06-16,26.949790954589844,26.966724921194274,26.755055183374715,26.763522166676932,15900
2015-06-17,26.941326141357422,27.059860687312277,26.831258579386784,27.04292833425592,7800
2015-06-18,26.95825958251953,27.04292780579505,26.95825958251953,26.97519355015704,6700
2015-06-19,26.924388885498047,27.009057100088793,26.84818765385756,26.983657766149882,10500
2015-06-22,27.042926788330078,27.042926788330078,26.890524315150554,26.924390634239348,10200
2015-06-23,27.12759780883789,27.178396485259107,27.025995611259017,27.07679590259238,6000
2015-06-24,26.944116592407227,27.130993599639737,26.944116592407227,27.054544209439353,5500
2015-06-25,26.77423095703125,26.98659001927895,26.757241843210377,26.98659001927895,52900
2015-06-26,26.850683212280273,26.850683212280273,26.757244696472718,26.78272836992148,2700
2015-06-29,26.239089965820312,26.56187670620221,26.239089965820312,26.54488758930393,10100
2015-06-30,26.154142379760742,26.459938321784232,26.07769298921211,26.459938321784232,15300
2015-07-01,26.043716430664062,26.536389412333445,26.02672731608243,26.536389412333445,16300
2015-07-02,26.060697555541992,26.17961808081242,25.975753628847123,26.111663263490655,6300
2015-07-06,25.80587387084961,26.069200288227176,25.78039181896679,25.814368428200932,14300
2015-07-07,26.13715171813965,26.13715171813965,25.491580025172926,25.822859617814306,8400
2015-07-08,25.6359806060791,25.848339621543413,25.52555301074206,25.780384801401663,11800
2015-07-09,25.703943252563477,25.87382954455952,25.703943252563477,25.87382954455952,5000
2015-07-10,25.848342895507812,25.890814055911807,25.831353783277848,25.865332007737777,6300
2015-07-13,26.052207946777344,26.06919705937577,25.924792842631046,25.924792842631046,7800
2015-07-14,26.256074905395508,26.256074905395508,26.001244673150044,26.001244673150044,11200
2015-07-15,25.89082145690918,26.128664235604276,25.873832339822805,26.128664235604276,9100
2015-07-16,25.95876693725586,26.07768909377326,25.899306669082556,25.967261492733588,4500
2015-07-17,25.602001190185547,25.86532752358559,25.593506635543225,25.86532752358559,5000
2015-07-20,25.440614700317383,25.54254613646972,25.440614700317383,25.466096749269983,4500
2015-07-21,25.228256225585938,25.508570111640406,25.20277255588244,25.440615279268744,4700
2015-07-22,25.11783790588379,25.219771002249768,25.04988304836367,25.058377608075137,5600
2015-07-23,25.01589584350586,25.26223149020805,25.007401287389104,25.160300057148838,7500
2015-07-24,24.676122665405273,24.871494236222354,24.676122665405273,24.86299967921543,2900
2015-07-27,24.446773529052734,24.591177742601214,24.43827897294154,24.574188630378824,8000
2015-07-28,24.837512969970703,24.837512969970703,24.446773116475576,24.446773116475576,3500
2015-07-29,25.20277214050293,25.20277214050293,24.761064927281645,24.761064927281645,7400
2015-07-30,25.1433162689209,25.177292880411418,25.08385598368404,25.134821711005454,3200
2015-07-31,25.092344284057617,25.26223053948642,25.092344284057617,25.16029911026331,1400
2015-08-03,24.896976470947266,25.21976315890996,24.837516191630744,25.04987525785895,8200
2015-08-04,24.837512969970703,24.98191718108214,24.761063586431067,24.93095146544601,6800
2015-08-05,24.92246437072754,25.20277832090254,24.89698069519477,24.92246437072754,85700
2015-08-06,24.99041175842285,24.99041175842285,24.769558163582897,24.89697326286763,5000
2015-08-07,24.7950439453125,25.04987416560652,24.7950439453125,24.97342477548411,4500
2015-08-10,25.355669021606445,25.38115106881526,24.92245639717717,24.92245639717717,6900
2015-08-11,25.194276809692383,25.228255034359332,25.049872595199705,25.12632198052941,3600
2015-08-12,25.20277214050293,25.20277214050293,24.803537709420794,24.96492942103663,4400
2015-08-13,24.973424911499023,25.20277308311538,24.973424911499023,25.13481824932213,3700
2015-08-14,25.126319885253906,25.168791042375013,24.97342112734467,25.02438683992415,4500
2015-08-17,25.28770637512207,25.31318841445048,25.03287464064551,25.03287464064551,13100
2015-08-18,25.11783790588379,25.27073674034696,25.11783790588379,25.27073674034696,11500
2015-08-19,24.837512969970703,25.02438834075043,24.701603314827103,24.973422625114303,13600
2015-08-20,24.285381317138672,24.72708853415435,24.285381317138672,24.599671806813337,45200
2015-08-21,23.9116268157959,24.140974960507386,23.835177434225404,24.090009246184003,12100
2015-08-24,22.926280975341797,23.350999040731985,22.730911054103313,23.181112786678415,28200
2015-08-25,22.773387908935547,23.656802483599723,22.773387908935547,23.359499439427307,15100
2015-08-26,23.206600189208984,23.206600189208984,22.662961458505674,22.849836867142134,7100
2015-08-27,23.886146545410156,23.91162859438182,23.461428447392112,23.512394165506407,19400
2015-08-28,24.11549186706543,24.21742491830844,23.945605608554928,23.945605608554928,5200
2015-08-31,24.234418869018555,24.310868267672493,23.937115832050036,24.05603639876896,10200
2015-09-01,23.39347267150879,23.801201640294384,23.334010779244686,23.801201640294384,37100
2015-09-02,23.61432647705078,23.758730700536407,23.351001700166766,23.758730700536407,28500
2015-09-03,23.801204681396484,24.081518585773914,23.724755287459814,23.741744401705986,46900
2015-09-04,23.546377182006836,23.571860858088098,23.418962041943345,23.51240056740323,12700
2015-09-08,23.99657440185547,24.005068958896125,23.843675615465827,23.843675615465827,2000
2015-09-09,23.716262817382812,24.090015262833536,23.716262817382812,24.090015262833536,7200
2015-09-10,23.741743087768555,23.979584193367725,23.65679914140984,23.65679914140984,4000
2015-09-11,23.73324966430664,23.73324966430664,23.469923256004492,23.656800270950676,11400
2015-09-14,23.571853637695312,23.792707235568102,23.56335908160356,23.792707235568102,97900
2015-09-15,23.886146545410156,23.928617707143577,23.639809270877628,23.639809270877628,27800
2015-09-16,24.268394470214844,24.344843865689572,24.03055334666782,24.03055334666782,7500
2015-09-17,24.217430114746094,24.531720651523173,24.191946441424477,24.242913788067707,18500
2015-09-18,23.682281494140625,23.99657361363697,23.63981033050349,23.90313510943002,7100
2015-09-21,23.741743087768555,23.928618473620904,23.73324853111558,23.928618473620904,6300
2015-09-22,23.418960571289062,23.512399090881235,23.325522051696893,23.512399090881235,16000
2015-09-23,23.268095016479492,23.430034599013727,23.165818583255994,23.430034599013727,11000
2015-09-24,23.191390991210938,23.302192376781576,22.98683646283616,22.98683646283616,9000
2015-09-25,23.251052856445312,23.489698980100243,23.165821401287925,23.489698980100243,5500
2015-09-28,22.671483993530273,22.927176768099837,22.671483993530273,22.927176768099837,1300
2015-09-29,22.731138229370117,22.824892975229265,22.671476709515925,22.671476709515925,7800
2015-09-30,22.961257934570312,23.06353434037052,22.88454981739308,23.029442746988504,8300
2015-10-01,22.89307975769043,23.08911094700542,22.73966347886839,23.08911094700542,4900
2015-10-02,23.31070899963379,23.31070899963379,22.782275400316895,22.782275400316895,2200
2015-10-05,24.07779312133789,24.07779312133789,23.600499270399116,23.634590875495952,35800
2015-10-06,24.205642700195312,24.350535698823816,24.120411237651204,24.128934546471108,9900
2015-10-07,24.51247215270996,24.59770360425826,24.23973280827918,24.538042075870866,5300
2015-10-08,25.023860931396484,25.032384239694135,24.563612037252433,24.60622857874068,75900
2015-10-09,24.981243133544922,25.03238298075888,24.887489998295507,24.93862821985471,4700
2015-10-12,24.70850372314453,24.861920013096828,24.665888809559892,24.836350089553196,2900
2015-10-13,24.529516220092773,24.8363471378773,24.46133139106793,24.555084514942994,8300
2015-10-14,24.307918548583984,24.53804298862806,24.299395240546634,24.444288225872004,4600
2015-10-15,24.376102447509766,24.384625755218536,24.20563954464383,24.290870996076798,3900
2015-10-16,24.51247215270996,24.65736513264565,24.359055865053964,24.65736513264565,6600
2015-10-19,24.316442489624023,24.435765553943547,24.256779331809433,24.350534097006104,5800
2015-10-20,24.478376388549805,24.631792660328674,24.393146571476702,24.495423002226246,214800
2015-10-21,24.18006706237793,24.427236440536248,24.18006706237793,24.410189828068933,10200
2015-10-22,24.265304565429688,24.43576749283017,24.07779664581312,24.09484326368416,35700
2015-10-23,24.410194396972656,24.54656407092688,24.282348030847412,24.469855926120786,12400
2015-10-26,24.18006706237793,24.29939009834026,24.154497143676956,24.231205274125436,20500
2015-10-27,23.7113037109375,24.0096130364231,23.600503940379728,24.0096130364231,7000
2015-10-28,24.265304565429688,24.265304565429688,23.74539572560263,23.805057262496316,20400
2015-10-29,24.145971298217773,24.25677101629459,24.0863097865107,24.25677101629459,8600
2015-10-30,24.205642700195312,24.256780927459804,24.07779631920662,24.17155109057063,1600
2015-11-02,24.73406982421875,24.751116437280075,24.307914251612587,24.384622384734058,5200
2015-11-03,24.930103302001953,25.049426353152473,24.74259541795761,24.81078025085143,14000
2015-11-04,24.844877243041992,24.989770247573833,24.76816908619249,24.913062090724328,13500
2015-11-05,24.80225944519043,24.981244039969333,24.7170279890627,24.981244039969333,3900
2015-11-06,24.81078338623047,24.81078338623047,24.580658936512133,24.580658936512133,5200
2015-11-09,24.606225967407227,24.606225967407227,24.401669841281816,24.52099451913075,11400
2015-11-10,24.657360076904297,24.682928369167964,24.495420514732064,24.67440668884967,6600
2015-11-11,24.41871452331543,24.555084179502206,24.41019121659694,24.503945964845798,2300
2015-11-12,23.788005828857422,24.222684742640528,23.788005828857422,24.222684742640528,4200
2015-11-13,23.651634216308594,23.813573788648558,23.643110909800754,23.813573788648558,24900
2015-11-16,23.984039306640625,24.018132538734378,23.54083866900528,23.728346568556585,14300
2015-11-17,23.788005828857422,24.111885000219562,23.76243590722737,23.98403701772393,72600
2015-11-18,24.069272994995117,24.137457839855813,24.001088150134418,24.001088150134418,3700
2015-11-19,24.205642700195312,24.214166009015216,24.06074970156681,24.214166009015216,18400
2015-11-20,24.188594818115234,24.316442818075707,24.154503210272665,24.24825797673572,17300
2015-11-23,24.25677490234375,24.393146183934157,24.18859007437581,24.23972991459266,5900
2015-11-24,24.580657958984375,24.580657958984375,24.154502310077785,24.154502310077785,3100
2015-11-25,24.606225967407227,24.657364186111252,24.606225967407227,24.657364186111252,3100
2015-11-27,24.589181900024414,24.589181900024414,24.469857209813615,24.469857209813615,400
2015-11-30,24.520994186401367,24.708502069541566,24.435762739281408,24.708502069541566,5600
2015-12-01,24.699981689453125,24.717028306028237,24.555088699874354,24.67441339024529,14900
2015-12-02,24.273826599121094,24.691458961091186,24.222688373849515,24.682935652603444,11000
2015-12-03,23.958473205566406,24.299397429497773,23.80505689838356,24.299397429497773,6200
2015-12-04,23.958473205566406,24.04370304230805,23.80505689838356,23.907333352735503,5800
2015-12-07,23.44709014892578,23.506751695319284,23.395951912824952,23.489705074733937,3700
2015-12-08,23.251052856445312,23.336282685947907,23.199913007958003,23.29366777119661,26000
2015-12-09,23.09763526916504,23.549359192596143,23.05501873114485,23.438559445053052,2700
2015-12-10,23.21695899963379,23.33628205825172,23.131727546768946,23.131727546768946,5800
2015-12-11,22.705577850341797,22.97831727036371,22.705577850341797,22.893087420848243,15700
2015-12-14,22.449878692626953,22.5862483640177,22.39021716460034,22.5862483640177,17200
2015-12-15,22.73966407775879,22.83341883409804,22.586247794896256,22.586247794896256,7400
2015-12-16,22.952747344970703,22.961270654451415,22.662961325246766,22.94422403548999,17600
2015-12-17,22.586246490478516,22.927170640675577,22.492491739553856,22.927170640675577,13700
2015-12-18,22.177141189575195,22.313510872278645,22.11747965659929,22.313510872278645,15200
2015-12-21,22.236797332763672,22.339073757173924,22.091904376803768,22.21975072014381,13000
2015-12-22,22.671483993530273,22.688530612009583,22.364651363522785,22.37317467276244,14100
2015-12-23,23.1151123046875,23.14080586700352,23.003776801682026,23.003776801682026,63100
2015-12-24,23.17505645751953,23.17505645751953,23.0465919454481,23.123670979393935,9100
2015-12-28,22.883874893188477,22.986647507809103,22.712589380174496,22.986647507809103,11700
2015-12-29,23.157934188842773,23.157934188842773,22.952388963733174,23.02090349426462,19200
2015-12-30,22.943824768066406,23.080853821313397,22.883873127945076,22.97808121462057,84100
2015-12-31,22.652639389038086,22.93526203760139,22.652639389038086,22.80679586083283,54500
2016-01-04,22.429962158203125,22.447089562551394,22.190160528662776,22.429962158203125,40500
2016-01-05,22.344324111938477,22.515611265775878,22.27580957710659,22.515611265775878,7700
2016-01-06,21.873287200927734,22.14734534416155,21.830464595100334,22.095958217168672,7800
2016-01-07,21.29090690612793,21.642044008640433,21.24808431221486,21.56496497311184,24600
2016-01-08,21.24808692932129,21.350859533856124,21.093928839276604,21.290909528508777,41100
2016-01-11,20.965469360351562,21.188142029233834,20.7513612133704,21.12819200944159,28400
2016-01-12,20.99115562438965,21.282342733677336,20.734224957274947,21.282342733677336,15800
2016-01-13,20.3145751953125,21.08536563387164,20.306010675604607,21.07680111416375,6700
2016-01-14,20.69997215270996,20.854130253366005,20.177547841267856,20.39165595139787,12300
2016-01-15,20.280315399169922,20.33170087541197,20.014821866152037,20.13472185522176,45200
2016-01-19,20.07477569580078,20.59719834334811,19.860667598121424,20.59719834334811,13700
2016-01-20,19.94631576538086,19.954878653770106,19.175525129106692,19.70651405259384,10500
2016-01-21,20.083345413208008,20.417353609302754,19.83497917153663,19.972008258832712,13700
2016-01-22,20.605764389038086,20.605764389038086,20.42591435775764,20.51155792987392,3700
2016-01-25,19.98056983947754,20.28888605726179,19.98056983947754,20.28888605726179,5100
2016-01-26,20.674274444580078,20.674274444580078,20.31457282637005,20.31457282637005,4900
2016-01-27,20.511560440063477,20.879825068255478,20.494431396840927,20.494431396840927,16800
2016-01-28,20.682842254638672,20.86269390912171,20.60576320750525,20.854129389049643,3400
2016-01-29,21.37655258178711,21.37655258178711,20.999723490250407,20.999723490250407,2800
2016-02-01,21.325166702270508,21.325166702270508,21.162444086833844,21.162444086833844,2700
2016-02-02,20.65715217590332,20.74279411725506,20.605765050873888,20.682844104902713,5400
2016-02-03,20.86269187927246,20.939770918906426,20.37452571726737,20.383088602991126,10100
2016-02-04,21.19670295715332,21.48789011835705,20.819872224975214,20.819872224975214,5200
2016-02-05,20.86269187927246,21.0425418827417,20.86269187927246,21.0425418827417,4500
2016-02-08,20.520118713378906,20.537247752749295,20.37452677927589,20.537247752749295,4000
2016-02-09,20.468740463256836,20.520125966014607,20.25463229599784,20.26319681871008,34500
2016-02-10,20.477293014526367,20.614322030780915,20.434472059514842,20.434472059514842,2300
2016-02-11,20.023387908935547,20.109031471856195,19.792152412619416,19.860666936252915,5100
2016-02-12,20.43447494506836,20.48586042504128,20.160416873859507,20.263187833805347,6000
2016-02-16,20.811304092407227,20.828433130332144,20.682839575000262,20.7170976508501,2400
2016-02-17,21.265216827392578,21.350860395709525,21.24808778702615,21.333731355343097,56200
2016-02-18,21.29090690612793,21.32516334774345,21.230956908164565,21.230956908164565,8400
2016-02-19,21.11106300354004,21.136756569289496,20.95690487607436,20.999727485656788,6600
2016-02-22,21.436494827270508,21.522136725569595,21.359415811989727,21.359415811989727,10900
2016-02-23,21.316598892211914,21.316598892211914,21.24808437526264,21.27377793168672,2000
2016-02-24,21.385114669799805,21.385114669799805,20.862692059833208,20.93120658082137,10100
2016-02-25,21.505022048950195,21.505022048950195,21.230963891818362,21.342299405584868,6200
2016-02-26,21.676311492919922,21.76195509086094,21.56497595905763,21.65918408014433,10600
2016-02-29,21.701993942260742,21.821893937831984,21.564964909175057,21.564964909175057,4300
2016-03-01,22.001747131347656,22.061697133402046,21.79620356708331,21.80476645293533,5800
2016-03-02,22.43852996826172,22.43852996826172,22.292936392099527,22.335757359523324,19600
2016-03-03,22.935264587402344,22.935264587402344,22.54986928128138,22.54986928128138,3800
2016-03-04,23.235008239746094,23.372038914469293,22.96951467659463,22.96951467659463,5700
2016-03-07,23.628971099853516,23.637535620257065,23.54332752933324,23.54332752933324,1800
2016-03-08,22.969518661499023,23.14080580948279,22.969518661499023,23.14080580948279,4600
2016-03-09,23.123672485351562,23.252137005789404,22.99520796491372,22.99520796491372,6600
2016-03-10,23.055158615112305,23.200752177981183,22.926694091055072,23.200752177981183,12900
2016-03-11,23.54332733154297,23.54332733154297,23.4662482820738,23.4662482820738,5200
2016-03-14,23.42342185974121,23.50050089126238,23.346342828220045,23.363471864894713,2800
2016-03-15,23.27783203125,23.329217515962654,23.11510942389231,23.11510942389231,2600
2016-03-16,23.560461044311523,23.68892560772995,23.34635289410896,23.372046460198867,6500
2016-03-17,24.014368057250977,24.031495465760166,23.611843737250975,23.611843737250975,4200
2016-03-18,24.06575584411621,24.254170423802613,23.96298321568648,24.07432036594498,8100
2016-03-21,24.091442108154297,24.11713566759575,23.9629775779773,23.971542097791115,2200
2016-03-22,24.06575584411621,24.10857681974455,23.903033196400603,23.903033196400603,14600
2016-03-23,23.500503540039062,23.740303546453266,23.500503540039062,23.740303546453266,4400
2016-03-24,23.6546630859375,23.6546630859375,23.320653346501143,23.320653346501143,41500
2016-03-28,23.594715118408203,23.628973203071723,23.43199411680263,23.44055863796851,4200
2016-03-29,23.9801082611084,23.9801082611084,23.44911943086572,23.44911943086572,5700
2016-03-30,24.022933959960938,24.151400157753958,23.945854894691347,24.057192048309894,2500
2016-03-31,24.125701904296875,24.125701904296875,24.005801885401098,24.125701904296875,77000
2016-04-01,24.100004196166992,24.100004196166992,23.765996124706714,23.954410641053414,90900
2016-04-04,23.723176956176758,24.142828615330313,23.714612436579937,24.142828615330313,30900
2016-04-05,23.440555572509766,23.680355599732824,23.431991052463918,23.637534633018756,37800
2016-04-06,23.68891716003418,23.68891716003418,23.41485908686914,23.577581680378994,29000
2016-04-07,23.329214096069336,23.543322156752993,23.25213506354203,23.543322156752993,15700
2016-04-08,23.457685470581055,23.697487156789173,23.354914486145677,23.354914486145677,2800
2016-04-11,23.603275299072266,23.80025598263317,23.569018854223685,23.80025598263317,6100
2016-04-12,23.808820724487305,23.808820724487305,23.55189165079382,23.55189165079382,4600
2016-04-13,24.314109802246094,24.33980335648786,23.945843692354757,23.945843692354757,9500
2016-04-14,24.2455997467041,24.31411427042486,24.228472340910237,24.228472340910237,8500
2016-04-15,24.2455997467041,24.305549750770375,24.194214262292313,24.194214262292313,16500
2016-04-18,24.374061584472656,24.382626103181924,24.18564707341353,24.18564707341353,11800
2016-04-19,24.511093139648438,24.656686695958754,24.511093139648438,24.53678506319351,1800
2016-04-20,24.6224308013916,24.6738162865494,24.408322707466457,24.493966271739538,6400
2016-04-21,24.485403060913086,24.656690198616,24.47683854067642,24.622432117669334,6600
2016-04-22,24.63956069946289,24.74233167335933,24.63956069946289,24.708075226565576,900
2016-04-25,24.536787033081055,24.588172517811557,24.434016063620053,24.588172517811557,429900
2016-04-26,24.802276611328125,24.802276611328125,24.61386210868244,24.630991145336097,41600
2016-04-27,25.03352165222168,25.03352165222168,24.708078020067965,24.708078020067965,23600
2016-04-28,24.690946578979492,24.999262772601174,24.63099657100088,24.999262772601174,60700
2016-04-29,24.485403060913086,24.673817605574126,24.331244963683506,24.673817605574126,20900
2016-05-02,24.613861083984375,25.170541683934307,24.33123852502427,25.170541683934307,39900
2016-05-03,24.168521881103516,24.322679975366384,24.031492826984337,24.322679975366384,8700
2016-05-04,23.92015838623047,24.159958424739287,23.843079335705422,23.971543875408752,206000
2016-05-05,23.868770599365234,24.01436416595109,23.85164156011629,23.997235126702144,6300
2016-05-06,23.945842742919922,24.01435888484802,23.774557288643877,23.783121806384887,18400
2016-05-09,24.005802154541016,24.03149408258373,23.903029541824374,23.92872310338235,4000
2016-05-10,24.27985954284668,24.27985954284668,24.022928835582594,24.022928835582594,10200
2016-05-11,24.091442108154297,24.262729237400386,24.091442108154297,24.168521152963525,5300
2016-05-12,23.885900497436523,24.100008609843847,23.75743595669518,24.100008609843847,7700
2016-05-13,23.55188751220703,23.825945578259415,23.55188751220703,23.825945578259415,34500
2016-05-16,23.791688919067383,23.885895357464076,23.628966331269588,23.628966331269588,4000
2016-05-17,23.61184310913086,23.928723844093867,23.61184310913086,23.748872174651265,10300
2016-05-18,23.483375549316406,23.843077208503466,23.483375549316406,23.834512688818645,6300
2016-05-19,23.54332733154297,23.63753542167534,23.312090183135457,23.62897090134374,4100
2016-05-20,23.877336502075195,23.90303006419467,23.697486467784756,23.697486467784756,10400
2016-05-23,23.817384719848633,23.89446376696102,23.817384719848633,23.83451375998809,4100
2016-05-24,24.151384353637695,24.177076269571646,23.88588924321393,23.88588924321393,13100
2016-05-25,24.476837158203125,24.476837158203125,24.382629074435958,24.4425807127065,8500
2016-05-26,24.511093139648438,24.545349582213525,24.48539958258839,24.545349582213525,1200
2016-05-27,24.605304718017578,24.639562801248765,24.562483747493907,24.59674019720978,12500
2016-05-31,24.725202560424805,24.776588043826894,24.70807352145242,24.70807352145242,3300
2016-06-01,24.75946044921875,24.75946044921875,24.553916870104768,24.553916870104768,18100
2016-06-02,24.82797622680664,24.836540747224063,24.665253605906077,24.69094716715835,6100
2016-06-03,24.750900268554688,24.750900268554688,24.61387119178813,24.631000234762812,1700
2016-06-06,25.059215545654297,25.067780066812723,24.887928389516546,24.887928389516546,7500
2016-06-07,25.170549392700195,25.247628444524267,25.067778412611624,25.067778412611624,202900
2016-06-08,25.26474952697754,25.307570482939393,25.16197694574842,25.16197694574842,4400
2016-06-09,25.07634162902832,25.07634162902832,24.982133540917328,25.07634162902832,3100
2016-06-10,24.613861083984375,24.708069148142666,24.562475609677474,24.665246558291273,3000
2016-06-13,24.339813232421875,24.571050413878393,24.339813232421875,24.485406831837224,4100
2016-06-14,24.0828857421875,24.21991482927832,23.95441954371373,24.21991482927832,13800
2016-06-15,24.159955978393555,24.331243102997608,24.159955978393555,24.271293099440715,4600
2016-06-16,24.048620223999023,24.048620223999023,23.851641176350757,23.877333101295708,3800
2016-06-17,24.134267807006836,24.228475903543696,24.125703286093,24.228475903543696,1100
2016-06-20,24.50252914428711,24.639558184505944,24.485400105881002,24.622429146099837,5200
2016-06-21,24.416885375976562,24.416885375976562,24.26272729867618,24.331241818196904,4300
2016-06-22,24.42205047607422,24.585437894932088,24.40485145510204,24.49944443026011,6900
2016-06-23,24.80901527404785,24.80901527404785,24.59403247555556,24.59403247555556,10500
2016-06-24,23.751300811767578,24.121069855397128,23.656707853528896,23.811495734214514,20100
2016-06-27,22.719385147094727,23.312738206886053,22.676389237913835,23.312738206886053,11300
2016-06-28,23.166540145874023,23.200936530818254,22.96015691564429,22.96015691564429,11000
2016-06-29,23.622314453125,23.682511027572886,23.42453062907736,23.42453062907736,192400
2016-06-30,24.00067710876465,24.00067710876465,23.6739040091938,23.6739040091938,53600
2016-07-01,24.198461532592773,24.30165399012838,23.89748694850657,23.89748694850657,134100
2016-07-05,23.65671730041504,23.96629318540986,23.536327407445622,23.96629318540986,10700
2016-07-06,23.81149673461914,23.81149673461914,23.467524563193297,23.467524563193297,191700
2016-07-07,23.863088607788086,24.03507548806374,23.76849565961763,24.026475980031112,18800
2016-07-08,24.447843551635742,24.465042568769707,24.215661740892866,24.215661740892866,8700
2016-07-11,24.654226303100586,24.68002482824319,24.499438432621986,24.499438432621986,103100
2016-07-12,25.049802780151367,25.161594788778736,24.903614365923417,24.903614365923417,11900
2016-07-13,25.00680160522461,25.032600134142527,24.929407658659617,25.032600134142527,92400
2016-07-14,25.10999870300293,25.178793152592426,25.10999870300293,25.178793152592426,1800
2016-07-15,25.16158676147461,25.195983156101708,25.109991349439678,25.16158676147461,4000
2016-07-18,25.25617790222168,25.25617790222168,25.041195120637248,25.041195120637248,6800
2016-07-19,25.118589401245117,25.178785962611798,25.049794971300354,25.15298743631179,9700
2016-07-20,25.333574295043945,25.359372823477603,25.127190988140853,25.127190988140853,14200
2016-07-21,25.264780044555664,25.471164993159917,25.221784137039876,25.264780044555664,9900
2016-07-22,25.436763763427734,25.445363271889654,25.359369827458995,25.359369827458995,3000
2016-07-25,25.342174530029297,25.36797305920153,25.30777813132176,25.36797305920153,2000
2016-07-26,25.44536781311035,25.46256683310369,25.35077484333582,25.35077484333582,2200
2016-07-27,25.342174530029297,25.531360463581443,25.264780582701377,25.496962424685137,5500
2016-07-28,25.342174530029297,25.342174530029297,25.20458565482161,25.264780582701377,11700
2016-07-29,25.359373092651367,25.359373092651367,25.118591745280987,25.256182258198876,4000
2016-08-01,25.19598388671875,25.324974880829348,25.144388473187686,25.28197733606294,2500
2016-08-02,24.766019821166992,24.809017368608774,24.697225385448867,24.766019821166992,9600
2016-08-03,24.981000900268555,25.032597953609887,24.946604504896282,24.946604504896282,26500
2016-08-04,25.0325984954834,25.127189814946203,25.006799968254278,25.127189814946203,13200
2016-08-05,25.496965408325195,25.514164429785968,25.44536998413184,25.44536998413184,8100
2016-08-08,25.514162063598633,25.643151432214008,25.479764023867165,25.643151432214008,3200
2016-08-09,25.402366638183594,25.471161063709143,25.385167621755084,25.453962047280633,6100
2016-08-10,25.30777931213379,25.410970153259854,25.30777931213379,25.402372283323388,2600
2016-08-11,25.47116470336914,25.47116470336914,25.393770758570255,25.42816715615381,2400
2016-08-12,25.428173065185547,25.496967516527906,25.359378613843187,25.496967516527906,5800
2016-08-15,25.720539093017578,25.737738108678332,25.625946147071843,25.625946147071843,4800
2016-08-16,25.52276039123535,25.66894877294455,25.52276039123535,25.608753846391714,10900
2016-08-17,25.496965408325195,25.522763940516356,25.35077700628655,25.522763940516356,13200
2016-08-18,25.61734962463379,25.686144050700886,25.531356182002792,25.65174601757309,9900
2016-08-19,25.694747924804688,25.703347435096727,25.531362149822584,25.5743580610939,22600
2016-08-22,25.66034698486328,25.66034698486328,25.514158616135088,25.514158616135088,20000
2016-08-23,25.858135223388672,25.92692966522593,25.729145849967423,25.729145849967423,12500
2016-08-24,25.677549362182617,25.858134149434445,25.677549362182617,25.858134149434445,7400
2016-08-25,25.720539093017578,25.780734007641804,25.68614270188448,25.746337616508708,8000
2016-08-26,25.53136444091797,25.866737171458265,25.53136444091797,25.78934321207373,3500
2016-08-29,25.77213478088379,25.840929204088667,25.77213478088379,25.789333796732116,3500
2016-08-30,25.78073501586914,25.858128949180827,25.686143706412558,25.858128949180827,5100
2016-08-31,25.686140060424805,25.806529877292853,25.56574860336852,25.720536448020717,6400
2016-09-01,25.557159423828125,25.84093670696612,25.428170047890656,25.832338836734003,4000
2016-09-02,25.823734283447266,25.823734283447266,25.703342801251992,25.703342801251992,10500
2016-09-06,25.737741470336914,25.978521160282543,25.62594949412905,25.978521160282543,13900
2016-09-07,25.90113067626953,25.918328055193943,25.75494229418523,25.75494229418523,11100
2016-09-08,25.909727096557617,25.978521528973943,25.84093266414129,25.978521528973943,2700
2016-09-09,25.178787231445312,25.686146792926,25.178787231445312,25.67754728372598,16500
2016-09-12,25.47116470336914,25.47116470336914,25.015400544018906,25.075595469931656,8000
2016-09-13,25.0325984954834,25.109992436982104,24.912207008602824,25.109992436982104,6300
2016-09-14,24.90360450744629,25.13578630404659,24.852009099375703,25.13578630404659,29500
2016-09-15,25.16158676147461,25.17018627017853,24.852011008887857,24.98100035906948,9500
2016-09-16,25.049802780151367,25.049802780151367,24.912213877370835,25.015406374550786,5700
2016-09-19,25.230388641357422,25.419572968143324,25.19599059638413,25.419572968143324,18100
2016-09-20,25.092796325683594,25.30777915693148,25.07559730553844,25.30777915693148,3200
2016-09-21,25.34137535095215,25.34137535095215,25.05654388778548,25.203275347373275,47000
2016-09-22,25.600311279296875,25.61757419052791,25.51399836942352,25.522629825039036,19400
2016-09-23,25.46220588684082,25.626200216223353,25.46220588684082,25.608937308650145,15800
2016-09-26,25.25506019592285,25.38452873200332,25.25506019592285,25.298215825855756,4500
2016-09-27,25.25506019592285,25.341373102070417,25.21190291970819,25.25506019592285,11300
2016-09-28,25.53125762939453,25.53125762939453,25.246426219943864,25.298213299949005,2500
2016-09-29,25.375900268554688,25.617576105004865,25.298218808491484,25.617576105004865,11100
2016-09-30,25.677988052368164,25.69525096045211,25.419051016235045,25.462206640163387,18000
2016-10-03,25.479473114013672,25.513997288731584,25.42768438251417,25.496736024513506,143000
2016-10-04,25.453580856323242,25.6262066830549,25.324112309415444,25.57441794726627,41500
2016-10-05,25.729778289794922,25.807459739429962,25.634835576237887,25.64346538505802,50700
2016-10-06,25.712512969970703,25.712512969970703,25.583042810147163,25.583042810147163,1700
2016-10-07,25.574420928955078,25.686628223297326,25.436320909981603,25.686628223297326,26000
2016-10-10,25.764305114746094,25.816092201094712,25.72977929299249,25.816092201094712,1500
2016-10-11,25.41042709350586,25.634840026265618,25.27232708046632,25.634840026265618,14100
2016-10-12,25.453580856323242,25.58304940323104,25.35000667730976,25.35000667730976,28700
2016-10-13,25.306846618652344,25.306846618652344,25.06517246330347,25.06517246330347,3200
2016-10-14,25.298221588134766,25.462215982540634,25.272328862790033,25.444953068122725,4400
2016-10-17,25.211902618408203,25.298215523524267,25.20327280955016,25.237796983827543,3300
2016-10-18,25.41905403137207,25.427683840156163,25.350004037127288,25.393159666174633,4100
2016-10-19,25.59168243408203,25.608945347073917,25.367269504033487,25.401795330017258,7600
2016-10-20,25.401796340942383,25.46221489253649,25.34137778934827,25.46221489253649,6100
2016-10-21,25.349998474121094,25.349998474121094,25.160109796907335,25.255054135514214,800
2016-10-24,25.488107681274414,25.52263186020761,25.45358185605926,25.52263186020761,3000
2016-10-25,25.298221588134766,25.419060342777993,25.26369740558108,25.419060342777993,5700
2016-10-26,25.28958511352539,25.41905529969096,25.27232384881421,25.41905529969096,29000
2016-10-27,25.134220123291016,25.522625685299456,25.091062852213483,25.522625685299456,12900
2016-10-28,25.065174102783203,25.255061186732114,25.04791119162008,25.255061186732114,3000
2016-10-31,25.22053337097168,25.22053337097168,25.108327749843756,25.13422211454175,21200
2016-11-01,24.961599349975586,25.280956635028623,24.858023524847553,25.280956635028623,15800
2016-11-02,24.840755462646484,24.918436898667924,24.78033528752202,24.918436898667924,76700
2016-11-03,24.71129035949707,24.728553270206415,24.68539763971483,24.728553270206415,4500
2016-11-04,24.935705184936523,24.935705184936523,24.935705184936523,24.935705184936523,300
2016-11-07,25.211902618408203,25.211902618408203,25.03064699931803,25.03064699931803,1200
2016-11-08,25.27232551574707,25.289586781596785,25.09969968699465,25.09969968699465,9900
2016-11-09,25.928300857543945,25.971456490754445,25.341375026702643,25.427686293123642,10400
2016-11-10,26.523853302001953,26.532484756860377,26.247653331659055,26.247653331659055,2500
2016-11-11,26.636066436767578,26.636066436767578,26.42891641337555,26.42891641337555,3800
2016-11-14,27.26614761352539,27.26614761352539,27.171203236667644,27.171203236667644,2100
2016-11-15,27.36971664428711,27.36971664428711,27.13667394379563,27.13667394379563,17400
2016-11-16,27.343826293945312,27.36108920548638,27.23161901521023,27.23161901521023,170800
2016-11-17,27.421510696411133,27.456034876921503,27.369721956222527,27.369721956222527,6600
2016-11-18,27.44739532470703,27.473289687163877,27.404239700227166,27.404239700227166,2900
2016-11-21,27.594127655029297,27.637284927201904,27.473290585509204,27.637284927201904,4200
2016-11-22,27.87034034729004,27.87034034729004,27.697714482477508,27.80992178849033,21300
2016-11-23,27.982534408569336,27.982534408569336,27.749493360404166,27.83580461583102,6800
2016-11-25,28.051591873168945,28.12064352590286,28.025699149675738,28.12064352590286,1700
2016-11-28,27.913488388061523,27.973906930406127,27.878962565989287,27.973906930406127,1200
2016-11-29,27.792644500732422,27.870325935099526,27.749488879986878,27.84442992860195,12500
2016-11-30,27.82717514038086,27.88759367841548,27.714967872932252,27.714967872932252,47200
2016-12-01,27.96527862548828,28.094745526378073,27.92211969929456,27.95664552322402,13400
2016-12-02,27.87896156311035,28.05158737469812,27.87896156311035,28.05158737469812,9200
2016-12-05,28.23284339904785,28.23284339904785,28.11200631697704,28.172424858012448,7700
2016-12-06,28.5694580078125,28.5694580078125,28.23283952747194,28.23283952747194,9800
2016-12-07,28.949235916137695,28.94923591613769,28.698928680289935,28.698928680289935,7000
2016-12-08,29.303123474121094,29.363542020645077,28.914716180349895,28.914716180349895,10400
2016-12-09,29.29448699951172,29.32038301115803,29.242701561346028,29.277224089268667,3100
2016-12-12,29.09596824645996,29.346275504211107,29.09596824645996,29.346275504211107,6300
2016-12-13,29.113231658935547,29.165020390159462,28.957868757827303,29.113231658935547,6000
2016-12-14,28.707563400268555,29.009659413604403,28.6989335907738,29.009659413604403,7200
2016-12-15,28.88018226623535,29.061437855035628,28.854289551424717,28.854289551424717,4900
2016-12-16,28.81976890563965,29.070076168913005,28.78524308465777,28.837031816130587,3200
2016-12-19,28.9837703704834,28.9837703704834,28.862929974276657,28.92334852609796,1600
2016-12-20,29.10460662841797,29.441225205230825,29.03555497544916,29.441225205230825,18800
2016-12-21,29.070781707763672,29.12280338651739,29.070781707763672,29.09679420082731,2800
2016-12-22,28.802021026611328,29.140153784235054,28.758667959326498,29.140153784235054,8700
2016-12-23,28.836698532104492,28.87137966260002,28.802020708983605,28.836698532104492,9400
2016-12-27,29.001426696777344,29.01876725870575,28.984086134848933,29.01876725870575,1600
2016-12-28,28.619945526123047,28.87137875323425,28.619945526123047,28.87137875323425,3000
2016-12-29,28.689302444458008,28.793342505926084,28.5939310100398,28.732652194455213,9300
2016-12-30,28.541906356811523,28.88004230931568,28.541906356811523,28.88004230931568,15400
2017-01-03,28.784679412841797,29.010100140589625,28.63728626566569,28.81936054245671,276900
2017-01-04,29.339569091796875,29.339569091796875,28.992764353249886,28.992764353249886,418700
2017-01-05,29.001426696777344,29.209506825170248,28.82802438486725,29.140147884830615,14200
2017-01-06,28.93206214904785,29.07078332607319,28.897384335321828,28.99275245728558,11600
2017-01-09,28.715312957763672,28.88004664567654,28.671963205766524,28.88004664567654,79300
2017-01-10,28.940738677978516,28.98408843254907,28.80201747892818,28.80201747892818,17800
2017-01-11,28.98409080505371,29.02744056317268,28.854038223322274,28.93206911088623,31300
2017-01-12,28.819353103637695,28.84536229044814,28.5419074457069,28.84536229044814,9600
2017-01-13,28.94940185546875,29.062113842030655,28.880042922689334,28.99275160187759,16700
2017-01-17,28.723983764648438,28.97541363930833,28.680634014353554,28.94940445060619,48800
2017-01-18,28.836698532104492,28.89739216415899,28.645958929128362,28.89739216415899,25700
2017-01-19,28.576595306396484,28.854037722390668,28.541914177553593,28.715316514393578,12800
2017-01-20,28.741323471069336,28.854032157007694,28.61993954353181,28.854032157007694,19300
2017-01-23,28.61127281188965,28.654622563766182,28.463882994034616,28.654622563766182,10200
2017-01-24,29.105464935302734,29.13147412287689,28.60260190041749,28.60260190041749,15400
2017-01-25,29.339569091796875,29.374250227126595,29.261538190992557,29.322228524132015,16700
2017-01-26,29.226852416992188,29.40025475874454,29.209511852079494,29.40025475874454,17800
2017-01-27,29.018774032592773,29.166163882328636,28.966752334664058,29.166163882328636,10000
2017-01-30,28.767343521118164,28.95808645761069,28.446551288505812,28.95808645761069,18900
2017-01-31,28.897390365600586,28.90605899399762,28.60260738948501,28.611276017882037,13200
2017-02-01,28.862709045410156,29.096801699067175,28.75866566109076,28.95808049401573,14500
2017-02-02,28.7586669921875,28.94940989822719,28.723989169850384,28.793348121899182,12900
2017-02-03,29.0881290435791,29.15749129807569,28.94073921383535,28.94073921383535,23100
2017-02-06,28.90606117248535,29.105472714389943,28.888720607009994,29.088132148914585,6700
2017-02-07,28.836698532104492,28.975419746711967,28.767339578488073,28.966751117775406,10400
2017-02-08,28.819353103637695,28.82802173011661,28.524570192749074,28.524570192749074,27600
2017-02-09,29.096803665161133,29.183503183911235,28.99276027381144,28.99276027381144,14800
2017-02-10,29.339569091796875,29.348237721941754,29.235528993182818,29.287547388802295,22200
2017-02-13,29.40025520324707,29.495626658021514,29.40025520324707,29.40025520324707,11400
2017-02-14,29.50428581237793,29.530298305474297,29.42625494783596,29.434926881325936,18300
2017-02-15,29.63433837890625,29.686360057766088,29.45226746395717,29.521626395063386,12600
2017-02-16,29.4869441986084,29.67768704008603,29.452266388008923,29.67768704008603,6700
2017-02-17,29.469606399536133,29.538965326820048,29.356894421904716,29.538965326820048,18600
2017-02-21,29.75572967529297,29.799079436224606,29.625677085123296,29.625677085123296,9100
2017-02-22,29.63433837890625,29.80774066773214,29.582316700046412,29.80774066773214,9900
2017-02-23,29.495620727539062,29.825084784869166,29.495620727539062,29.825084784869166,8900
2017-02-24,29.55630874633789,29.564977372822426,29.330888076629222,29.330888076629222,7700
2017-02-27,29.7730712890625,29.781739918604035,29.486956903568768,29.486956903568768,8600
2017-02-28,29.365568161010742,29.617001344365725,29.356899533855792,29.617001344365725,10200
2017-03-01,29.84241485595703,29.89443652850009,29.573644482917466,29.573644482917466,29600
2017-03-02,29.59965705871582,29.851090210437718,29.57364787314926,29.851090210437718,7900
2017-03-03,29.564983367919922,29.651686187215134,29.45227466389771,29.634345623356094,14800
2017-03-06,29.32222557067871,29.41759702954169,29.23552604846224,29.41759702954169,5200
2017-03-07,29.053451538085938,29.183504127792016,29.053451538085938,29.088132669657522,7500
2017-03-08,29.12281036376953,29.14015092750856,29.04477948063107,29.04477948063107,10500
2017-03-09,28.87137222290039,29.070783710802512,28.802013287156683,29.010093401761598,8200
2017-03-10,29.079458236694336,29.079458236694336,28.92339648314417,29.05344573951992,7500
2017-03-13,29.079458236694336,29.096798799019254,29.027436549719585,29.044777112044503,11900
2017-03-14,28.940738677978516,28.949407305942916,28.749995789018957,28.86270779680181,7300
2017-03-15,29.348228454589844,29.348228454589844,29.070786074310856,29.070786074310856,13300
2017-03-16,29.348228454589844,29.391581513749856,29.278869513207127,29.313550637585514,7400
2017-03-17,29.296205520629883,29.356895825169335,29.226843282657057,29.330886639616295,8900
2017-03-20,29.079458236694336,29.148817178619918,29.036108484569088,29.140148551144502,6000
2017-03-21,28.619945526123047,29.140152545047034,28.533246009989654,29.140152545047034,9400
2017-03-22,28.45520782470703,28.481217011401654,28.229787156148372,28.37717695724948,6500
2017-03-23,28.551631927490234,28.734045242842953,28.395279550635436,28.395279550635436,11400
2017-03-24,28.51689338684082,28.699303413317764,28.430029102661106,28.64718484280994,12600
2017-03-27,28.482141494750977,28.482141494750977,28.00439963276324,28.00439963276324,10500
2017-03-28,28.80353355407715,28.80353355407715,28.456083088897657,28.456083088897657,9100
2017-03-29,28.890399932861328,28.890399932861328,28.716677981218062,28.716677981218062,106700
2017-03-30,29.124914169311523,29.124914169311523,28.951192303408128,28.951192303408128,25800
2017-03-31,29.046743392944336,29.203095752089368,29.046743392944336,29.107546719997092,20100
2017-04-03,28.76009750366211,29.020683645306217,28.621118007216413,28.985937942811653,127900
2017-04-04,28.681922912597656,28.742726238552233,28.6037467344371,28.681922912597656,373700
2017-04-05,28.473453521728516,28.916452992830145,28.447395898792983,28.916452992830145,20800
2017-04-06,28.690608978271484,28.74272753724433,28.360534712042156,28.360534712042156,36900
2017-04-07,28.681922912597656,28.707980534140262,28.59505865156773,28.59505865156773,4200
2017-04-10,28.80353355407715,28.855652117914033,28.638496405560154,28.81221832461669,5000
2017-04-11,28.820911407470703,28.846969037142053,28.569009942201724,28.621128515078205,9800
2017-04-12,28.612438201904297,28.80353630737318,28.551634861715748,28.786163451100233,17600
2017-04-13,28.30841827392578,28.577692545160073,28.30841827392578,28.542946836575037,7200
2017-04-17,28.595056533813477,28.595056533813477,28.377900867620365,28.377900867620365,17300
2017-04-18,28.65586280822754,28.66454757681168,28.49951046545324,28.638489957526787,11600
2017-04-19,28.73404884338379,28.916458868060346,28.699303130054844,28.699303130054844,7000
2017-04-20,29.012004852294922,29.02937439358739,28.777476282447637,28.803533907919586,15200
2017-04-21,28.96857452392578,28.994635466048603,28.9077711815286,28.98594738082978,4600
2017-04-24,29.272581100463867,29.272581100463867,29.168347320462626,29.194404937079906,4200
2017-04-25,29.45500373840332,29.48106136625095,29.359454684917285,29.428946110555692,4900
2017-04-26,29.585289001464844,29.59397377011319,29.333387634740475,29.333387634740475,30300
2017-04-27,29.411558151245117,29.446303846222328,29.359439608779297,29.4376157657121,2800
2017-04-28,29.038061141967773,29.307335409079425,29.020688287941237,29.307335409079425,17600
2017-05-01,29.00330924987793,29.090173501489556,28.92513308019366,28.95987878083831,6700
2017-05-02,28.881702423095703,28.96856336060936,28.85564480454808,28.85564480454808,4100
2017-05-03,28.725353240966797,28.786156566613645,28.725353240966797,28.786156566613645,3500
2017-05-04,28.742725372314453,28.751410141389332,28.603745872387833,28.673233965584817,3600
2017-05-05,28.96857452392578,28.96857452392578,28.812222125323416,28.916459266747424,2500
2017-05-08,28.89908218383789,29.13361074744557,28.881709329474376,29.13361074744557,3700
2017-05-09,28.716670989990234,28.97725716754786,28.716670989990234,28.97725716754786,5700
2017-05-10,28.864330291748047,28.873018373835208,28.76009650142926,28.786154120625845,16300
2017-05-11,28.69930076599121,28.69930076599121,28.50820267195705,28.57769409289068,8100
2017-05-12,28.403963088989258,28.69060685832761,28.403963088989258,28.69060685832761,13500
2017-05-15,28.56899642944336,28.68191829383162,28.56899642944336,28.68191829383162,1500
2017-05-16,28.438709259033203,28.569000678676616,28.430021176270685,28.569000678676616,2900
2017-05-17,28.039140701293945,28.169435436380024,27.917534049097743,28.169435436380024,68500
2017-05-18,27.99571418762207,28.039144667616707,27.795931328820163,27.8741075182238,6900
2017-05-19,28.160751342773438,28.2476156163137,28.12600894689056,28.152066572186026,5500
2017-05-22,28.28235626220703,28.30841388283728,28.23892247644644,28.29972911380474,3900
2017-05-23,28.291040420532227,28.33447089182267,28.247609949241788,28.247609949241788,4700
2017-05-24,28.377901077270508,28.38658915956062,28.28235536680697,28.38658915956062,2400
2017-05-25,28.369216918945312,28.516884499261895,28.317098364680767,28.421335473209858,6600
2017-05-26,28.377901077270508,28.377901077270508,28.28235536680697,28.28235536680697,5600
2017-05-30,28.238920211791992,28.273665912200936,28.238920211791992,28.273665912200936,2500
2017-05-31,28.169443130493164,28.308422672896796,27.969660245383796,28.308422672896796,8000
2017-06-01,28.690608978271484,28.690608978271484,28.43002281047305,28.438710893734974,39200
2017-06-02,28.75141143798828,28.8295876173183,28.725353816055875,28.725353816055875,17700
2017-06-05,28.560319900512695,28.707984192783286,28.560319900512695,28.62980800465969,5900
2017-06-06,28.473453521728516,28.473453521728516,28.264985911178396,28.360534946652585,5300
2017-06-07,28.377901077270508,28.499511034604385,28.377901077270508,28.499511034604385,1400
2017-06-08,28.629810333251953,28.629810333251953,28.49951888480421,28.508203655954016,500
2017-06-09,28.846965789794922,28.899084356804337,28.690613402300094,28.690613402300094,23100
2017-06-12,28.994630813598633,29.16835604122922,28.968569875657522,29.159667957404476,5400
2017-06-13,29.1596622467041,29.18571986600891,29.090174157380453,29.18571986600891,2600
2017-06-14,29.00330924987793,29.203092058286085,28.933821162121017,29.203092058286085,6400
2017-06-15,28.959890365600586,28.968575137469703,28.881714164643657,28.890398936512778,21600
2017-06-16,28.777467727661133,28.84695581277376,28.760094877999908,28.84695581277376,3100
2017-06-19,29.012004852294922,29.1249234383622,28.968571058464008,29.02937439358739,6700
2017-06-20,28.75141143798828,28.890390944182446,28.75141143798828,28.890390944182446,2800
2017-06-21,28.51689338684082,28.760106755476748,28.46477481633299,28.681930556481824,5300
2017-06-22,28.597070693969727,28.684228978457273,28.370453834501426,28.370453834501426,7300
2017-06-23,28.710386276245117,28.710386276245117,28.50991948886613,28.50991948886613,3200
2017-06-26,28.88469886779785,28.954428162953146,28.675517632083555,28.675517632083555,4500
2017-06-27,28.823694229125977,28.963149527616206,28.823694229125977,28.841126557046827,3800
2017-06-28,29.10260009765625,29.15489707292184,29.093885597550006,29.093885597550006,6600
2017-06-29,29.02415657043457,29.11131819669778,28.832407642407652,29.05030672075157,9400
2017-06-30,29.111312866210938,29.111312866210938,28.954425292540453,28.980572113193713,5800
2017-07-03,29.285629272460938,29.320493916386297,29.207185486066606,29.207185486066606,4400
2017-07-05,29.03287124633789,29.146176360875884,29.03287124633789,29.146176360875884,10300
2017-07-06,28.88469886779785,29.024154133232646,28.88469886779785,28.989289485655,5100
2017-07-07,28.99801254272461,28.99801254272461,28.945715561921066,28.945715561921066,3300
2017-07-10,28.919572830200195,29.041595811149055,28.902140500796524,28.902140500796524,6600
2017-07-11,28.858558654785156,28.91085231325402,28.692953203296266,28.82369399922154,8200
2017-07-12,29.0677433013916,29.172337280183392,29.03288196667128,29.172337280183392,3200
2017-07-13,29.198471069335938,29.198471069335938,29.09388046214225,29.11131278415377,9700
2017-07-14,29.407651901245117,29.47737785562557,29.198467388353688,29.198467388353688,14000
2017-07-17,29.442516326904297,29.442516326904297,29.390222686812354,29.390222686812354,500
2017-07-18,29.2420597076416,29.381515004143374,29.128751240209997,29.381515004143374,5900
2017-07-19,29.512245178222656,29.54710982101996,29.398936751569092,29.416369072967743,2400
2017-07-20,29.59068489074707,29.65169634481022,29.477376479683418,29.54710575568409,11100
2017-07-21,29.512245178222656,29.512245178222656,29.398936751569092,29.398936751569092,600
2017-07-24,29.39893341064453,29.529674143839237,29.3902189133732,29.529674143839237,55400
2017-07-25,29.69527816772461,29.747575129458745,29.60811988970957,29.721424986154087,4200
2017-07-26,29.503530502319336,29.59940661780165,29.503530502319336,29.529680649644497,57100
2017-07-27,29.442516326904297,29.529677935183184,29.372790365156575,29.47738097021585,10400
2017-07-28,29.294353485107422,29.303067985551706,29.25077433313364,29.303067985551706,2400
2017-07-31,29.346641540527344,29.346641540527344,29.198471787100225,29.285630074424937,2000
2017-08-01,29.390226364135742,29.416373187453225,29.250771098316182,29.285632421114222,19900
2017-08-02,29.25948715209961,29.25948715209961,29.189761177923796,29.224622502573713,3300
2017-08-03,29.146183013916016,29.32050296244915,29.146183013916016,29.32050296244915,6000
2017-08-04,29.337928771972656,29.337928771972656,29.294349625740185,29.32049644850452,1300
2017-08-07,29.39893341064453,29.42508022733349,29.35535427453795,29.35535427453795,3600
2017-08-08,29.346641540527344,29.520961440052304,29.346641540527344,29.520961440052304,900
2017-08-09,29.059019088745117,29.163609707710602,29.032872265222707,29.128745059763496,7900
2017-08-10,28.631935119628906,28.94571029763182,28.631935119628906,28.94571029763182,12100
2017-08-11,28.640653610229492,28.640653610229492,28.623221286059817,28.631935785706723,1100
2017-08-14,28.902132034301758,28.94571118260658,28.806255913105613,28.806255913105613,2500
2017-08-15,28.727813720703125,28.823689847254112,28.710381395432393,28.814975347056784,4400
2017-08-16,28.719097137451172,28.823687756613314,28.60578869384794,28.60578869384794,92800
2017-08-17,28.20485496520996,28.666799910199387,28.20485496520996,28.597073939670704,6400
2017-08-18,28.20485496520996,28.239719612912207,28.0392495510622,28.0392495510622,10000
2017-08-21,28.135128021240234,28.169992671856342,28.10026669550021,28.10026669550021,6800
2017-08-22,28.292011260986328,28.344308228845335,28.24843211687494,28.318161407353617,3200
2017-08-23,28.3966064453125,28.405320944567727,28.292012504995455,28.292012504995455,3800
2017-08-24,28.35301971435547,28.50990727638289,28.35301971435547,28.50990727638289,2000
2017-08-25,28.666797637939453,28.675515461611905,28.448898594385795,28.448898594385795,4600
2017-08-28,28.544769287109375,28.597066244590348,28.50990464878873,28.597066244590348,4200
2017-08-29,28.536062240600586,28.57092356314845,28.379174652069963,28.379174652069963,22200
2017-08-30,28.727813720703125,28.727813720703125,28.492482316862358,28.61450859375748,12200
2017-08-31,28.849834442138672,28.875984590460956,28.70166467610761,28.70166467610761,6800
2017-09-01,29.181049346923828,29.181049346923828,29.006729388364807,29.006729388364807,12100
2017-09-05,28.666797637939453,29.050302082514243,28.666797637939453,29.041584258841795,15600
2017-09-06,28.823694229125977,28.823694229125977,28.719103586477452,28.753968242319154,800
2017-09-07,28.536062240600586,28.605788210572097,28.536062240600586,28.597073711154074,1400
2017-09-08,28.79754638671875,28.79754638671875,28.501203472241414,28.518635799549077,129200
2017-09-11,29.076446533203125,29.09387885425124,28.82368286531835,28.82368286531835,4500
2017-09-12,29.346641540527344,29.346641540527344,29.24205093076258,29.24205093076258,900
2017-09-13,29.46866226196289,29.46866226196289,29.355353849825153,29.37278616899057,76600
2017-09-14,29.285629272460938,29.390223204237014,29.285629272460938,29.346640736892592,7500
2017-09-15,29.49481964111328,29.520966466787787,29.320499711905683,29.4250903394798,14100
2017-09-18,29.564538955688477,29.64298273991128,29.5558244573861,29.64298273991128,900
2017-09-19,29.547107696533203,29.59940133209382,29.547107696533203,29.59940133209382,5800
2017-09-20,29.703996658325195,29.7039966583252,29.590688234457836,29.625552876397833,5000
2017-09-21,29.587675094604492,29.666385773324222,29.561434865368703,29.666385773324222,1400
2017-09-22,29.63140869140625,29.63140869140625,29.613916314802747,29.613916314802747,1500
2017-09-25,29.81507110595703,29.85005585618915,29.718864710983414,29.81507110595703,9900
2017-09-26,29.920021057128906,29.946261287122965,29.858799414358273,29.858799414358273,6300
2017-09-27,30.10368537902832,30.10368537902832,29.80632502660635,29.955005202817333,33800
2017-09-28,30.147418975830078,30.21738513860799,29.998735458391824,30.21738513860799,7200
2017-09-29,30.10368537902832,30.252368891568544,30.094940860092652,30.252368891568544,6300
2017-10-02,30.304855346679688,30.331092247895686,30.19990106915515,30.234885828329993,4800
2017-10-03,30.409799575805664,30.409799575805664,30.261116050295215,30.322337697173186,5900
2017-10-04,30.38355827331543,30.44477991131334,30.30484426212825,30.30484426212825,10900
2017-10-05,30.444787979125977,30.52350201117223,30.401055366399223,30.401055366399223,11900
2017-10-06,30.3135929107666,30.401051452300063,30.287356015572463,30.401051452300063,5300
2017-10-09,30.121187210083008,30.27861529098505,30.121187210083008,30.27861529098505,6300
2017-10-10,30.234880447387695,30.331086849831404,30.22613592731539,30.22613592731539,2600
2017-10-11,30.15616798400879,30.191152738770143,30.129931086102694,30.173660361389466,3200
2017-10-12,30.1386775970459,30.1386775970459,30.007489762521686,30.12993307594298,2900
2017-10-13,30.1911563873291,30.269870426889707,30.121186869350677,30.121186869350677,7600
2017-10-16,30.15616798400879,30.164915840864047,30.06870943343525,30.112438708722017,7100
2017-10-17,30.10368537902832,30.20863962423174,30.086196341156988,30.086196341156988,4600
2017-10-18,30.287357330322266,30.296101850323403,30.26111709765956,30.26111709765956,6900
2017-10-19,30.287357330322266,30.313594226655326,30.02497835800272,30.02497835800272,4400
2017-10-20,30.54099464416504,30.575979403928535,30.49726536262583,30.49726536262583,3100
2017-10-23,30.35732078552246,30.540985716094422,30.35732078552246,30.479764072570433,15200
2017-10-24,30.427291870117188,30.506005892511034,30.313593096363956,30.506005892511034,8300
2017-10-25,30.208637237548828,30.269858874249287,30.03371684569224,30.269858874249287,5400
2017-10-26,30.40105438232422,30.401054382324215,30.23488180286329,30.23488180286329,4500
2017-10-27,30.39230728149414,30.409799657267495,30.14742069332626,30.23487923586349,6500
2017-10-30,30.252376556396484,30.392312249126306,30.199899420499015,30.392312249126306,3700
2017-10-31,30.32233238220215,30.34857260935721,30.25236622788953,30.31358786403643,4700
2017-11-01,30.39230728149414,30.51475057557808,30.261116131358754,30.453528928536112,7100
2017-11-02,30.3135929107666,30.39230693267852,30.1998941377095,30.278608159621417,3800
2017-11-03,30.1911563873291,30.278614948471883,30.1911563873291,30.199900908911278,3800
2017-11-06,30.261119842529297,30.34858173212224,30.2173905658978,30.261119842529297,5000
2017-11-07,30.00748062133789,30.278604065226922,29.946258983277204,30.156160789105545,3400
2017-11-08,30.094947814941406,30.103692335897904,29.86755357044237,29.86755357044237,4300
2017-11-09,30.077449798583984,30.156163817757303,29.928769615884043,30.147419298439996,4500
2017-11-10,30.077449798583984,30.164911673403996,29.946261990848047,29.946261990848047,3800
2017-11-13,30.10368537902832,30.112433234293224,29.94626068388167,29.99873447015414,36000
2017-11-14,30.051219940185547,30.051219940185547,30.00749066070191,30.042472082490722,3100
2017-11-15,29.998735427856445,30.033720177374466,29.902529034846566,29.937513784364583,8800
2017-11-16,30.252376556396484,30.261121077547685,30.164917999564125,30.252376556396484,6500
2017-11-17,30.38355827331543,30.453524429743453,30.296096407369095,30.296096407369095,8000
2017-11-20,30.60221290588379,30.60221290588379,30.383563209985684,30.383563209985684,2100
2017-11-21,30.50600242614746,30.58471643959712,30.47976219744481,30.532239318520965,3900
2017-11-22,30.60221290588379,30.62844980176609,30.593465049703294,30.593465049703294,1900
2017-11-24,30.59346580505371,30.593465805053714,30.593465805053714,30.593465805053714,500
2017-11-27,30.558488845825195,30.558488845825195,30.532251942603594,30.54099646490062,2400
2017-11-28,30.759641647338867,30.794626403985028,30.60221691509118,30.60221691509118,2800
2017-11-29,31.380611419677734,31.41559284224457,31.06575526226451,31.06575526226451,5200
2017-11-30,31.476806640625,31.581757543649775,31.30188624469767,31.30188624469767,18600
2017-12-01,31.380611419677734,31.48556236003873,31.135721443728425,31.48556236003873,16500
2017-12-04,31.695451736450195,31.98406751228212,31.695451736450195,31.712940770827885,3100
2017-12-05,31.476806640625,31.555520651975844,31.363107882822877,31.555520651975844,5300
2017-12-06,31.240671157836914,31.293144952188694,31.240671157836914,31.24941567811896,2000
2017-12-07,31.275659561157227,31.275659561157223,31.240678135885695,31.240678135885695,500
2017-12-08,31.450572967529297,31.503050098143458,31.32812966575933,31.32812966575933,3300
2017-12-11,31.450572967529297,31.476813201001253,31.450572967529297,31.459320824129865,1700
2017-12-12,31.44183349609375,31.677975617281852,31.380611835377977,31.677975617281852,6500
2017-12-13,31.459321975708008,31.459321975708008,31.293146057511777,31.293146057511777,2000
2017-12-14,30.960798263549805,31.21442937509794,30.960798263549805,31.153207727172916,5100
2017-12-15,31.406837463378906,31.406837463378906,31.25815729396024,31.25815729396024,4000
2017-12-18,31.686710357666016,31.712947250922266,31.520537806494346,31.520537806494346,11600
2017-12-19,31.616748809814453,31.730444254732745,31.5992564329817,31.65173022715022,6700
2017-12-20,31.756671905517578,31.756671905517578,31.677957909123116,31.721687165713725,1600
2017-12-21,31.94849967956543,31.957297018045693,31.886908240758537,31.957297018045693,3200
2017-12-22,31.895702362060547,31.895702362060547,31.798914866131764,31.798914866131764,10200
2017-12-26,31.974889755249023,32.05407921438138,31.974889755249023,32.01008581630366,4700
2017-12-27,31.930906295776367,32.01009577955673,31.930906295776367,31.966102367785897,3700
2017-12-28,32.01009750366211,32.01009750366211,31.983698769992007,31.983698769992007,900
2017-12-29,31.913305282592773,32.19486711943791,31.913305282592773,32.19486711943791,5900
2018-01-02,32.018882751464844,32.02768344485861,31.948493986720134,31.966092017026583,3700
2018-01-03,32.080474853515625,32.080474853515625,32.00128539371287,32.06287682283933,4100
2018-01-04,32.20366668701172,32.20366668701172,32.071686454878,32.071686454878,2800
2018-01-05,32.238861083984375,32.238861083984375,32.177269640890714,32.177269640890714,2200
2018-01-08,32.39723205566406,32.40603274906973,32.203657078512435,32.203657078512435,7200
2018-01-09,32.41483688354492,32.52042173118698,32.35324544271357,32.35324544271357,5500
2018-01-10,32.24764633178711,32.34443044136989,32.230048305550156,32.23884564042848,5100
2018-01-11,32.73158264160156,32.73158264160156,32.37083146919881,32.37083146919881,3400
2018-01-12,32.889976501464844,32.97796332249334,32.87237846596273,32.90757453696696,2700
2018-01-16,32.57321548461914,33.074747701153264,32.511624044447004,33.074747701153264,10600
2018-01-17,32.81078338623047,32.828381419783646,32.67000247428679,32.7931853526773,9700
2018-01-18,32.63480758666992,32.64360492552361,32.58201348410232,32.64360492552361,1500
2018-01-19,32.85478210449219,32.87238014089096,32.62601434427258,32.62601434427258,2900
2018-01-22,32.98676300048828,32.98676300048828,32.81958334661854,32.93396889561121,6300
2018-01-23,33.07474136352539,33.07474136352539,32.89876441540413,33.06594402653583,8100
2018-01-24,33.01314926147461,33.15393014580256,32.87236837714666,33.06594335177798,6100
2018-01-25,32.74038314819336,32.86356599609393,32.72278511899601,32.837170630538346,11300
2018-01-26,32.960357666015625,32.960357666015625,32.74038730782308,32.81957677103165,4400
2018-01-29,32.73158264160156,32.90755956004985,32.73158264160156,32.84596814206503,1700
2018-01-30,32.353248596191406,32.476431489860765,32.29165714935672,32.46763415023386,5100
2018-01-31,32.20366668701172,32.37964368633876,32.20366668701172,32.37964368633876,2600
2018-02-01,32.106876373291016,32.20366051571584,32.036484244456844,32.036484244456844,3500
2018-02-02,31.587736129760742,31.922088565995264,31.543739384984285,31.922088565995264,5100
2018-02-05,30.66387367248535,31.429373112484377,30.479099334478164,31.42057241649428,15900
2018-02-06,30.69905662536621,30.8838308844169,29.308845979890716,29.81917536533746,14900
2018-02-07,30.78704833984375,30.97182260834461,30.78704833984375,30.813443704920783,3900
2018-02-08,30.01276206970215,30.619879168537775,29.93357259102951,30.619879168537775,4300
2018-02-09,30.223928451538086,30.223928451538086,29.33524960547668,29.62560875769179,7700
2018-02-12,30.303119659423828,30.452701269704885,29.968767083937752,30.056753897174765,12700
2018-02-13,30.426298141479492,30.426298141479492,30.32951065770048,30.364703360135735,1800
2018-02-14,30.980627059936523,30.98942775463735,30.435101465340544,30.435101465340544,95000
2018-02-15,31.139013290405273,31.26219619320539,30.90144482508403,30.980634313524444,2400
2018-02-16,31.297391891479492,31.402976755971437,31.24459778099236,31.27099651447709,2200
2018-02-20,30.91023826599121,31.297384920553306,30.91023826599121,31.297384920553306,2700
2018-02-21,30.83104705810547,31.253389754677702,30.83104705810547,31.253389754677702,3600
2018-02-22,30.936628341674805,31.121402620873237,30.936628341674805,31.1038045909761,8200
2018-02-23,31.147811889648438,31.147811889648438,30.927841476180532,31.068622406540708,4500
2018-02-26,31.33258628845215,31.33258628845215,31.08622049899383,31.147811946358406,4500
2018-02-27,30.90144157409668,31.561352789513357,30.90144157409668,31.517359379781983,9800
2018-02-28,30.496692657470703,30.96302877842306,30.496692657470703,30.901437341938088,5400
2018-03-01,30.303119659423828,30.70786772716671,30.303119659423828,30.47029930364864,4800
2018-03-02,30.795852661132812,30.795852661132812,30.047954724812215,30.047954724812215,1800
2018-03-05,30.989429473876953,31.007027507773337,30.716664983205675,30.716664983205675,3700
2018-03-06,31.200613021850586,31.200613021850586,30.839861557992695,31.01583861861482,800
2018-03-07,31.23579216003418,31.27978556220273,31.007024454868862,31.042217162714838,3600
2018-03-08,31.0598201751709,31.45576757113897,30.89264387753192,31.45576757113897,13100
2018-03-09,31.367778778076172,31.385373455472074,31.2621905748102,31.2621905748102,1400
2018-03-12,31.605342864990234,31.605342864990234,31.605342864990234,31.605342864990234,500
2018-03-13,31.526151657104492,31.710925942524707,31.526151657104492,31.55254702459849,2100
2018-03-14,31.209394454956055,31.235789822986007,31.16539769959789,31.235789822986007,1600
2018-03-15,30.99822425842285,31.21819462928008,30.99822425842285,31.16540053194101,1900
2018-03-16,31.297391891479492,31.297391891479492,30.936640527689892,30.936640527689892,5100
2018-03-19,30.83104705810547,30.83104705810547,30.81344902618812,30.81344902618812,1100
2018-03-20,30.857439041137695,30.980621894558443,30.848641704385223,30.980621894558443,2100
2018-03-21,31.0598201751709,31.174205724335447,30.936637286754603,31.00702942669647,2600
2018-03-22,30.59295082092285,30.918875360978742,30.59295082092285,30.918875360978742,1200
2018-03-23,29.835386276245117,30.399148591240255,29.826578960199516,30.399148591240255,2200
2018-03-26,29.95871925354004,30.020383928400925,29.95871925354004,30.020383928400925,2600
2018-03-27,30.452007293701172,30.452007293701172,30.3815386735362,30.452007293701172,2800
2018-03-28,30.26702880859375,30.3022648051342,30.26702880859375,30.26702880859375,1800
2018-03-29,30.566530227661133,30.636998865453027,30.566530227661133,30.58414822718156,700
2018-04-02,29.747304916381836,30.029186123549447,29.7208796033002,30.029186123549447,3200
2018-04-03,30.425579071044922,30.425579071044922,30.22297718705164,30.22297718705164,1400
2018-04-04,30.716270446777344,30.725081124463358,29.81777285927506,29.81777285927506,5200
2018-04-05,30.927684783935547,30.93649210183278,30.63699288898947,30.68103955934312,3200
2018-04-06,30.249408721923828,30.628187257859096,30.249408721923828,30.619376579187477,2700
2018-04-09,30.372724533081055,30.39034252618594,30.372724533081055,30.39034252618594,1400
2018-04-10,30.654617309570312,30.67223530934626,30.522487351685488,30.522487351685488,3800
2018-04-11,30.610565185546875,30.645801174963605,30.48724258287723,30.601757868337145,7700
2018-04-12,30.751510620117188,30.751510620117188,30.60176268197419,30.60176268197419,4100
2018-04-13,30.672229766845703,30.672229766845703,30.636993773660983,30.636993773660983,1700
2018-04-16,30.769126892089844,30.769126892089844,30.67222959153033,30.67222959153033,700
2018-04-17,30.99814796447754,31.09504524577702,30.99814796447754,31.006958641116714,3400
2018-04-18,31.21837615966797,31.39455277624828,31.21837615966797,31.253612155041925,8700
2018-04-19,31.015779495239258,31.015779495239258,30.857220849412148,30.998161494559575,20800
2018-04-20,30.769126892089844,30.795552206682714,30.76031621369939,30.795552206682714,2200
2018-04-23,30.777935028076172,30.84840701591552,30.72508439748599,30.786745706700756,8700
2018-04-24,30.601760864257812,31.024582697786222,30.487245567586818,31.00696470135305,2800
2018-04-25,30.70747184753418,30.70747184753418,30.619381847109256,30.619381847109256,1300
2018-04-26,30.733890533447266,30.733890533447266,30.654611230322644,30.654611230322644,1100
2018-04-27,30.725078582763672,30.725078582763672,30.619370621009885,30.619370621009885,4000
2018-04-30,30.54009437561035,30.707463651601284,30.54009437561035,30.707463651601284,1900
2018-05-01,30.531288146972656,30.531288146972656,30.152509633458376,30.399154857034503,1000
2018-05-02,30.55771255493164,30.601759223797988,30.55771255493164,30.575330550420368,3200
2018-05-03,30.34630012512207,30.39915074571826,30.09084425794484,30.16131623245802,1800
2018-05-04,30.725078582763672,30.725078582763672,30.178930861235187,30.302256816614605,7700
2018-05-07,30.910076141357422,30.910076141357422,30.78675349174331,30.830796815135468,900
2018-05-08,30.654617309570312,30.795557947488042,30.654617309570312,30.795557947488042,1900
2018-05-09,30.962921142578125,30.962921142578125,30.78674453994582,30.883641839408046,8400
2018-05-10,31.139101028442383,31.139101028442383,31.095057708459976,31.10386838863041,1200
2018-05-11,31.121475219726562,31.2007511510702,31.121475219726562,31.2007511510702,1800
2018-05-14,31.139101028442383,31.253616348628587,31.139101028442383,31.253616348628587,3400
2018-05-15,31.130290985107422,31.156716302727048,31.130290985107422,31.156716302727048,1200
2018-05-16,31.47382926940918,31.47382926940918,31.280034672482678,31.280034672482678,3600
2018-05-17,31.63238525390625,31.729282544343196,31.579531269952763,31.579531269952763,5700
2018-05-18,31.500261306762695,31.579540626036597,31.500261306762695,31.579540626036597,1200
2018-05-21,31.817373275756836,31.82618395436732,31.67643266059305,31.68524333920353,4200
2018-05-22,31.650007247924805,31.984742468017018,31.650007247924805,31.984742468017018,9900
2018-05-23,31.60596466064453,31.60596466064453,31.51787467423744,31.53549267151886,5600
2018-05-24,31.667621612548828,31.70285760226211,31.51787033641184,31.51787033641184,3500
2018-05-25,31.623573303222656,31.62357330322266,31.597144634973812,31.597144634973812,2200
2018-05-29,31.385751724243164,31.62358970007152,31.33289772062904,31.535499694047978,4600
2018-05-30,31.887853622436523,31.98475095081615,31.738102289407042,31.782148973427024,7500
2018-05-31,31.614774703979492,31.782144012433623,31.55311338832471,31.782144012433623,3000
2018-06-01,31.764514923095703,31.79094023192434,31.75570424662715,31.79094023192434,600
2018-06-04,31.879030227661133,31.93188421123199,31.82617960437914,31.905458899590993,3900
2018-06-05,31.95831298828125,31.95831298828125,31.817372377098227,31.826183055459857,3100
2018-06-06,32.081634521484375,32.081634521484375,31.97592990673296,31.97592990673296,2100
2018-06-07,32.22258758544922,32.31948154949163,32.22258758544922,32.31948154949163,1500
2018-06-08,32.22258758544922,32.22258758544922,32.22258758544922,32.22258758544922,0
2018-06-11,32.49565505981445,32.49565505981445,32.42518642365206,32.42518642365206,3100
2018-06-12,32.39876174926758,32.53089507880191,32.381143747976985,32.442808432639126,3900
2018-06-13,32.24019241333008,32.38113301665599,32.24019241333008,32.38113301665599,1200
2018-06-14,32.20496368408203,32.213771002730375,32.20496368408203,32.213771002730375,1500
2018-06-15,32.33709716796875,32.33709716796875,32.08164121541946,32.08164121541946,2900
2018-06-18,32.275428771972656,32.31066476327786,32.275428771972656,32.31066476327786,4300
2018-06-19,32.354705810546875,32.40755979380999,32.11686792629612,32.11686792629612,3600
2018-06-20,32.574928283691406,32.574928283691406,32.54850297010864,32.54850297010864,1000
2018-06-21,32.46958541870117,32.46958541870117,32.46073140523327,32.46073140523327,4600
2018-06-22,32.42532730102539,32.584665784219965,32.41647328706073,32.584665784219965,20900
2018-06-25,31.876501083374023,32.09780421145771,31.876501083374023,31.982729016162974,700
2018-06-26,32.168617248535156,32.177467886322134,31.938463521084838,32.02698340622331,4100
2018-06-27,31.823387145996094,32.097800834788345,31.823387145996094,32.097800834788345,5900
2018-06-28,31.761417388916016,31.947311156326002,31.664043498325018,31.708303436734514,34900
2018-06-29,31.849937438964844,32.08894515985628,31.849937438964844,32.05353585820936,2500
2018-07-02,31.761417388916016,31.787972676598343,31.47814973091503,31.619783559915522,18700
2018-07-03,32.05353546142578,32.06238947513634,32.05353546142578,32.06238947513634,1500
2018-07-05,32.04469680786133,32.186330688843846,32.04469680786133,32.186330688843846,500
2018-07-06,32.44303512573242,32.49614570744797,32.31910255582255,32.31910255582255,1200
2018-07-09,32.44303512573242,32.44303512573242,32.44303512573242,32.44303512573242,0
2018-07-10,32.6112174987793,32.69088673164603,32.602366862601464,32.69088673164603,4700
2018-07-11,32.3191032409668,32.47844174312582,32.31025260276566,32.37221720062558,2400
2018-07-12,32.29254150390625,32.31909679002651,32.17746296935739,32.23942755484909,8600
2018-07-13,32.33681106567383,32.42533434045387,32.33681106567383,32.42533434045387,6400
2018-07-16,32.080101013183594,32.310254766818744,32.05354234316671,32.26599481921401,4100
2018-07-17,32.19517135620117,32.257135948885605,32.14206077779568,32.15976542953653,6200
2018-07-18,32.2659912109375,32.2659912109375,32.22173126828231,32.230581906086485,1800
2018-07-19,32.41647720336914,32.44303587165479,32.1686188114852,32.1686188114852,4000
2018-07-20,32.27482986450195,32.38105773961063,32.212865292429846,32.212865292429846,11600
2018-07-23,32.33681106567383,32.354515720629834,32.26599582266745,32.327960426604655,3100
2018-07-24,32.106658935546875,32.54926520147366,32.09780491921036,32.54926520147366,3500
2018-07-25,31.965023040771484,31.965023040771484,31.86764912814467,31.956169024995805,3400
2018-07-26,32.389923095703125,32.49614764227611,32.1774706257397,32.1774706257397,5300
2018-07-27,32.19517135620117,32.26598996316455,32.13320676351674,32.26598996316455,5100
2018-07-30,32.2659912109375,32.2659912109375,32.0446881208444,32.0446881208444,1100
2018-07-31,32.44303512573242,32.51385036029224,32.239433306431984,32.239433306431984,2900
2018-08-01,32.30139923095703,32.381068475294285,32.053537483676116,32.25713591324531,3100
2018-08-02,32.434181213378906,32.434181213378906,31.938464439442196,31.938464439442196,1100
2018-08-03,32.46958541870117,32.61121924283703,32.46073140523327,32.54040064236074,3700
2018-08-06,32.74400329589844,32.74400329589844,32.63777539237589,32.63777539237589,4400
2018-08-07,32.88563919067383,32.92989913151493,32.859080524715544,32.859080524715544,1400
2018-08-08,32.797119140625,32.832528447488684,32.797119140625,32.805973155749605,1800
2018-08-09,32.77941131591797,32.91219451540187,32.77941131591797,32.91219451540187,1500
2018-08-10,32.57581329345703,32.690891842660015,32.549258003955224,32.58466730783569,1600
2018-08-13,32.2305793762207,32.42532716079784,32.2305793762207,32.42532716079784,8500
2018-08-14,32.664344787597656,32.699750723586625,32.620081458180074,32.68204606718317,1900
2018-08-15,32.28369140625,32.40762057930162,32.28369140625,32.29254204283224,700
2018-08-16,32.78826904296875,32.78826904296875,32.744009097068016,32.744009097068016,800
2018-08-17,32.97416305541992,32.97416305541992,32.75285994766543,32.75285994766543,9400
2018-08-20,33.09808349609375,33.15119744355255,32.92104038138097,32.92104038138097,6500
2018-08-21,33.496429443359375,33.496429443359375,33.19545716333911,33.19545716333911,500
2018-08-22,33.39906311035156,33.44332305454226,33.248578624739714,33.44332305454226,2200
2018-08-23,33.17775344848633,33.31053663160507,33.16890281212617,33.195458098023266,2200
2018-08-24,33.222023010253906,33.3016922678466,33.204318355586906,33.3016922678466,1600
2018-08-27,33.407920837402344,33.51414539062664,33.407920837402344,33.51414539062664,1000
2018-08-28,33.43447494506836,33.62922276641691,33.310545741234755,33.62922276641691,3400
2018-08-29,33.461036682128906,33.49644599770547,33.43448138385558,33.48759535722043,4800
2018-08-30,33.19546890258789,33.38136271800613,33.16891360804749,33.27513816302681,13400
2018-08-31,33.12464904785156,33.26628628497315,33.09809375430006,33.23087697569275,2100
2018-09-04,33.20432662963867,33.31940522524133,33.01843277453945,33.31940522524133,2100
2018-09-05,33.292842864990234,33.292842864990234,33.08924439398712,33.08924439398712,3300
2018-09-06,33.009578704833984,33.33710642172576,33.009578704833984,33.33710642172576,1600
2018-09-07,32.87678527832031,32.947603885339205,32.73515144109957,32.938749871053325,3300
2018-09-10,33.0184211730957,33.089239784527685,32.99186588221734,33.08038576969006,2900
2018-09-11,33.03612518310547,33.0626804734671,32.859082034787846,33.0626804734671,2800
2018-09-12,33.02727127075195,33.05382655848074,32.903338715444946,32.912192729232444,3300
2018-09-13,33.11579513549805,33.11579513549805,33.04497990075482,33.05383053879125,2100
2018-09-14,33.17703628540039,33.17703628540039,33.12378139824235,33.12378139824235,600
2018-09-17,33.03502655029297,33.18591031817113,33.03502655029297,33.16815868916599,1800
2018-09-18,33.07941436767578,33.14154339590923,32.9995337048359,33.00840782925006,6300
2018-09-19,32.98176956176758,33.248037208324796,32.98176956176758,33.248037208324796,6400
2018-09-20,33.41667556762695,33.41667556762695,33.41667556762695,33.41667556762695,700
2018-09-21,33.363426208496094,33.363426208496094,33.274671441303795,33.33680045549387,1400
2018-09-24,32.95514678955078,33.0616531806386,32.910769408745615,33.0616531806386,5000
2018-09-25,32.972900390625,32.972900390625,32.91964549900818,32.91964549900818,1200
2018-09-26,32.777626037597656,32.83975503301423,32.777626037597656,32.83975503301423,1200
2018-09-27,32.65338134765625,32.65338134765625,32.600126450273855,32.600126450273855,1800
2018-09-28,32.67112350463867,32.67112350463867,32.52023636537194,32.52023636537194,900
2018-10-01,32.34272766113281,32.60899871948021,32.34272766113281,32.51136644952312,38200
2018-10-02,32.378231048583984,32.55574395959291,32.30722791564671,32.52911820796358,2500
2018-10-03,32.546871185302734,32.60900359110265,32.37823575749629,32.38711326651527,2100
2018-10-04,32.182960510253906,32.484731386997666,32.17408638995697,32.484731386997666,4100
2018-10-05,32.12971496582031,32.28059873924045,31.89894716605436,32.28059873924045,14800
2018-10-08,32.36935806274414,32.36935806274414,32.02320973630494,32.07646124143264,24200
2018-10-09,32.04096221923828,32.15634613857354,32.00546233971628,32.15634613857354,4800
2018-10-10,31.712568283081055,31.996587659031007,31.632687621984,31.996587659031007,3300
2018-10-11,30.78949737548828,31.135649093908608,30.629736085687313,31.03801681838831,10200
2018-10-12,30.478857040405273,30.478857040405273,30.17708604452887,30.478857040405273,3300
2018-10-15,30.86937141418457,30.904874667826316,30.62085541024559,30.62085541024559,1200
2018-10-16,31.1711483001709,31.25990645136445,30.665238688588108,31.002512891569058,5500
2018-10-17,31.153398513793945,31.242156670240785,31.091269497169897,31.242156670240785,8600
2018-10-18,30.700740814208984,31.15339551834321,30.65636343314126,31.15339551834321,16500
2018-10-19,30.540983200073242,30.922634817470374,30.540983200073242,30.922634817470374,13100
2018-10-22,30.42559242248535,30.46109567790251,30.34571179068514,30.34571179068514,1000
2018-10-23,30.239208221435547,30.239208221435547,29.662292117491788,29.919685664529904,7600
2018-10-24,29.103134155273438,29.901937247576953,29.103134155273438,29.857559862300782,8600
2018-10-25,29.520282745361328,29.715547284363915,29.458153734910894,29.65341827391348,3300
2018-10-26,29.271766662597656,29.351647302461735,28.890115092777844,29.351647302461735,22600
2018-10-29,29.112014770507812,29.848692396338695,29.076511500058036,29.79543749066403,12500
2018-10-30,29.94631004333496,29.94631004333496,29.38714565759483,29.38714565759483,8000
2018-10-31,30.01732063293457,30.248088449578646,30.01732063293457,30.150456172212106,7600
2018-11-01,30.67411231994629,30.67411231994629,30.212580149400907,30.212580149400907,8100
2018-11-02,30.443344116210938,30.851621397063237,30.443344116210938,30.851621397063237,1700
2018-11-05,30.682992935180664,30.87825749867951,30.62086391693604,30.75399946219027,15900
2018-11-06,31.011388778686523,31.011388778686523,30.83387923775173,30.85162748322324,2400
2018-11-07,31.36640167236328,31.366401672363278,30.922621231829435,31.29539517670535,102200
2018-11-08,31.233274459838867,31.375284102998155,31.153393823950708,31.339784231541056,5000
2018-11-09,30.922632217407227,31.117896764060163,30.904880587186298,31.029138612955524,2000
2018-11-12,30.807247161865234,30.931505182988005,30.807247161865234,30.88712780198375,5000
2018-11-13,31.038007736206055,31.038007736206055,30.931497983653514,30.931497983653514,2400
2018-11-14,30.42559242248535,31.02913422146987,30.292460293336195,31.02913422146987,2000
2018-11-15,30.60310173034668,30.63860498160661,30.19482449818666,30.19482449818666,14500
2018-11-16,30.514347076416016,30.514347076416016,30.38121157669359,30.416714828056424,2200
2018-11-19,30.30133628845215,30.532104077159968,30.30133628845215,30.532104077159968,600
2018-11-20,29.706674575805664,29.96406475172706,29.653419684695738,29.866435863358145,7600
2018-11-21,30.01732063293457,30.31021746503419,30.01732063293457,30.168207803167608,1100
2018-11-23,30.23033332824707,30.23033332824707,30.23033332824707,30.23033332824707,200
2018-11-26,30.390092849731445,30.45222185443003,30.239205705622876,30.336837966085454,1200
2018-11-27,30.292461395263672,30.425593529255682,30.2214548818464,30.425593529255682,7400
2018-11-28,30.647483825683594,30.67411296112148,30.026193761748143,30.15932589582992,2500
2018-11-29,30.807247161865234,30.807247161865234,30.51435373861544,30.682989140742464,6100
2018-11-30,30.887130737304688,30.887130737304688,30.665240425419196,30.72736944188494,8500
2018-12-03,31.100143432617188,31.224401451589323,30.887127267395606,31.188898193089546,2200
2018-12-04,30.194835662841797,30.674119574738725,29.937442074699632,30.674119574738725,9900
2018-12-06,29.484786987304688,29.502538619307725,29.25401915704278,29.43153209129557,13200
2018-12-07,29.25402069091797,29.999572345249074,29.227394934406146,29.999572345249074,8700
2018-12-10,29.120882034301758,29.120882034301758,28.76585622628266,29.058753025764968,8800
2018-12-11,29.094253540039062,29.475905107060466,29.032124530131124,29.475905107060466,20600
2018-12-12,29.218509674072266,29.404900077543424,29.218509674072266,29.26289043752252,11100
2018-12-13,28.845735549926758,29.11200320092455,28.783606544219836,29.10312907972794,4600
2018-12-14,28.499591827392578,28.81023690565663,28.499591827392578,28.721482136374735,5800
2018-12-17,27.745161056518555,28.446333467136682,27.620903040358293,28.31319963655233,111400
2018-12-18,27.805044174194336,28.207237610792223,27.72460514593029,28.153612160190306,9600
2018-12-19,27.233034133911133,28.117861773129647,27.206222259970282,27.74248190017852,24100
2018-12-20,26.920223236083984,27.331354633738798,26.732531555403007,27.206227983099986,11400
2018-12-21,26.45545768737793,27.10790605739648,26.45545768737793,27.098968198320872,9800
2018-12-24,26.053268432617188,26.768281977538262,26.008580831875797,26.768281977538262,10300
2018-12-26,26.991722106933594,26.991722106933594,25.74938674968209,26.151581956116498,17200
2018-12-27,27.072158813476562,27.072158813476562,26.196267295526788,26.55377316779074,13700
2018-12-28,27.098970413208008,27.3045360745816,26.91128047144667,27.018531379675306,35000
2018-12-31,27.21516227722168,27.268787734077364,26.857654685590347,27.268787734077364,24100
2019-01-02,27.250913619995117,27.3671041055415,26.83084439120448,26.83084439120448,4400
2019-01-03,27.045339584350586,27.46540868342321,26.991714140893297,27.17940404535486,21700
2019-01-04,27.939109802246094,28.04636070786135,27.465413472398552,27.465413472398552,3000
2019-01-07,28.40386962890625,28.528996259673495,28.01061231185171,28.01061231185171,7100
2019-01-08,28.770320892333984,28.770320892333984,28.403878742472106,28.412816605355037,3000
2019-01-09,29.12781524658203,29.154627118226436,28.859686301804434,28.859686301804434,89800
2019-01-10,29.217193603515625,29.217193603515625,28.940128474529946,28.984816068613615,7600
2019-01-11,29.297632217407227,29.297632217407227,29.217193185429718,29.217193185429718,4200
2019-01-14,29.30657386779785,29.369137184961954,28.913314834829134,28.958005840899272,2200
2019-01-15,29.2886962890625,29.32444772787236,29.199317692037848,29.32444772787236,14000
2019-01-16,29.574695587158203,29.664070758438775,29.3691299656575,29.44062942079311,6200
2019-01-17,29.99477195739746,29.99477195739746,29.395947288505848,29.395947288505848,61600
2019-01-18,30.3165225982666,30.379089316808145,30.012645616621427,30.012645616621427,2400
2019-01-22,29.699825286865234,30.021581392128386,29.699825286865234,29.976893801829526,7400
2019-01-23,29.547889709472656,29.905393876534948,29.503198705325556,29.905393876534948,2900
2019-01-24,29.789203643798828,29.9679540035955,29.771327925930247,29.896454541565745,4900
2019-01-25,30.307586669921875,30.307586669921875,30.218211487529587,30.280774797093123,2500
2019-01-28,30.227149963378906,30.28077712259954,30.19139852389848,30.19139852389848,2500
2019-01-29,30.414836883544922,30.432712601508463,30.316522139467747,30.316522139467747,3200
2019-01-30,30.656152725219727,30.656152725219727,30.173518588007326,30.361211914330667,3800
2019-01-31,30.656152725219727,30.665092288563166,30.459526654441838,30.459526654441838,4700
2019-02-01,30.691913604736328,30.745540772966685,30.674037881992874,30.68297744808735,6600
2019-02-04,30.870655059814453,30.870655059814453,30.674025597827058,30.763400766306347,3600
2019-02-05,31.111976623535156,31.147724650451046,30.897471414816682,31.05834946899438,26700
2019-02-06,31.0136661529541,31.067289905441342,30.915351394134035,31.067289905441342,5900
2019-02-07,30.638277053833008,30.888533686157203,30.43271141940401,30.888533686157203,2100
2019-02-08,30.486347198486328,30.611473845335556,30.289717662325874,30.611473845335556,3500
2019-02-11,30.64722442626953,30.745539191578985,30.602536826432143,30.602536826432143,1800
2019-02-12,31.201353073120117,31.23710451093369,31.174541199482317,31.23710451093369,2000
2019-02-13,31.2192325592041,31.25498400133175,31.067290634884184,31.165605396012626,2000
2019-02-14,31.308609008789062,31.326484730568694,31.201358087556578,31.201358087556578,3100
2019-02-15,31.603559494018555,31.63931094458028,31.558871885539386,31.558871885539386,3200
2019-02-19,31.800167083740234,31.84485466133325,31.621413363924542,31.630349515665696,3100
2019-02-20,31.934249877929688,31.934249877929688,31.844874666597267,31.880622705462777,2200
2019-02-21,31.80912208557129,31.925312583722537,31.80912208557129,31.90743686020345,1900
2019-02-22,32.095115661621094,32.095115661621094,31.88061046356746,31.88061046356746,3900
2019-02-25,32.05043411254883,32.220248344650464,32.014682671228975,32.04149454749631,8100
2019-02-26,31.746553421020508,31.961055248298074,31.746553421020508,31.961055248298074,4200
2019-02-27,31.782297134399414,31.782297134399414,31.58566766599987,31.746545702064182,7100
2019-02-28,31.594600677490234,31.719730678220213,31.567788810627192,31.63035210627023,3500
2019-03-01,31.764415740966797,31.987857038959906,31.692912889076055,31.987857038959906,3500
2019-03-04,31.80912208557129,31.853809689646187,31.487365881119,31.80912208557129,4900
2019-03-05,31.612485885620117,31.728676359327018,31.514171131671574,31.612485885620114,4800
2019-03-06,31.111976623535156,31.460544604438628,31.111976623535156,31.389041731717594,4000
2019-03-07,30.72765350341797,30.88853153820897,30.72765350341797,30.79915295807829,10600
2019-03-08,30.49527931213379,30.638281662352842,30.450591716961267,30.638281662352842,3300
2019-03-11,30.933223724365234,30.933223724365234,30.709782354971605,30.709782354971605,2800
2019-03-12,30.942157745361328,30.942157745361328,30.89747015645299,30.89747015645299,500
2019-03-13,31.192411422729492,31.26391087631469,31.103032843942785,31.21028372904267,92800
2019-03-14,31.067279815673828,31.067279815673828,30.96896849822757,31.049407510279227,4900
2019-03-15,31.067279815673828,31.19240981954395,31.067279815673828,31.094095092653706,3100
2019-03-18,31.192411422729492,31.20134757588608,31.192411422729492,31.20134757588608,1300
2019-03-19,30.986846923828125,31.451605373093816,30.986846923828125,31.272855008290957,3900
2019-03-20,30.790225982666016,30.933228344056694,30.62934789992085,30.799162138620645,15700
2019-03-21,31.123003005981445,31.212461262053964,30.738326362164926,30.738326362164926,2900
2019-03-22,30.30893325805664,30.765176014896987,30.30893325805664,30.765176014896987,1600
2019-03-25,30.11211585998535,30.335764968693685,29.98687290512702,30.022657581547847,19700
2019-03-26,30.45206642150879,30.46995876145882,30.192632611155727,30.46995876145882,3600
2019-03-27,30.639923095703125,30.639923095703125,30.550464831272237,30.550464831272237,600
2019-03-28,30.774124145507812,30.774124145507812,30.702554780056108,30.702554780056108,1400
2019-03-29,30.91726303100586,31.131964326902697,30.872530466129746,31.04250602238161,1200
2019-04-01,31.382450103759766,31.382450103759766,31.194582225742415,31.248259249835257,5800
2019-04-02,31.310882568359375,31.373504060486866,31.230368733821837,31.373504060486866,3700
2019-04-03,31.418224334716797,31.543467283591283,31.355602860279554,31.355602860279554,1400
2019-04-04,31.74924087524414,31.74924087524414,31.597157649753274,31.597157649753274,2500
2019-04-05,32.0444450378418,32.0444450378418,31.910254203319997,31.98182355842887,2600
2019-04-08,32.035491943359375,32.035491943359375,31.910245605664272,31.946030273577158,4800
2019-04-09,31.498743057250977,31.76712133419642,31.43612157305087,31.65977070594123,4200
2019-04-10,31.802900314331055,31.829740526045388,31.52557762332618,31.615035895402396,8700
2019-04-11,31.811851501464844,31.94603892355122,31.776066823862603,31.937094460458006,4400
2019-04-12,32.15180587768555,32.285996754861344,31.963941379732034,32.285996754861344,2900
2019-04-15,31.99972152709961,32.05339855287497,31.910259817474007,31.954992378594447,1600
2019-04-16,32.14284896850586,32.14284896850586,31.937092205741155,31.990765805740544,5000
2019-04-17,32.026554107666016,32.30388025198832,31.999717304627183,32.30388025198832,3100
2019-04-18,32.01760482788086,32.250198381996995,31.990764616264684,32.250198381996995,5800
2019-04-22,31.68660545349121,31.89236564549831,31.668716527122065,31.89236564549831,3700
2019-04-23,32.17863082885742,32.23230442416188,31.865520068253424,31.865520068253424,3900
2019-04-24,32.2949333190918,32.31282565917852,32.15179801101296,32.23231183509574,3400
2019-04-25,31.95498275756836,32.071277826144524,31.954982757568356,32.035496565682614,1700
2019-04-26,32.16074752807617,32.169691992268376,31.874476897314114,31.874476897314114,25200
2019-04-29,32.24125671386719,32.30387819204112,32.080229080672915,32.30387819204112,3000
2019-04-30,32.15180587768555,32.21442737700338,31.99077819012089,32.20548291107902,6500
2019-05-01,32.133907318115234,32.31282731553898,32.05339690252041,32.31282731553898,1300
2019-05-02,31.722381591796875,31.901301520855586,31.68659692346237,31.77605859429863,8400
2019-05-03,32.339664459228516,32.339664459228516,31.990768961740503,31.990768961740503,5900
2019-05-06,32.21441650390625,32.21441650390625,31.81185083348543,31.81185083348543,2100
2019-05-07,31.48980140686035,31.7492352432192,31.436124381629654,31.7492352432192,2300
2019-05-08,31.42717742919922,31.543472522403277,31.42717742919922,31.489798914036783,1200
2019-05-09,31.355606079101562,31.355606079101562,30.944092515522907,31.158797173215767,1500
2019-05-10,31.16774559020996,31.176690054633358,31.149853248747974,31.176690054633358,1900
2019-05-13,30.18368148803711,30.666760909646055,30.17473361372882,30.666760909646055,4000
2019-05-14,30.6309814453125,30.711495255734675,30.469953824468156,30.469953824468156,2400
2019-05-15,30.702547073364258,30.702547073364258,30.407332046516267,30.407332046516267,4100
2019-05-16,30.711502075195312,30.926203342252425,30.711502075195312,30.84568951395223,5400
2019-05-17,30.59520149230957,30.8456874244465,30.59520149230957,30.8456874244465,1000
2019-05-20,30.121063232421875,30.273146415594073,30.121063232421875,30.219469395777725,1800
2019-05-21,30.6309814453125,30.6309814453125,30.469953824468156,30.469953824468156,2800
2019-05-22,30.237361907958984,30.568361667174685,30.067389796494687,30.389445091997498,2800
2019-05-23,29.46800994873047,29.951092918205177,29.441173143520242,29.951092918205177,2200
2019-05-24,29.664819717407227,29.77217034156354,29.584305896136286,29.72744119921631,23700
2019-05-28,29.53063201904297,29.736392238434433,29.503795213302855,29.736392238434433,5200
2019-05-29,29.23541259765625,29.23541259765625,29.23541259765625,29.23541259765625,700
2019-05-30,29.19963264465332,29.22646945076964,29.16384796142141,29.190688180152954,3300
2019-05-31,28.573402404785156,28.770212949686414,28.546563905173116,28.689699157157083,53500
2019-06-03,28.877574920654297,28.922307477283873,28.680766004466903,28.680766004466903,18300
2019-06-04,29.960033416748047,29.960033416748047,29.566408836655594,29.566408836655594,3200
2019-06-05,29.807958602905273,29.933201581575556,29.807958602905273,29.933201581575556,1400
2019-06-06,29.977933883666992,30.004774105217134,29.611149373560472,30.004774105217134,8600
2019-06-07,29.986873626708984,30.112116584581074,29.852682793209087,30.04949510564503,9900
2019-06-10,30.121063232421875,30.38049704261186,30.094226428821155,30.299983219194793,17200
2019-06-11,30.282094955444336,30.50574411586155,30.201581121189527,30.43417815908803,4300
2019-06-12,30.040546417236328,30.076327676870736,30.013706206742803,30.022654081112037,4800
2019-06-13,30.326820373535156,30.326820373535156,30.201574006608883,30.326820373535156,2300
2019-06-14,30.183258056640625,30.353736440243726,30.03969929412326,30.353736440243726,2400
2019-06-17,30.03073501586914,30.15634853303612,30.03073501586914,30.03073501586914,900
2019-06-18,30.53318214416504,30.55112741721149,30.344761911243598,30.43448485376499,6500
2019-06-19,30.41653823852539,30.61392936569231,30.41653823852539,30.61392936569231,4100
2019-06-20,30.658802032470703,30.658802032470703,30.506272313803244,30.506272313803244,33100
2019-06-21,30.595991134643555,30.622910757544936,30.461406710981095,30.461406710981095,1200
2019-06-24,30.362709045410156,30.380654319556584,30.29990229725319,30.380654319556584,1100
2019-06-25,30.147369384765625,30.237095756112076,30.08456263617866,30.08456263617866,7000
2019-06-26,30.264005661010742,30.326812396533416,30.17428273103846,30.326812396533416,3000
2019-06-27,30.578044891357422,30.578044891357422,30.371675977167115,30.371675977167115,2700
2019-06-28,30.9459228515625,31.035645812270772,30.569078886622332,30.569078886622332,10300
2019-07-01,31.06255531311035,31.268920816378063,31.06255531311035,31.197143147842294,3000
2019-07-02,30.856199264526367,30.856199264526367,30.84722833672716,30.84722833672716,1000
2019-07-03,31.1253662109375,31.152285835103374,31.080504734276072,31.080504734276072,2300
2019-07-05,31.233036041259766,31.233036041259766,31.13433874473202,31.13433874473202,900
2019-07-08,30.865171432495117,31.116398465650505,30.865171432495117,31.10742411577403,4400
2019-07-09,30.739551544189453,30.775442094828936,30.72160969158101,30.748525893204974,8100
2019-07-10,30.712642669677734,30.910037322576013,30.685726461632374,30.910037322576013,4600
2019-07-11,30.631877899169922,30.775436653634916,30.50626441685189,30.775436653634916,3100
2019-07-12,30.9459228515625,30.9459228515625,30.712637677382503,30.712637677382503,800
2019-07-15,30.829273223876953,30.865163769048426,30.739546860948266,30.865163769048426,2400
2019-07-16,31.035654067993164,31.035654067993164,30.901066168417785,30.91004052050279,2500
2019-07-17,30.631877899169922,30.775436653634916,30.622906974451787,30.622906974451787,53000
2019-07-18,30.622901916503906,30.67673430134267,30.560095185718602,30.560095185718602,900
2019-07-19,30.784408569335938,30.91899296574099,30.74851802787709,30.856186229543216,22500
2019-07-22,30.569076538085938,30.71263531781689,30.569076538085938,30.71263531781689,1800
2019-07-23,31.0177001953125,31.0177001953125,30.694692063967736,30.694692063967736,3300
2019-07-24,31.53809928894043,31.53809928894043,31.215091195043545,31.215091195043545,6500
2019-07-25,31.08049964904785,31.15228073813071,31.080499649047855,31.15228073813071,900
2019-07-26,31.206117630004883,31.233037253646266,31.143310879360335,31.17023050300172,1400
2019-07-29,31.09844398498535,31.25097708333849,31.09844398498535,31.25097708333849,1500
2019-07-30,31.30481719970703,31.340707752023174,30.856195563889592,30.856195563889592,2100
2019-07-31,31.06255531311035,31.46631539459536,31.06255531311035,31.42145392392165,7700
2019-08-01,30.039701461791992,30.874137898734364,29.97689471257793,30.874137898734364,2800
2019-08-02,29.698749542236328,29.878198872768444,29.51930363441551,29.878198872768444,6900
2019-08-05,28.855342864990234,29.07068275159443,28.59514321165668,29.07068275159443,9600
2019-08-06,28.971986770629883,28.989932047226546,28.64000599901469,28.64000599901469,64500
2019-08-07,28.927122116088867,28.927122116088867,28.496444081809553,28.62205758149008,2000
2019-08-08,29.42957305908203,29.42957305908203,29.37574066350056,29.37574066350056,3400
2019-08-09,29.052736282348633,29.160404509872087,28.96300990715305,29.0975977585908,3100
2019-08-12,28.48747444152832,28.738701467319782,28.48747444152832,28.738701467319782,1500
2019-08-13,28.9988956451416,29.007869992527574,28.397742721931753,28.523357915005306,2800
2019-08-14,27.79659652709961,27.993991144843775,27.688928291380748,27.993991144843775,5800
2019-08-15,27.590225219726562,27.662004598998465,27.554334674412917,27.662004598998465,8800
2019-08-16,28.290081024169922,28.290081024169922,27.832486749409146,27.832486749409146,1800
2019-08-19,28.71177864074707,28.74766918549858,28.702806004559193,28.71177864074707,3200
2019-08-20,28.397747039794922,28.523362251968205,28.397747039794922,28.523362251968205,2300
2019-08-21,28.604110717773438,28.62205599140388,28.56822188186804,28.56822188186804,3400
2019-08-22,28.666921615600586,28.693837816981862,28.496444924311426,28.496444924311426,7200
2019-08-23,27.724822998046875,28.469535012843895,27.724822998046875,28.469535012843895,3600
2019-08-26,27.877347946166992,27.904265860182296,27.7876232774717,27.7876232774717,1700
2019-08-27,27.500505447387695,27.92221087287197,27.49153280946721,27.92221087287197,3900
2019-08-28,27.82350730895996,27.967066060686673,27.554333365955895,27.554333365955895,2900
2019-08-29,28.38877296447754,28.442608786120218,28.334938854190373,28.334938854190373,3100
2019-08-30,28.514389038085938,28.631029899150526,28.397746465665787,28.631029899150526,3100
2019-09-03,28.002958297729492,28.029876208709354,27.931178913138716,27.940151550132,1800
2019-09-04,28.541301727294922,28.541301727294922,28.36185413916645,28.36185413916645,2300
2019-09-05,29.187320709228516,29.268072735543807,28.9002031540433,28.9002031540433,2100
2019-09-06,29.214237213134766,29.33985070227419,29.196291940013293,29.33985070227419,1900
2019-09-09,29.734634399414062,29.734634399414062,29.39368107895858,29.39368107895858,1500
2019-09-10,30.497295379638672,30.497295379638672,30.425514286608234,30.434485211881587,13700
2019-09-11,30.981809616088867,30.981809616088867,30.61394000519379,30.640859631257392,11000
2019-09-12,30.874134063720703,30.918995532913854,30.676739492017983,30.676739492017983,4900
2019-09-13,30.999753952026367,31.098451258271552,30.936947197636048,31.035644503881237,7000
2019-09-16,31.053586959838867,31.20611665730376,30.856192365273856,30.856192365273856,2700
2019-09-17,30.694690704345703,30.93694679212354,30.604967748596003,30.93694679212354,1300
2019-09-18,30.452438354492188,30.739555955387498,30.452438354492188,30.739555955387498,1300
2019-09-19,30.587020874023438,30.676743825083037,30.587020874023438,30.64085669828591,1300
2019-09-20,30.389623641967773,30.685715515695925,30.389623641967773,30.54215675280949,4500
2019-09-23,30.452438354492188,30.48832891028205,30.28196334855803,30.28196334855803,2900
2019-09-24,29.97689437866211,30.380654492477202,29.94100383016497,30.380654492477202,6000
2019-09-25,30.410037994384766,30.410037994384766,30.120677228142558,30.120677228142558,4800
2019-09-26,30.27439308166504,30.319605046337998,30.211095641232532,30.29247855742458,2000
2019-09-27,30.15683937072754,30.42811805907917,30.129712881673104,30.391947107372044,3400
2019-09-30,30.40099334716797,30.40099334716797,30.19301551327378,30.292483922843264,2200
2019-10-01,29.768009185791016,30.292477618201158,29.75896817291746,30.292477618201158,1700
2019-10-02,29.24354362487793,29.352053024474518,29.24354362487793,29.352053024474518,800
2019-10-03,29.198339462280273,29.261636916407962,28.88185046691557,29.144083023262596,4700
2019-10-04,29.460569381713867,29.460569381713867,29.20737615323586,29.370141996738855,28900
2019-10-07,29.478647232055664,29.578115616707233,29.47864723205566,29.541944667842746,1500
2019-10-08,28.881845474243164,29.035568575433967,28.809505292784312,28.863759997696956,3500
2019-10-09,28.98130989074707,28.98130989074707,28.881843226934425,28.954183402764457,1100
2019-10-10,29.20737648010254,29.415354293694556,28.88184651417948,28.88184651417948,5800
2019-10-11,30.048328399658203,30.156837799674854,29.731841212338125,29.731841212338125,3700
2019-10-14,29.831315994262695,29.8403570089306,29.632379177045063,29.632379177045063,2100
2019-10-15,30.28343391418457,30.28343391418457,29.9759877620296,29.9759877620296,23500
2019-10-16,30.129711151123047,30.346733399448954,30.09354020149346,30.346733399448954,2100
2019-10-17,30.27439308166504,30.27439308166504,30.075456297761853,30.27439308166504,38600
2019-10-18,30.256309509277344,30.30152147679451,30.066417176034033,30.066417176034033,9000
2019-10-21,30.690353393554688,30.699397857550686,30.663226900471336,30.663226900471336,900
2019-10-22,30.645130157470703,30.645130157470703,30.55470624746245,30.55470624746245,1200
2019-10-23,30.99779510498047,31.01588058088015,30.83502927133515,30.85311474723483,3700
2019-10-24,30.85311508178711,30.898327047300654,30.608966328671727,30.835029605691318,6900
2019-10-25,31.19672966003418,31.19672966003418,31.142473236214162,31.142473236214162,600
2019-10-28,31.413761138916016,31.47705859391781,31.386631194306254,31.386631194306254,1900
2019-10-29,31.51322364807129,31.51322364807129,31.27811932631118,31.27811932631118,1600
2019-10-30,31.115345001220703,31.504174059793947,31.08821851556023,31.504174059793947,1500
2019-10-31,30.816951751708984,30.8621637233443,30.717483344439895,30.72652435898603,2900
2019-11-01,31.440885543823242,31.440885543823242,31.440885543823242,31.440885543823242,300
2019-11-04,32.03768539428711,32.07385634365516,31.920131533566746,31.920131533566746,5700
2019-11-05,32.281829833984375,32.363212734510554,32.200446933458196,32.200446933458196,91500
2019-11-06,32.02863693237305,32.281830096878174,31.89300106335892,32.281830096878174,5400
2019-11-07,32.24565887451172,32.50789304824712,32.20044691856278,32.49884858738666,19400
2019-11-08,32.200469970703125,32.24568195901908,31.938235609235576,31.947280076570923,4200
2019-11-11,32.137149810791016,32.137149810791016,32.100978865890745,32.12810534984037,1300
2019-11-12,32.02863693237305,32.37225400955426,32.02863693237305,32.37225400955426,2500
2019-11-13,31.85684585571289,31.965355294417826,31.83876037435326,31.86589032111914,1900
2019-11-14,31.99247932434082,32.001520338622115,31.9834348606073,32.001520338622115,2000
2019-11-15,32.01960754394531,32.281841815128146,32.01960754394531,32.281841815128146,6400
2019-11-18,31.85684585571289,31.947273262511057,31.802589411633996,31.947273262511057,1700
2019-11-19,31.74832534790039,31.874920223827438,31.685027909936863,31.78449629800859,5800
2019-11-20,31.54035186767578,31.621734791811107,31.513221926662585,31.513221926662585,1000
2019-11-21,31.395679473876953,31.504188917143193,31.359508509637205,31.404720490210387,1000
2019-11-22,31.549388885498047,31.59460084885708,31.386623057844183,31.386623057844183,2100
2019-11-25,31.947267532348633,31.965349561012154,31.893011098001338,31.893011098001338,3500
2019-11-26,31.89301109313965,31.929182049365664,31.87492561502664,31.929182049365664,1600
2019-11-27,32.02863693237305,32.02863693237305,31.91108653578437,31.91108653578437,15700
2019-11-29,31.793537139892578,31.938217490095948,31.793537139892578,31.938217490095948,700
2019-12-02,31.69406509399414,31.775447997180454,31.62172665196811,31.730236039732777,4400
2019-12-03,31.19672966003418,31.19672966003418,31.079175799816593,31.097261274423268,1900
2019-12-04,31.449926376342773,31.603651219846043,31.449926376342773,31.540353769418914,1700
2019-12-05,31.549388885498047,31.567474360732,31.431835021203213,31.449920496437162,5100
2019-12-06,31.983428955078125,31.983428955078125,31.96534348040267,31.97438794246619,600
2019-12-09,31.965349197387695,31.983434675297726,31.929181691019835,31.938222705248748,1800
2019-12-10,31.847793579101562,31.974388454405055,31.78449614144982,31.974388454405055,2700
2019-12-11,31.911090850830078,31.99247376302369,31.893005375959095,31.99247376302369,1000
2019-12-12,32.45364761352539,32.45364761352539,31.974394509278742,31.974394509278742,1900
2019-12-13,32.21042251586914,32.52924600389956,32.21042251586914,32.52924600389956,2200
2019-12-16,32.46548843383789,32.629455827941406,32.46548843383789,32.58391010178291,600
2019-12-17,32.7114372253418,32.75698294829838,32.55658107230624,32.61123454988777,1900
2019-12-18,32.82075119018555,32.829862420707684,32.75698647619575,32.75698647619575,400
2019-12-19,32.866302490234375,32.893629233711984,32.81164552836264,32.81164552836264,900
2019-12-20,32.97560501098633,33.075807679535274,32.97560501098633,33.01204297680698,3600
2019-12-23,32.97560501098633,32.97560501098633,32.8845100964347,32.8845100964347,300
2019-12-24,32.948280334472656,33.002937292386,32.92095359297412,32.984718306414884,3100
2019-12-26,32.948280334472656,33.002937292386,32.875407865504464,33.002937292386,1500
2019-12-27,32.78432083129883,32.95739600898798,32.78432083129883,32.90273904370453,1500
2019-12-30,32.76609802246094,32.94828093566375,32.76609802246094,32.82986273706519,2200
2019-12-31,32.81163787841797,32.82985686146084,32.7934188953751,32.81163787841797,3800
2020-01-02,32.593021392822266,33.16690733444119,32.593021392822266,33.16690733444119,2900
2020-01-03,32.593021392822266,32.593021392822266,32.465491955777296,32.511037686876705,3200
2020-01-06,32.5201416015625,32.5201416015625,32.483703634914285,32.5201416015625,2100
2020-01-07,32.49281692504883,32.56569287076143,32.34706850853998,32.40172546782443,3500
2020-01-08,32.50192642211914,32.55658337848828,32.34706678319801,32.55658337848828,4600
2020-01-09,32.34706497192383,32.42904866442877,32.34706497192383,32.374395186036125,1000
2020-01-10,32.2559814453125,32.410841113589,32.2559814453125,32.410841113589,16500
2020-01-13,32.46548843383789,32.48370741928452,32.3652857513395,32.46548843383789,4200
2020-01-14,32.61123275756836,32.75698114796861,32.48370335033261,32.48370335033261,3700
2020-01-15,32.58391189575195,32.729660312433296,32.57480066506892,32.57480066506892,1800
2020-01-16,32.95738220214844,32.96648995508846,32.920944240557766,32.920944240557766,500
2020-01-17,32.9300651550293,33.157797269587135,32.9300651550293,33.157797269587135,1500
2020-01-21,32.58391189575195,32.79342502754911,32.556585153535565,32.79342502754911,1500
2020-01-22,32.5201416015625,32.647671009915506,32.5201416015625,32.629452026591395,2200
2020-01-23,32.684104919433594,32.684104919433594,32.283294285887976,32.283294285887976,3000
2020-01-24,32.19220733642578,32.42904717337487,32.00091322101508,32.42904717337487,5900
2020-01-27,31.68208885192871,31.864275228130456,31.654762111719084,31.864275228130456,3300
2020-01-28,31.93715476989746,31.973589269313383,31.745857142110534,31.745857142110534,4200
2020-01-29,31.800508499145508,32.1102242765543,31.80050849914551,32.1102242765543,82500
2020-01-30,31.71852684020996,31.71852684020996,31.427030028087653,31.554559449026648,10100
2020-01-31,31.026208877563477,31.153738241357633,31.026208877563477,31.153738241357633,1900
2020-02-03,31.199298858642578,31.399704226058137,31.199298858642578,31.399704226058137,2400
2020-02-04,31.581890106201172,31.78229549248411,31.581890106201172,31.618328080964712,700
2020-02-05,32.33795928955078,32.38350501610212,32.05557022506656,32.06468145532655,5100
2020-02-06,32.064674377441406,32.17398479201892,32.064674377441406,32.1466580571034,900
2020-02-07,31.66386604309082,31.809614431468432,31.55455562053653,31.809614431468432,16900
2020-02-10,31.618324279785156,31.645654495030417,31.5363405838816,31.600105294593686,900
2020-02-11,31.97359275817871,32.04646871479555,31.846063309016113,31.846063309016113,2300
2020-02-12,32.2559814453125,32.29241942313248,32.14667098676938,32.29241942313248,6600
2020-02-13,32.237762451171875,32.237762451171875,32.037357048111325,32.037357048111325,4600
2020-02-14,32.064674377441406,32.073782130774774,32.037344167610456,32.064674377441406,600
2020-02-18,31.8915958404541,32.064674428301416,31.864269105495236,32.064674428301416,1200
2020-02-19,31.991806030273438,32.04646298796866,31.955371533392874,31.964479288883954,1400
2020-02-20,32.21042251586914,32.21042251586914,31.87338004639193,31.87338004639193,1300
2020-02-21,31.90981674194336,32.01001940937522,31.90981674194336,32.01001940937522,1500
2020-02-24,30.789379119873047,30.971565494234106,30.6527419452893,30.971565494234106,3600
2020-02-25,29.577844619750977,30.51609970774744,29.55962563577137,30.51609970774744,46000
2020-02-26,28.89464569091797,29.73269981499039,28.83999047819482,29.668935110570402,19700
2020-02-27,27.847082138061523,28.75801057823342,27.847082138061523,28.16590743961331,10700
2020-02-28,27.409835815429688,27.637567916430292,26.87238791807161,26.954371613428474,15100
2020-03-02,28.15679359436035,28.15679359436035,27.455378386859795,27.564690547264988,5400
2020-03-03,27.336963653564453,28.575826931486905,27.21854197922636,28.466514750363913,13200
2020-03-04,28.102140426635742,28.102140426635742,27.409834660275322,27.409834660275322,42100
2020-03-05,26.763076782226562,27.346072164851694,26.71753105524468,27.346072164851694,3800
2020-03-06,26.289390563964844,26.653761526355176,25.806597952886534,26.599106316361073,13200
2020-03-09,23.556604385375977,24.312674740409506,23.501947441066783,23.793445931676054,22700
2020-03-10,24.421987533569336,24.522190203774667,23.246890915754097,24.13960024362271,13300
2020-03-11,22.782318115234375,23.274218518019314,22.5181480612244,23.274218518019314,5300
2020-03-12,20.186172485351562,21.397707144661144,20.1132982854479,20.14973625412872,29100
2020-03-13,21.14264678955078,21.14264678955078,20.441233259949122,20.678074846389705,47500
2020-03-16,18.6649169921875,20.23171273493968,18.65580750248192,19.220583702025355,10700
2020-03-17,19.138607025146484,19.411884866336262,18.510065905460227,19.402775373302184,5300
2020-03-18,17.28942108154297,18.49184632399559,16.442257368690054,18.418972119527492,18400
2020-03-19,18.227678298950195,18.336988738809964,17.18011094009382,17.18011094009382,15400
2020-03-20,17.252981185913086,18.69224772175223,17.189216487720483,18.34609402090994,26900
2020-03-23,16.515132904052734,17.262095731868342,16.27829302353892,17.262095731868342,18100
2020-03-24,18.346099853515625,18.346099853515625,17.580919757022343,17.580919757022343,42300
2020-03-25,19.184152603149414,19.821803210893652,18.200349950102215,18.71957888678572,5500
2020-03-26,20.232318878173828,20.460777769726842,19.492112557582914,19.492112557582914,76500
2020-03-27,19.373315811157227,19.839370442791726,19.217963686278022,19.30934585373381,8400
2020-03-30,19.528667449951172,19.528667449951172,18.86156614030806,18.86156614030806,8700
2020-03-31,19.27279281616211,19.62004957494746,19.236238555762036,19.583497057550456,12700
2020-04-01,17.90203857421875,18.395508865140524,17.88376144488754,18.3680949141467,12700
2020-04-02,18.11222267150879,18.761046902531227,18.11222267150879,18.761046902531227,3500
2020-04-03,17.527366638183594,18.24015727241433,17.426844166995963,18.24015727241433,4300
2020-04-06,19.126585006713867,19.172276102937737,18.651389936769817,18.898126039587336,3000
2020-04-07,19.638322830200195,20.223176937175978,19.592631756718735,19.91247450009714,9300
2020-04-08,20.86286735534668,20.92683557054216,20.03127707179916,20.067829590623802,23900
2020-04-09,22.032577514648438,22.644847454178375,21.62135078548537,21.62135078548537,17500
2020-04-13,21.13701629638672,21.20098625140559,20.853727753315358,20.999941307352387,12700
2020-04-14,21.219263076782227,21.64876694600812,21.05477412459277,21.64876694600812,10400
2020-04-15,20.04955291748047,20.19576646941262,19.775401200355414,20.095243998833134,3800
2020-04-16,19.565221786499023,20.05869389077286,19.35503999823568,20.05869389077286,7900
2020-04-17,20.835451126098633,20.89942108266119,20.415087583848983,20.415087583848983,13200
2020-04-20,20.21404457092285,20.689237766045224,20.131799226131783,20.442503474675128,33200
2020-04-21,19.7845401763916,19.802817306513717,19.55608127887437,19.66574231660399,3800
2020-04-22,19.894203186035156,20.259737109693848,19.811957835336546,20.259737109693848,6100
2020-04-23,20.3054256439209,20.616129875722827,20.131798141386835,20.140936706204894,10000
2020-04-24,20.579580307006836,20.76234640053601,20.341982816715966,20.50647352099451,21200
2020-04-27,21.676179885864258,21.822393442972714,20.84458962618375,20.84458962618375,9400
2020-04-28,22.443801879882812,22.59915400182391,21.968608691889248,22.361556536325583,1800
2020-04-29,24.033878326416016,24.198369032074147,23.184012585521124,23.184012585521124,33600
2020-04-30,23.138317108154297,23.595234908056245,23.03779463441488,23.595234908056245,1800
2020-05-01,21.849807739257812,22.398109414801898,21.822392045429567,22.398109414801898,3000
2020-05-04,21.913780212402344,21.941195911565007,21.466000917432034,21.466000917432034,5400
2020-05-05,21.76756477355957,22.644847898659354,21.73101225414046,22.59915507063151,3900
2020-05-06,21.219263076782227,21.794980509956417,21.219263076782227,21.794980509956417,900
2020-05-07,21.731016159057617,22.11482726844395,21.45686437063682,21.45686437063682,12400
2020-05-08,22.83675765991211,22.864173362866467,22.14224220543375,22.14224220543375,9700
2020-05-11,22.27017593383789,22.498634850199366,21.95947166814603,22.498634850199366,27700
2020-05-12,21.392892837524414,22.050853890667547,21.392892837524414,21.968610284152465,8100
2020-05-13,20.25973892211914,21.25582004257497,20.1592164304941,21.25582004257497,4700
2020-05-14,20.69837760925293,20.69837760925293,19.74798941732905,19.921616939938133,9300
2020-05-15,20.79890251159668,20.917700395787506,20.442507116020774,20.442507116020774,2500
2020-05-18,22.791067123413086,22.86417392341346,21.8406769804046,21.8406769804046,7000
2020-05-19,22.306730270385742,22.8641706294575,22.306730270385742,22.681402784285446,14400
2020-05-20,22.973827362060547,23.101765536514108,22.891582015270096,23.010381624191037,12900
2020-05-21,23.19314956665039,23.311949185102776,23.06521312493548,23.1565970445904,5400
2020-05-22,23.065214157104492,23.238843437918426,22.855032352594836,23.238843437918426,6200
2020-05-26,24.42682647705078,24.61873286968359,24.04301543478834,24.04301543478834,4600
2020-05-27,25.642227172851562,25.642227172851562,24.929436500223314,25.477736481321003,22600
2020-05-28,24.975130081176758,25.38635685111513,24.975130081176758,25.2584186654658,6000
2020-05-29,24.18922996520996,24.18922996520996,23.960771043858514,24.070432093028636,3300
2020-06-01,24.865467071533203,24.947712419049008,24.755807770180912,24.755807770180912,3600
2020-06-02,25.28583526611328,25.35894205637549,25.22186704250927,25.22186704250927,4400
2020-06-03,26.53778648376465,26.647445778952033,26.254496194690585,26.254496194690585,252500
2020-06-04,27.323686599731445,27.323686599731445,26.930736976777922,27.186611595748488,342100
2020-06-05,29.041698455810547,29.57172307899259,28.99600562613773,29.133080629149717,22900
2020-06-08,30.522111892700195,30.522111892700195,29.891563067529635,29.982948723499593,118200
2020-06-09,29.17877197265625,29.791040172058164,29.17877197265625,29.791040172058164,11200
2020-06-10,27.625253677368164,28.237523685696022,27.625253677368164,27.73491473180146,2800
2020-06-11,24.938575744628906,26.126561393355946,24.819776133954296,26.126561393355946,709000
2020-06-12,25.943790435791016,26.254494658986367,25.157893056240688,26.181387885469988,7300
2020-06-15,26.272777557373047,26.35502291351466,25.52343252853025,25.52343252853025,4600
2020-06-16,27.031261444091797,27.8080221810204,26.85763216336579,27.8080221810204,7900
2020-06-17,26.30019187927246,26.674864374065503,26.30019187927246,26.629171543600947,23300
2020-06-18,26.336740493774414,26.556060818459898,25.9437909250868,25.9437909250868,4300
2020-06-19,26.492097854614258,26.556066077439972,26.492097854614258,26.556066077439972,900
2020-06-22,25.934659957885742,25.971214227543367,25.578264543741483,25.888968863817226,6700
2020-06-23,26.0443172454834,26.41898974010097,25.989487591954873,26.41898974010097,3200
2020-06-24,24.67356300354004,25.240141883876078,24.67356300354004,25.240141883876078,1800
2020-06-25,24.595468521118164,24.8710987663669,24.191209309327572,24.430089673003177,10300
2020-06-26,24.03502082824707,24.687348378936598,23.924769419835727,24.687348378936598,19400
2020-06-29,25.018096923828125,25.018096923828125,24.779216606687694,24.825156140222788,1400
2020-06-30,25.33966827392578,25.34885618122201,24.871095516302823,24.981348651443454,5800
2020-07-01,24.815975189208984,25.495864704369087,24.815975189208984,25.468300976522166,2500
2020-07-02,24.871095657348633,25.11916389851127,24.871095657348633,25.11916389851127,10800
2020-07-06,25.155914306640625,25.486671968507867,24.953785597951853,25.486671968507867,2300
2020-07-07,24.58627700805664,24.714904203326256,24.503587596122145,24.714904203326256,2300
2020-07-08,24.485214233398438,24.485214233398438,24.154458304957696,24.384150749459398,16200
2020-07-09,23.649137496948242,24.24633759361781,23.52969817858015,24.24633759361781,10900
2020-07-10,24.44846534729004,24.44846534729004,24.05339404630237,24.05339404630237,4900
2020-07-13,24.476028442382812,24.926225462256223,24.411714832745815,24.78841033411774,3000
2020-07-14,24.659780502319336,24.714906197251675,24.19120771435882,24.19120771435882,2800
2020-07-15,25.789871215820312,25.799059125253702,25.47748930474328,25.47748930474328,6200
2020-07-16,25.65205192565918,25.98280960204788,25.54179878272486,25.606114138344864,24700
2020-07-17,25.44992446899414,25.615301562967723,25.422360743791373,25.615301562967723,4700
2020-07-20,24.9721622467041,25.403983401124503,24.9721622467041,25.35804561429344,9800
2020-07-21,25.670429229736328,25.826620169039785,25.495862473476148,25.688803294278696,41300
2020-07-22,25.863372802734375,25.863372802734375,25.60611834762246,25.60611834762246,4400
2020-07-23,26.093067169189453,26.304383844719958,25.93687620196807,25.93687620196807,35000
2020-07-24,25.789871215820312,26.111441036330735,25.789871215820312,26.111441036330735,3300
2020-07-27,25.69799041748047,25.83580728803016,25.459110061585786,25.83580728803016,2700
2020-07-28,25.550987243652344,25.799055506312634,25.550987243652344,25.596926784375153,5400
2020-07-29,26.11143684387207,26.11143684387207,25.615300328616154,25.652051960448855,4000
2020-07-30,25.65205192565918,25.789867040016386,25.52342471924769,25.789867040016386,1500
2020-07-31,25.422359466552734,25.422359466552734,25.08241388245509,25.10078969833372,2200
2020-08-03,25.596925735473633,25.68880130832582,25.596925735473633,25.68880130832582,300
2020-08-04,25.67962074279785,25.72555853922348,25.486678142498082,25.486678142498082,19800
2020-08-05,26.212505340576172,26.212505340576172,25.992000779385723,26.11144009287512,2000
2020-08-06,26.0471248626709,26.111438469969013,25.98281125537278,26.111438469969013,3100
2020-08-07,26.699447631835938,26.699447631835938,26.093059755482003,26.093059755482003,6400
2020-08-10,27.388526916503906,27.498780062234484,27.388526916503906,27.498780062234484,16900
2020-08-11,27.627403259277344,28.160289589347222,27.627403259277344,27.994910770978287,41700
2020-08-12,27.627403259277344,27.82034579817912,27.425274565945337,27.82034579817912,12700
2020-08-13,27.250713348388672,27.507969534780543,27.250713348388672,27.507969534780543,14100
2020-08-14,27.416091918945312,27.526343317400574,27.35177831111068,27.379340284517305,6500
2020-08-17,27.223146438598633,27.296647947198416,27.13127086715955,27.13127086715955,4000
2020-08-18,26.74538803100586,27.131271396791124,26.74538803100586,27.057769886756514,2900
2020-08-19,26.699447631835938,27.011829477523015,26.699447631835938,26.88320227720981,75600
2020-08-20,26.442195892333984,26.65351252909078,26.43300798389921,26.43300798389921,6600
2020-08-21,26.221691131591797,26.24006519589596,26.15737577307706,26.221691131591797,5100
2020-08-24,27.057769775390625,27.057769775390625,26.350316648960373,26.350316648960373,8500
2020-08-25,27.002649307250977,27.177216095134455,26.892397890366965,27.177216095134455,3600
2020-08-26,26.671890258789062,26.96589634012973,26.662702349695355,26.892394819794564,11000
2020-08-27,27.048582077026367,27.122083587327488,26.938328935367565,26.938328935367565,6600
2020-08-28,27.259902954101562,27.259902954101562,27.09452409201248,27.09452409201248,2500
2020-08-31,26.754579544067383,26.910770492989887,26.754579544067383,26.910770492989887,5500
2020-09-01,26.864835739135742,26.88321156050149,26.76377047403891,26.76377047403891,18400
2020-09-02,27.259902954101562,27.287466681921245,26.892395345244996,26.892395345244996,6500
2020-09-03,26.800519943237305,27.544723124047117,26.800519943237305,27.544723124047117,2500
2020-09-04,27.16802406311035,27.278277215681637,26.717827048905207,27.204775698105582,24000
2020-09-08,26.469757080078125,26.88320418530762,26.405443475356712,26.88320418530762,5000
2020-09-09,26.506507873535156,26.580009384091763,26.24006380250855,26.4973199656638,4900
2020-09-10,26.11143684387207,26.488132308085962,26.074685212039366,26.488132308085962,12000
2020-09-11,26.14818572998047,26.18493736041706,25.955244927430943,25.955244927430943,1400
2020-09-14,26.690263748168945,26.690263748168945,26.295194180158248,26.295194180158248,3500
2020-09-15,26.515697479248047,26.80970354030015,26.515697479248047,26.80970354030015,3200
2020-09-16,26.772947311401367,27.076141228875752,26.58919443098862,26.58919443098862,3700
2020-09-17,26.68107795715332,26.699452022781138,26.433009670825967,26.433009670825967,4300
2020-09-18,26.31356430053711,26.708635561732144,26.31356430053711,26.708635561732144,3600
2020-09-21,25.19266700744629,25.76230503238007,24.990538290167464,25.76230503238007,24200
2020-09-22,25.201858520507812,25.46830087901659,25.0456675681356,25.46830087901659,20700
2020-09-23,24.58627700805664,25.606111920306034,24.567901193756953,25.403981467837664,6600
2020-09-24,24.70635223388672,24.73406092665391,24.383091198126504,24.512396669409142,8500
2020-09-25,24.87259864807129,24.87259864807129,24.558573871251056,24.558573871251056,114700
2020-09-28,25.5375919342041,25.694604326141672,25.22356715032896,25.22356715032896,7500
2020-09-29,25.22356414794922,25.297452219970136,25.06655177470095,25.06655177470095,1600
2020-09-30,25.426753997802734,25.602237042508694,25.29744856920372,25.408281542055683,14300
2020-10-01,25.528352737426758,25.64842195581939,25.380576592967056,25.380576592967056,4200
2020-10-02,26.230289459228516,26.230289459228516,25.149675336667556,25.149675336667556,4700
2020-10-05,26.784454345703125,26.784454345703125,26.572026337476863,26.572026337476863,5400
2020-10-06,26.664384841918945,27.421738038921127,26.57202430924366,27.10771328480354,3700
2020-10-07,27.218542098999023,27.273959470664153,27.006114125840806,27.05229526889508,5200
2020-10-08,27.606454849243164,27.606454849243164,27.421735562206965,27.421735562206965,4800
2020-10-09,27.495624542236328,27.6711076065024,27.495624542236328,27.6618731392299,5000
2020-10-12,27.72652816772461,27.72652816772461,27.634167629705814,27.634167629705814,3900
2020-10-13,27.320138931274414,27.578748048236477,27.301666473999163,27.578748048236477,3600
2020-10-14,27.27396011352539,27.449443176376416,27.27396011352539,27.440206947547857,1700
2020-10-15,27.560277938842773,27.569514168267244,27.320141258698534,27.320141258698534,2500
2020-10-16,27.50486183166504,27.643401747291293,27.44020822685089,27.44020822685089,2000
2020-10-19,27.144657135009766,27.587987350861372,27.116950207640134,27.587987350861372,2500
2020-10-20,27.394025802612305,27.65263490828246,27.394025802612305,27.467913866856577,27500
2020-10-21,27.301666259765625,27.449442393547077,27.301666259765625,27.449442393547077,700
2020-10-22,27.81888771057129,27.84659463784424,27.587987254599724,27.597221722603592,55700
2020-10-23,28.105205535888672,28.15138492531133,27.883541295724502,27.92972068514716,2800
2020-10-26,27.449445724487305,27.560278719088014,27.25549018597442,27.541806259716115,4700
2020-10-27,26.812158584594727,27.10771085334117,26.812158584594727,27.10771085334117,72700
2020-10-28,26.064037322998047,26.57201927566906,26.064037322998047,26.23952212567569,2400
2020-10-29,26.451955795288086,26.479664484320466,25.870087418653625,25.870087418653625,4200
2020-10-30,26.553550720214844,26.553550720214844,26.35959519531942,26.36882966272634,2000
2020-11-02,27.24625015258789,27.24625015258789,26.78444930254403,26.8491011396893,2300
2020-11-03,27.948190689086914,27.948190689086914,27.80041454196612,27.920482000890278,8500
2020-11-04,27.338613510131836,27.80041440806774,27.338613510131836,27.587986417808576,3300
2020-11-05,28.031312942504883,28.216032232084597,28.01284048505776,28.068256095768625,7900
2020-11-06,27.65263557434082,28.040548361374356,27.65263557434082,28.040548361374356,3800
2020-11-09,30.183305740356445,30.54350986233887,29.352064510288248,29.352064510288248,8700
2020-11-10,30.561986923217773,30.561986923217773,30.007827194130996,30.007827194130996,5200
2020-11-11,29.980112075805664,30.608161550104754,29.970877608504686,30.608161550104754,2800
2020-11-12,29.43518829345703,29.786156180309135,29.222758553952065,29.758449255491914,12300
2020-11-13,30.312610626220703,30.349555543598747,29.721506041216962,29.721506041216962,2000
2020-11-16,31.273157119750977,31.328570972169224,31.079201589764676,31.079201589764676,16000
2020-11-17,31.33781623840332,31.467119955079742,30.820597848435597,30.820597848435597,3500
2020-11-18,30.959129333496094,31.642592616851914,30.959129333496094,31.531761399627353,8000
2020-11-19,30.968366622924805,30.996077072202333,30.691286792977863,30.709759251409153,4900
2020-11-20,30.811349868774414,30.977598438252443,30.718987595030793,30.977598438252443,3200
2020-11-23,31.52252960205078,31.642595296185245,31.40246038465515,31.457877759590325,1700
2020-11-24,32.55696487426758,32.566199342436605,31.984332719729828,31.984332719729828,4100
2020-11-25,32.178287506103516,32.473839806241905,32.021273364820495,32.473839806241905,33400
2020-11-27,31.965862274169922,31.965862274169925,31.891972431116564,31.891972431116564,200
2020-11-30,31.088436126708984,31.827316854442703,31.088436126708984,31.799609928171822,14800
2020-12-01,31.670307159423828,31.891969622539854,31.596417322877603,31.716486545634556,2300
2020-12-02,31.901208877563477,31.901208877563477,31.71648780214117,31.725722270444628,59300
2020-12-03,32.1413459777832,32.344539526782576,32.03051473435705,32.03051473435705,2800
2020-12-04,32.8709831237793,32.8709831237793,32.455361673347944,32.455361673347944,3600
2020-12-07,32.6308479309082,32.74167914220923,32.52925118585698,32.74167914220923,6700
2020-12-08,32.6308479309082,32.649316863407805,32.55695810786706,32.60313748563743,3900
2020-12-09,32.787864685058594,32.787864685058594,32.7232128393715,32.7601577578388,600
2020-12-10,32.86175537109375,32.870989839318504,32.62161691811284,32.64008937782379,10100
2020-12-11,32.61237716674805,32.66779101364253,32.47383550299011,32.630849623466496,2600
2020-12-14,32.37224197387695,33.037236388868074,32.37224197387695,33.00952946266385,1900
2020-12-15,33.01877212524414,33.01877212524414,32.65856790214523,32.65856790214523,1500
2020-12-16,32.898685455322266,32.972575268759684,32.81556117683528,32.898685455322266,3000
2020-12-17,32.991050720214844,32.991050720214844,32.843274603170926,32.843274603170926,2900
2020-12-18,32.704742431640625,32.93564290165313,32.704742431640625,32.93564290165313,2100
2020-12-21,32.36300277709961,32.51077890069666,32.085922985762735,32.47383398898222,1700
2020-12-22,32.40918731689453,32.56619793179678,32.40918731689453,32.4923116198608,5600
2020-12-23,32.95410919189453,32.99105410576194,32.74168122204829,32.74168122204829,10100
2020-12-24,32.883480072021484,32.883480072021484,32.75335946714257,32.75335946714257,2800
2020-12-28,33.1158332824707,33.190186380792426,33.09724412151029,33.190186380792426,9000
2020-12-29,32.76265335083008,32.8927739599756,32.68829669102082,32.855595630070965,8100
2020-12-30,33.07865524291992,33.143715534076776,33.04147692068173,33.08794805071949,4400
2020-12-31,33.21807861328125,33.255253397200676,32.995012182161496,32.995012182161496,7300
2021-01-04,32.63252258300781,33.431838699522594,32.38157425255413,33.431838699522594,255400
2021-01-05,33.004302978515625,33.25525136864738,32.688294288592715,32.939242678724476,88500
2021-01-06,34.64012145996094,34.77953489892605,34.44494051809706,34.44494051809706,147700
2021-01-07,34.88176727294922,35.02118423235455,34.82600332560354,35.02118423235455,8500
2021-01-08,34.64940643310547,34.94682595691167,34.28692661006169,34.94682595691167,30800
2021-01-11,34.7981071472168,34.835285464406006,34.314799660315515,34.314799660315515,9300
2021-01-12,35.28141784667969,35.28141784667969,34.742346380428735,34.742346380428735,16000
2021-01-13,34.993289947509766,35.13270331234679,34.928229668148624,35.13270331234679,10400
2021-01-14,35.38365936279297,35.532369111789855,35.21636045198146,35.21636045198146,14200
2021-01-15,35.10483169555664,35.169891994094165,34.89106163671615,34.90035444556993,6700
2021-01-19,35.22565460205078,35.3371860204414,35.17917992766149,35.30930405222371,21600
2021-01-20,35.52307891845703,35.57884286248553,35.281423342599034,35.281423342599034,23800
2021-01-21,35.26283264160156,35.681079931177266,35.24424347922928,35.681079931177266,22500
2021-01-22,35.26283264160156,35.26283264160156,34.93753116388723,34.946823972313275,3300
2021-01-25,35.188480377197266,35.188480377197266,34.93753199746445,34.93753199746445,5600
2021-01-26,34.91895294189453,35.27214004658364,34.88177460550172,35.244254521528376,6900
2021-01-27,34.305511474609375,34.565752638948446,34.11033060135507,34.435632056778914,8800
2021-01-28,34.537872314453125,34.67728925656971,34.509990344237856,34.612228962387334,2100
2021-01-29,33.729270935058594,34.454230689597,33.60844312746188,34.454230689597,11600
2021-02-01,34.370574951171875,34.370574951171875,33.73855759732714,34.07315543707085,16500
2021-02-02,34.66798782348633,34.779519233526656,34.50068893566604,34.50068893566604,7400
2021-02-03,34.88176727294922,34.90035643723797,34.64011522823662,34.69588272110286,4900
2021-02-04,35.43942642211914,35.44871923015467,35.0211791501193,35.0211791501193,10100
2021-02-05,35.727542877197266,35.801899509647164,35.57883315781686,35.57883315781686,5700
2021-02-08,36.31309127807617,36.31309127807617,36.02496462712723,36.02496462712723,8300
2021-02-09,36.452518463134766,36.53616793079881,36.12721340198765,36.23874838922011,10400
2021-02-10,36.517578125,36.71275903094847,36.46181063236306,36.68487705739027,6500
2021-02-11,36.62910079956055,36.74992856526672,36.55474770602423,36.71275024573871,3900
2021-02-12,36.666290283203125,36.77782173022643,36.5082841498594,36.5082841498594,5600
2021-02-16,36.907936096191406,36.98229274530297,36.880054125534656,36.98229274530297,4400
2021-02-17,36.814998626708984,36.852176956108494,36.63840333482165,36.75923113260973,7900
2021-02-18,36.50827407836914,36.731340456399494,36.38744985472584,36.731340456399494,9900
2021-02-19,37.121700286865234,37.14958579864225,36.833577180819816,36.833577180819816,5100
2021-02-22,37.539955139160156,37.72584322487449,37.18676813085496,37.18676813085496,5200
2021-02-23,37.80949401855469,37.89314348279788,37.205358605073805,37.205358605073805,173600
2021-02-24,38.49726486206055,38.506561214177225,37.79089455853114,37.79089455853114,35900
2021-02-25,37.48418045043945,38.4229098732048,37.372645503670235,38.4229098732048,14400
2021-02-26,37.084537506103516,37.63290547478796,36.78711795144627,37.44701736674699,71500
2021-03-01,38.14408493041992,38.38573692450107,37.69795571752563,37.69795571752563,45500
2021-03-02,37.83737564086914,38.1719734947416,37.76302253196439,38.1719734947416,79600
2021-03-03,38.069725036621094,38.47867943931121,37.93960447049952,37.93960447049952,26200
2021-03-04,37.5213623046875,38.329974866596565,37.186764492245125,38.15337960696309,9700
2021-03-05,38.66456985473633,38.69245536997334,37.400538772126914,37.86525717684981,16300
2021-03-08,39.4453010559082,39.74272058250065,38.924818657131624,38.97128979337661,53300
2021-03-09,39.14788055419922,39.742719592567546,39.101409419111754,39.742719592567546,28600
2021-03-10,39.854248046875,39.95648665464217,39.22223078569592,39.22223078569592,33400
2021-03-11,40.09590148925781,40.25390758303506,40.04943036009505,40.1051978424023,103700
2021-03-12,40.61639404296875,40.61639404296875,40.188853911431934,40.188853911431934,28400
2021-03-15,40.97886657714844,40.9974557376688,40.504855393198554,40.69073990736253,32000
2021-03-16,40.51415252685547,40.811572035900504,40.374735580825515,40.811572035900504,11700
2021-03-17,40.737220764160156,40.737220764160156,40.34685542502594,40.50486154066991,7600
2021-03-18,40.300376892089844,41.201931648313504,40.27249492495541,40.74650609383936,5800
2021-03-19,40.21673583984375,40.48627339680449,39.826370490879825,39.826370490879825,15600
2021-03-22,39.7891960144043,40.42121340670867,39.65907186673652,40.42121340670867,18800
2021-03-23,38.70174026489258,39.463878009166116,38.59020886330895,39.463878009166116,25900
2021-03-24,38.571624755859375,39.49176868958208,38.571624755859375,39.31517343963945,10800
2021-03-25,39.430389404296875,39.486211184359036,38.15573767184735,38.35112454965777,21800
2021-03-26,40.04446029663086,40.04446029663086,39.3745704341153,39.78394560054248,11900
2021-03-29,39.504825592041016,40.14680455326536,39.476914697795834,40.118890109822026,13000
2021-03-30,40.04446029663086,40.08167718881465,39.560651345836085,39.560651345836085,16000
2021-03-31,39.88628387451172,40.15610097571974,39.88628387451172,40.02584542319107,24000
2021-04-01,40.3328742980957,40.3328742980957,39.89558832429845,40.035146318370884,35700
2021-04-05,40.69572830200195,40.71433319276453,40.45382213172432,40.71433319276453,33500
2021-04-06,40.667816162109375,40.95624167396163,40.61199438827793,40.79807169997903,99800
2021-04-07,40.584083557128906,40.677125770441336,40.43521956502655,40.59338955305891,67400
2021-04-08,40.61200714111328,40.63061203876786,40.15610906621281,40.574790247407456,47600
2021-04-09,40.83529281616211,40.87250970204019,40.5747817134107,40.60269260322047,13200
2021-04-12,41.08649826049805,41.08649826049805,41.00276204841643,41.00276204841643,3300
2021-04-13,40.74226379394531,40.974864061941076,40.59339976439596,40.974864061941076,11300
2021-04-14,41.07719421386719,41.337705286105354,40.94693512855093,40.94693512855093,14200
2021-04-15,41.28188705444336,41.3191039423547,41.10511216066117,41.3191039423547,22100
2021-04-16,41.67265701293945,41.75639323560622,41.49587857108863,41.533095458762254,12800
2021-04-19,41.56100845336914,41.70057001460972,41.3842335517693,41.70057001460972,9400
2021-04-20,41.039981842041016,41.542399150163355,40.8073816307841,41.514484711358186,28100
2021-04-21,41.616825103759766,41.616825103759766,40.98415231009515,40.98415231009515,12800
2021-04-22,41.263275146484375,41.70987066553371,41.18884492610781,41.70987066553371,25200
2021-04-23,41.84012985229492,41.979687858588626,41.49587896186864,41.49587896186864,15300
2021-04-26,41.905250549316406,42.13785073635853,41.85873122174742,42.007595199486495,6500
2021-04-27,42.04480743408203,42.04480743408203,41.85873012866523,42.04480743408203,4100
2021-04-28,42.03550338745117,42.193669800870666,42.01689494777883,42.193669800870666,10500
2021-04-29,42.398372650146484,42.565845111570475,42.212291743097815,42.444891989609125,8800
2021-04-30,41.97038650512695,42.25880852183692,41.95177806062988,42.23089762969025,20000
2021-05-03,42.37045669555664,42.67748713869667,42.249503588042,42.323937361650295,78600
2021-05-04,42.56583786010742,42.593748749190524,42.04481211897206,42.38906298058529,232700
2021-05-05,42.64957809448242,42.76122521053037,42.221594525300446,42.45419475409906,287400
2021-05-06,42.900787353515625,42.95660913770321,42.37045910854629,42.82635357566834,153900
2021-05-07,43.44972229003906,43.46833073375016,42.69609629112956,42.89147962629944,59300
2021-05-10,43.245033264160156,43.942833936869874,43.21712237299505,43.60788904609757,41100
2021-05-11,42.64957809448242,42.76122521053037,42.25880786451788,42.70540342710531,119000
2021-05-12,41.51449203491211,42.64027995338547,41.45867024584939,42.630973955742895,53600
2021-05-13,42.3332405090332,42.510015400480626,41.64474228855797,41.64474228855797,94400
2021-05-14,42.965904235839844,43.0217295550647,42.621656973612296,42.65887030389857,46300
2021-05-17,42.965904235839844,43.0217295550647,42.58444009412906,42.91007891661498,79900
2021-05-18,42.50071334838867,42.99382468909373,42.50071334838867,42.99382468909373,46200
2021-05-19,42.12854766845703,42.12854766845703,41.51448327396795,41.96107523821478,9400
2021-05-20,42.165771484375,42.32394149413742,41.93317124293463,42.21229082282347,20200
2021-05-21,42.35185241699219,42.61236355184427,42.18437995910213,42.4262826487222,43000
2021-05-24,42.47280502319336,42.630971481957246,42.333243460238656,42.630971481957246,9300
2021-05-25,42.03550338745117,42.70539301886775,41.96106962876179,42.70539301886775,25500
2021-05-26,42.40767288208008,42.45419221521825,42.13785578100203,42.24950289037316,29300
2021-05-27,42.72400665283203,42.835657313715465,42.668184871588004,42.72400665283203,34400
2021-05-28,42.733314514160156,42.798442294585655,42.48210584000559,42.798442294585655,34000
2021-06-01,43.114776611328125,43.14268750178429,42.90078483636968,43.09616816795813,39400
2021-06-02,42.92869567871094,43.28224900394925,42.891478792012656,43.28224900394925,9200
2021-06-03,42.891483306884766,42.91009175219268,42.66818906158588,42.68679750689379,5000
2021-06-04,42.965904235839844,43.06824887982027,42.67747874364019,43.0217295550647,20000
2021-06-07,42.844966888427734,43.11478403998554,42.79844754658632,42.947311569997815,19200
2021-06-08,43.13338088989258,43.189202665414946,42.519316514765265,42.89147469863791,8000
2021-06-09,42.882171630859375,43.18920203937387,42.882171630859375,43.18920203937387,6100
2021-06-10,42.677486419677734,43.1799037354761,42.66818397273226,43.1799037354761,10100
2021-06-11,42.91939163208008,42.91939163208008,42.77052764003262,42.81704697207291,26900
2021-06-14,42.426273345947266,42.91008216830106,42.333234689385755,42.91008216830106,10200
2021-06-15,42.59374237060547,42.70539300861273,42.212278230406405,42.52861460636638,7000
2021-06-16,42.23089599609375,42.56584088568884,42.12855132991773,42.56584088568884,17300
2021-06-17,41.2260627746582,42.30532761433008,40.94693968142779,42.30532761433008,111800
2021-06-18,40.314273834228516,40.78877674492424,40.2677509485621,40.76086585288269,25500
2021-06-21,41.32840347290039,41.34701191554274,40.537564181187285,40.537564181187285,15700
2021-06-22,41.25397872924805,41.40284274095547,41.058595379356674,41.058595379356674,11100
2021-06-23,41.17954635620117,41.374933261968344,41.16094145965013,41.374933261968344,8500
2021-06-24,41.545352935791016,41.60134525844097,41.26539844217027,41.42403801662337,15900
2021-06-25,42.05860137939453,42.123923972721045,41.63866787957098,41.63866787957098,76200
2021-06-28,41.46136474609375,42.0492716535018,41.31205545085839,42.0492716535018,15400
2021-06-29,41.30272674560547,41.75998852143242,41.256068252516556,41.75998852143242,6300
2021-06-30,41.47069549560547,41.49869343615584,41.26539743718454,41.26539743718454,13700
2021-07-01,41.87195587158203,42.00260103327028,41.53600913591872,41.87195587158203,176100
2021-07-02,41.75065612792969,42.02127679803754,41.67599969492431,42.02127679803754,14400
2021-07-06,41.12541580200195,41.67599446699957,40.86412543888926,41.67599446699957,12600
2021-07-07,41.330718994140625,41.3400492675468,40.87345728132209,41.01343630111524,48100
2021-07-08,40.686824798583984,41.03210547408936,40.36021179182461,40.630836031605114,54800
2021-07-09,41.65733337402344,41.67599748128343,41.1627469909843,41.1627469909843,7600
2021-07-12,41.83463668823242,41.86263106658879,41.470691970528954,41.470691970528954,6300
2021-07-13,41.19074249267578,41.6573345074271,41.14408400316356,41.6573345074271,8600
2021-07-14,41.106746673583984,41.6106667921435,40.957437404360476,41.6106667921435,13400
2021-07-15,41.116085052490234,41.17207380975745,40.817466481017846,40.82679675395766,9900
2021-07-16,40.565513610839844,41.22807346168113,40.565513610839844,41.22807346168113,15000
2021-07-19,39.669647216796875,39.90294319881943,39.41769068884899,39.90294319881943,53100
2021-07-20,40.686824798583984,40.93878492943326,39.725646327422304,39.725646327422304,51500
2021-07-21,41.2187385559082,41.349387315612525,40.95744815612898,40.96678199030093,34800
2021-07-22,40.761474609375,40.89211979084508,40.602831489151185,40.86412541190555,28700
2021-07-23,41.06943130493164,41.07876513957118,40.873463495279886,41.02277281117859,25400
2021-07-26,41.2187385559082,41.32138937291139,41.0694292474894,41.0694292474894,9000
2021-07-27,41.2000732421875,41.21873378874378,41.00410190520349,41.00410190520349,48200
2021-07-28,41.3680419921875,41.60133795588859,41.18140450926385,41.18140450926385,31700
2021-07-29,41.86263656616211,42.067938193917364,41.759985752284486,41.759985752284486,26900
2021-07-30,41.675994873046875,42.03060576916493,41.620002554771105,41.722653358369556,9100
2021-08-02,41.508026123046875,42.19858388646888,41.508026123046875,41.77865035194298,232100
2021-08-03,41.81597900390625,41.84397338656138,41.17207972432074,41.358717248255886,67500
2021-08-04,41.24673080444336,41.76931153185885,41.24673080444336,41.564013486008854,164300
2021-08-05,41.75065612792969,41.75998640214803,41.526690388728206,41.601346821733586,133600
2021-08-06,42.15191650390625,42.33855400228759,42.07726364044223,42.10525801926447,98600
2021-08-09,42.06793212890625,42.235901956708595,41.88129463601976,42.08659267436222,95000
2021-08-10,42.49720764160156,42.59985846911218,42.039945835367455,42.17992488375741,36000
2021-08-11,42.98245620727539,43.001120314403515,42.65583967225495,42.70249816016803,17100
2021-08-12,42.94511795043945,43.08509338144588,42.758480482617266,42.94511795043945,2400
2021-08-13,42.87047576904297,43.03844918985566,42.805153167595236,43.03844918985566,11100
2021-08-16,42.70249938964844,42.85180869115784,42.44120900196062,42.637176792726486,13500
2021-08-17,42.26390075683594,42.42254031514703,41.881295490528636,42.34788745235774,29200
2021-08-18,41.843971252441406,42.37588585464839,41.843971252441406,42.37588585464839,3200
2021-08-19,41.42403793334961,41.80664323781887,41.34005122945077,41.47069642222352,11600
2021-08-20,41.927955627441406,41.927955627441406,41.45202981412001,41.45202981412001,4600
2021-08-23,42.1612434387207,42.17990754148662,41.94661159663306,42.12391523318887,4600
2021-08-24,42.45987319946289,42.57185428587823,42.35722238699276,42.4692034734081,29600
2021-08-25,42.77715301513672,42.991784899493275,42.73049452893996,42.73049452893996,7800
2021-08-26,42.3292236328125,42.82380997655376,42.3292236328125,42.82380997655376,5800
2021-08-27,43.11310577392578,43.13176988294857,42.43188181376086,42.43188181376086,8400
2021-08-30,42.935791015625,43.01044743867085,42.92646074265136,42.935791015625,12000
2021-08-31,42.78647994995117,42.93578923001925,42.73049119480942,42.79581378235082,156400
2021-09-01,42.78647994995117,42.93578923001925,42.54385370477081,42.86113636989223,42100
2021-09-02,43.08510208129883,43.169088780786936,42.88913430243135,42.88913430243135,16700
2021-09-03,42.86113739013672,43.07576926285519,42.758486590181334,43.07576926285519,26900
2021-09-07,42.44120788574219,42.833147016780316,42.4318776120621,42.805149076111164,108000
2021-09-08,42.19858169555664,42.40387975525458,42.10526115949898,42.179917588345106,5400
2021-09-09,42.09592819213867,42.33855445073435,42.05859998010419,42.33855445073435,27100
2021-09-10,41.60134506225586,42.291899239276184,41.60134506225586,42.291899239276184,13200
2021-09-13,41.993282318115234,42.08659929934074,41.78798068764154,41.83464273806894,16600
2021-09-14,41.46136474609375,42.179916841855935,41.44270063921253,42.179916841855935,37800
2021-09-15,41.91862106323242,41.99327748747655,41.48935730327141,41.48935730327141,48800
2021-09-16,41.778656005859375,42.03061616067275,41.64801079072988,41.98395766381437,7400
2021-09-17,41.405372619628906,41.83463996028131,41.405372619628906,41.76931380598348,3900
2021-09-20,40.71481704711914,40.808134018908234,40.34154204033419,40.65882472815711,54200
2021-09-21,40.686824798583984,40.994777256226925,40.66816424946755,40.985443421853915,10300
2021-09-22,41.48936462402344,41.52669284273202,41.05077051354959,41.05077051354959,15800
2021-09-23,41.86431884765625,42.16428681230124,41.348749131916435,41.517481559016765,13500
2021-09-24,41.986183166503906,42.108042697238076,41.95805871057268,41.99555560121411,3600
2021-09-27,42.5204963684082,42.76421897726597,42.5017479252807,42.58611413140452,76800
2021-09-28,42.126792907714844,42.63299022488336,42.126792907714844,42.54862400535527,10300
2021-09-29,42.28614807128906,42.41738360311048,42.07054632959673,42.17366098342786,8300
2021-09-30,41.49873352050781,42.426758302744716,41.46123663058505,42.426758302744716,18000
2021-10-01,42.15491485595703,42.389265054487545,41.40499135993919,41.751832228412525,260200
2021-10-04,42.258033752441406,42.56737418604946,42.183039964960294,42.56737418604946,102000
2021-10-05,42.36113357543945,42.66110149375085,42.26739494192952,42.44549977595826,49100
2021-10-06,42.37051773071289,42.37051773071289,41.74245732256314,42.01430441826826,12600
2021-10-07,42.81109619140625,43.064194856448545,42.66111219462939,42.66111219462939,13400
2021-10-08,42.81109619140625,43.07357086769116,42.81109619140625,42.829844637990924,11900
2021-10-11,42.5204963684082,43.07356292501994,42.5204963684082,42.8860820696448,38900
2021-10-12,42.63298797607422,42.876714186699466,42.54862176099629,42.60486709634833,51600
2021-10-13,42.70798110961914,42.73610198891907,42.220532271652615,42.679856654419005,32100
2021-10-14,43.35478973388672,43.40165906166217,42.92358619691175,42.93295863210664,34600
2021-10-15,43.37353515625,43.814114673603925,43.364159145808294,43.785990218179045,29100
2021-10-18,43.42978286743164,43.44852773754018,43.14855975319737,43.261050429251256,7500
2021-10-19,43.5047721862793,43.607886849270685,43.42040596891364,43.542269077530776,31800
2021-10-20,44.0015869140625,44.11407757103178,43.50476569476428,43.50476569476428,23800
2021-10-21,43.992218017578125,44.05783578480263,43.72037093856225,43.97346957324253,114500
2021-10-22,44.03908920288086,44.27343940313623,43.88910521775343,44.06721008262342,17300
2021-10-25,44.20782470703125,44.357808702587484,44.057840711475016,44.1328344972034,119100
2021-10-26,43.804744720458984,44.29219362972489,43.804744720458984,44.273445182149196,44500
2021-10-27,42.86733627319336,43.66412906375761,42.84858782890831,43.60788373090246,16000
2021-10-28,43.420406341552734,43.42978235239625,42.99857525110428,42.99857525110428,7800
2021-10-29,43.31728744506836,43.5610136405794,43.12043414739409,43.392281220887156,10100
2021-11-01,44.10470962524414,44.13283408257832,43.42978343953224,43.42978343953224,180900
2021-11-02,43.89848327636719,44.05783970354354,43.767244154344944,44.05783970354354,13500
2021-11-03,44.57340621948242,44.70464175608398,43.85160719227366,43.85160719227366,21900
2021-11-04,44.114078521728516,44.67651751509661,43.99221542866879,44.67651751509661,10300
2021-11-05,44.864009857177734,44.92962763733952,44.442178716208495,44.442178716208495,9200
2021-11-08,44.807762145996094,45.16397548798566,44.751520380771865,45.11710615833192,14700
2021-11-09,44.77962875366211,44.80774962841832,44.620268786277734,44.80774962841832,51300
2021-11-10,44.63902282714844,44.94836679186633,44.57340506055375,44.72338903789876,5000
2021-11-11,44.835872650146484,44.90149040641949,44.68588512049443,44.73275801146046,7900
2021-11-12,45.004615783691406,45.06086112520072,44.85463178223391,44.97649490088708,39100
2021-11-15,45.004615783691406,45.1545997851489,44.93899800654754,45.1545997851489,25200
2021-11-16,45.02335739135742,45.22958670299591,44.995236512824945,45.107723602854975,3700
2021-11-17,44.54528045654297,44.87336926207536,44.38592048249882,44.87336926207536,6800
2021-11-18,44.47029495239258,44.723393610520944,44.27344163248178,44.723393610520944,1457000
2021-11-19,43.982845306396484,44.25469240580227,43.926603545071416,44.17032618791428,147300
2021-11-22,44.75151062011719,44.817128382500805,44.19844406866969,44.19844406866969,14900
2021-11-23,44.76089096069336,44.76089096069336,44.489043853710726,44.57341007395014,22500
2021-11-24,44.50779342651367,44.55466275541067,44.423427204138854,44.479672544355594,4700
2021-11-26,43.0641975402832,43.307923785172875,42.81109885946736,43.307923785172875,9600
2021-11-29,42.98920440673828,43.551643497545896,42.98920440673828,43.551643497545896,8700
2021-11-30,41.83620071411133,42.60486912094865,41.798703822094765,42.60486912094865,9700
2021-12-01,41.423744201660156,42.979829542030195,41.423744201660156,42.52050510666167,166600
2021-12-02,42.595497131347656,42.820474928786275,41.55498509890876,41.55498509890876,13700
2021-12-03,42.3330192565918,42.82984052775552,42.11741750540943,42.82984052775552,19300
2021-12-06,43.1954345703125,43.561020343936924,42.754855009328914,42.754855009328914,59500
2021-12-07,43.67350769042969,44.00159657218766,43.57039302019129,43.664135254908295,18400
2021-12-08,43.701622009277344,43.97346908527658,43.63600424278099,43.7297464634187,123300
2021-12-09,43.41103744506836,43.67350855567473,43.41103744506836,43.57039388339346,108400
2021-12-10,43.598514556884766,43.598514556884766,43.30792256465304,43.51414833232379,294100
2021-12-13,43.01731872558594,43.49539509814532,42.94232852700602,43.49539509814532,14700
2021-12-14,42.92357635498047,43.45789443608814,42.88607947099756,42.97044567200928,15000
2021-12-15,43.21417236328125,43.25166925081928,42.59548802250373,42.6798542315143,8400
2021-12-16,43.148555755615234,43.8234854458066,43.026696231697436,43.486020600710916,71900
2021-12-17,42.661109924316406,42.99857479308047,42.661109924316406,42.95170546706332,12400
2021-12-20,41.66746520996094,42.11741715334998,41.18001637731442,42.11741715334998,367300
2021-12-21,42.67985916137695,42.73610449918079,42.098671641005694,42.098671641005694,107100
2021-12-22,43.12043762207031,43.12043762207031,42.66110964791733,42.66110964791733,39900
2021-12-23,43.4416389465332,43.59234700732572,43.290930885740686,43.290930885740686,18200
2021-12-27,44.05388641357422,44.05388641357422,43.44163297954702,43.49814984201762,33200
2021-12-28,44.24227523803711,44.355305377162935,44.053889277385174,44.053889277385174,112900
2021-12-29,44.4400749206543,44.49659178176382,44.261110250218664,44.32704479159827,53300
2021-12-30,44.28937530517578,44.6849826286724,44.28937530517578,44.63788703204143,21200
2021-12-31,44.37413787841797,44.51542463348455,44.20459089780782,44.20459089780782,5000
2022-01-03,44.54369354248047,44.83568838243792,44.30821197830136,44.67556264351461,147900
2022-01-04,45.30664825439453,45.466777574972106,44.760332933210265,44.760332933210265,104100
2022-01-05,44.7791748046875,45.80587456131135,44.7791748046875,45.41968494238844,44500
2022-01-06,45.13710021972656,45.33490744569613,44.79800981769982,45.02407008571765,77800
2022-01-07,45.17478561401367,45.35375391510868,45.052337779033024,45.240720169207485,240700
2022-01-10,45.00523376464844,45.184202046561566,44.51543169773171,45.13710286090229,132700
2022-01-11,45.33491134643555,45.33491134643555,44.65672329770256,45.033495234368324,60500
2022-01-12,45.34432601928711,45.67400234028617,45.04290992721915,45.56096861088825,237700
2022-01-13,45.560970306396484,46.031933416924524,45.49503575837563,45.51387471397636,57000
2022-01-14,45.6457405090332,45.6457405090332,45.04290834605876,45.21245534104071,87500
2022-01-18,44.8451042175293,45.344323923222056,44.741491766952365,45.344323923222056,40300
2022-01-19,44.17634201049805,45.00523451306738,44.17634201049805,44.92988228245355,35100
2022-01-20,43.30976486206055,44.666137253216576,43.290925907482425,44.298786621851185,46100
2022-01-21,42.64099884033203,43.47931257035513,42.56564302078857,43.1213796138502,25100
2022-01-24,43.290924072265625,43.33801966013283,41.642553344772296,42.18887222488834,19200
2022-01-25,43.00835418701172,43.38512613965815,42.019332302769385,42.735194701001234,32400
2022-01-26,42.556217193603516,43.78072028147821,42.27364011073436,43.47930424732944,73700
2022-01-27,42.104103088378906,43.33802414679387,41.88746048723096,42.9800947674173,15200
2022-01-28,42.59390640258789,42.59390640258789,41.61430223499011,41.94397498698768,8500
2022-01-31,43.28150939941406,43.28150939941406,42.46203461546104,42.47145229642367,68900
2022-02-01,43.68653869628906,43.705377651699024,43.03660731071713,43.34744468523646,22600
2022-02-02,43.70538330078125,43.76189658115234,43.3568679703951,43.648866427246354,163400
2022-02-03,43.140220642089844,43.79956972213095,43.140220642089844,43.41338011131827,229600
2022-02-04,43.14964294433594,43.42279882690716,42.68809749936472,43.15906062587418,34500
2022-02-07,43.187313079833984,43.488729164146946,43.111960855337315,43.14963876416723,17500
2022-02-08,44.025630950927734,44.09156549565045,43.422795181349315,43.422795181349315,309000
2022-02-09,44.51542282104492,44.64729548416583,44.44007060670993,44.496587462333174,28500
2022-02-10,43.931427001953125,44.92044855938629,43.79014026126979,44.24226429914888,95100
2022-02-11,43.57350158691406,44.32704537226,43.41337586808404,44.02562929538686,16500
2022-02-14,43.262672424316406,43.771313455495715,43.027190864677486,43.771313455495715,40300
2022-02-15,44.21400451660156,44.298777999120404,43.69594594261418,43.69594594261418,16300
2022-02-16,44.4400749206543,44.51542714230398,44.091563260053114,44.27052793048874,18900
2022-02-17,43.639442443847656,44.270531271294544,43.611182214578776,44.270531271294544,124200
2022-02-18,43.56407928466797,44.025624624567385,43.375693358317946,43.63001381991607,46100
2022-02-22,42.88589859008789,43.68653801325832,42.70693390623636,43.469895419175955,37900
2022-02-23,42.20771789550781,43.262674322901255,42.15120102517538,43.14022290042946,47500
2022-02-24,42.396095275878906,42.443194458848545,40.94553170675889,41.08681847617826,131900
2022-02-25,43.65827178955078,43.71478864713705,42.65983245766635,42.810540484733586,64600
2022-02-28,43.639442443847656,43.7618902624141,43.14964039009204,43.159058071072806,26000
2022-03-01,42.62215805053711,43.592340829831066,42.39609419480217,43.54524524122552,16900
2022-03-02,43.84666442871094,44.00679375311825,42.88589926175711,42.88589926175711,42100
2022-03-03,43.66769790649414,44.11982203785041,43.41337740888814,43.97853167479268,31500
2022-03-04,42.98950958251953,43.14021762514682,42.54680313529298,43.027187491467146,35900
2022-03-07,41.52952575683594,42.75402908213711,41.52952575683594,42.75402908213711,8700
2022-03-08,41.61429977416992,42.45261351667389,41.463591726002505,41.72732991200466,52900
2022-03-09,42.54680633544922,42.84822603653823,42.39609828148643,42.39609828148643,30600
2022-03-10,42.5185432434082,42.53738219643902,42.03816251719251,42.33957857935979,10700
2022-03-11,42.301902770996094,42.98009074108439,42.273646136630106,42.84822165649235,12300
2022-03-14,42.188873291015625,42.74460986548355,41.991069661076985,42.45261146426714,35700
2022-03-15,42.697513580322266,42.697513580322266,42.25480714544205,42.25480714544205,3600
2022-03-16,43.54524612426758,43.54524612426758,43.01776617896483,43.01776617896483,8300
2022-03-17,43.87492370605469,43.893759067892965,43.31918710958044,43.31918710958044,11700
2022-03-18,44.13865661621094,44.13865661621094,43.47930764258662,43.64885462418038,12700
2022-03-21,44.100982666015625,44.36472084185423,43.95969230429456,44.279947343454225,7800
2022-03-22,44.33646774291992,44.684979444954784,44.223437600426024,44.289372149644414,45000
2022-03-23,43.71479034423828,44.148075489732314,43.67711243771804,44.01620641007438,8700
2022-03-24,44.07272720336914,44.08214488425827,43.82782438229277,43.94085811194183,8800
2022-03-25,44.494911193847656,44.52324473244764,44.16433763076444,44.23989853762084,41900
2022-03-28,44.239898681640625,44.40990711967862,43.89988180556463,44.40990711967862,7500
2022-03-29,44.8916015625,44.91993870809263,44.50436086686743,44.50436086686743,11700
2022-03-30,44.35324478149414,45.004945117528415,44.29657769345153,45.004945117528415,6700
2022-03-31,44.03211212158203,44.63658499863889,44.03211212158203,44.428799698989685,19400
2022-04-01,43.96600341796875,44.06045456821693,43.63543339945754,43.97545033446506,23200
2022-04-04,43.71099090576172,44.09823161609665,43.48431535007166,44.09823161609665,20400
2022-04-05,43.078182220458984,43.8148831434285,43.078182220458984,43.8148831434285,63400
2022-04-06,42.79482650756836,42.917607565565895,42.60592786064798,42.8703838045713,33000
2022-04-07,42.681488037109375,42.74760202755051,42.23758033028207,42.728715404232126,5900
2022-04-08,42.84205627441406,43.21040670592822,42.549263150494916,42.64371428866683,23500
2022-04-11,42.8892822265625,43.49375512988104,42.64371646069286,42.64371646069286,48700
2022-04-12,42.82316589355469,43.6165374366474,42.709828131096444,43.31430100146375,23200
2022-04-13,43.446537017822266,43.48431747993543,42.98373536429394,42.98373536429394,8400
2022-04-14,43.35207748413086,43.67320411745561,43.29540680662337,43.41819147308517,40500
2022-04-18,43.37096405029297,43.56930961983865,43.19151230950058,43.37096405029297,9300
2022-04-19,44.37213134765625,44.438245346875085,43.38041775643105,43.38041775643105,25500
2022-04-20,44.71213912963867,44.986041986440256,44.6271349190086,44.65546845490462,12600
2022-04-21,44.088775634765625,45.14660299758099,43.937657440077714,45.071045701708016,58500
2022-04-22,42.851505279541016,43.682657391159,42.851505279541016,43.682657391159,7400
2022-04-25,43.182071685791016,43.22929545178702,42.00145952117899,42.36036302510252,182100
2022-04-26,42.058128356933594,42.87039013660433,42.058128356933594,42.86094682418742,6300
2022-04-27,42.1053581237793,42.4737085790223,41.916459438209294,42.01090697952292,10700
2022-04-28,42.89872741699219,43.07818279504244,41.89757047815547,42.45481963584383,24700
2022-04-29,41.85978317260742,43.078175749057415,41.765335643881706,42.78538264530006,5400
2022-05-02,42.17147445678711,42.2848122332234,41.38754612932396,41.8975715277017,16000
2022-05-03,42.945953369140625,43.06873445191004,42.2848097730003,42.303700001797765,10900
2022-05-04,44.15488815307617,44.183221687719644,42.77593422198561,42.96483285980639,140300
2022-05-05,42.83261489868164,43.59765300357542,42.56815888348314,43.59765300357542,9600
2022-05-06,42.42648696899414,42.87984531712728,42.03924623229382,42.492604580426956,58800
2022-05-09,41.491432189941406,42.08646170088394,41.35920421038578,41.82200213883047,10000
2022-05-10,41.05697250366211,42.02035252602523,40.499723381009204,42.02035252602523,16300
2022-05-11,40.3769416809082,41.661448472257085,40.35805145127743,41.00974816029581,58200
2022-05-12,40.66973114013672,40.83029267299375,39.98025403450918,40.244710019423145,64800
2022-05-13,41.642555236816406,41.935348370544766,41.311985249496196,41.53866078281787,54400
2022-05-16,41.59532928466797,41.81256149392685,41.198641717759514,41.198641717759514,33800
2022-05-17,42.79482650756836,42.85149357958506,42.03923191988684,42.19979703079887,14400
2022-05-18,41.198638916015625,42.33202725489401,41.12308161499291,42.33202725489401,9900
2022-05-19,40.9908561706543,41.340316365745316,40.8019575020037,40.81140081411214,14500
2022-05-20,40.80195617675781,41.2836443433763,40.0369182148954,41.2836443433763,9600
2022-05-23,41.25532150268555,41.47255375987731,40.94363808827351,41.075869708381894,18000
2022-05-24,40.74528884887695,40.830293073854214,40.008587967702425,40.716955308198735,12100
2022-05-25,41.670894622802734,41.80312263627807,40.99086432450917,40.99086432450917,48500
2022-05-26,42.71927261352539,42.81372375394645,42.06757595786184,42.06757595786184,7100
2022-05-27,43.48431396484375,43.48431396484375,42.80428011355061,42.80428011355061,7500
2022-05-31,43.2198486328125,43.408747300158446,42.7192702268468,42.927059121221575,8400
2022-06-01,42.80427932739258,43.27652424812987,42.41703863650571,43.27652424812987,22600
2022-06-02,43.55042266845703,43.55042266845703,42.88927912712705,42.88927912712705,12500
2022-06-03,43.11595916748047,43.26707738560173,42.98372757404966,43.18207316272461,31100
2022-06-06,43.4182014465332,43.70154769327281,43.23874606134182,43.45597830394028,28400
2022-06-07,43.84321975708008,43.84321975708008,43.06873832151277,43.06873832151277,17700
2022-06-08,43.03095245361328,43.559864384948604,42.955391547455484,43.42763640211477,7700
2022-06-09,42.294246673583984,43.01206084728698,42.294246673583984,42.75704820159846,16900
2022-06-10,40.981414794921875,41.65200173647713,40.981414794921875,41.65200173647713,5700
2022-06-13,39.064109802246094,40.10304743622221,38.95077200287175,40.03693341967521,103000
2022-06-14,39.11132049560547,39.27188562701416,38.76186029610534,39.27188562701416,68000
2022-06-15,39.42300033569336,39.800794041205485,39.05464633862647,39.53633808705278,52600
2022-06-16,37.27901077270508,38.51629001234742,37.14678278705863,38.51629001234742,112800
2022-06-17,37.74181365966797,37.88348857878946,37.2129016478925,37.43013388172069,48000
2022-06-21,38.27072525024414,38.535181228324504,38.04404612407349,38.36517278443213,30800
2022-06-22,38.05349349975586,38.33683970869118,37.789033915532706,37.940152133827716,9800
2022-06-23,38.24239730834961,38.29906439598012,37.807929219838655,38.24239730834961,18500
2022-06-24,39.63103485107422,39.63103485107422,39.23292165555797,39.24240252129619,202300
2022-06-27,39.792179107666016,40.02915016258248,39.56468891984536,39.896446950371875,206400
2022-06-28,39.2898063659668,40.36091667579529,39.2898063659668,40.076548482892804,8800
2022-06-29,38.92013168334961,39.37511572540903,38.654721613562806,39.37511572540903,8500
2022-06-30,38.578887939453125,38.83481710919286,38.10494583605909,38.41774574403568,26100
2022-07-01,39.09074783325195,39.09074783325195,38.26608593711453,38.57888947342006,100200
2022-07-05,38.87273025512695,38.88221112222218,37.830059059914824,38.142862588013266,17900
2022-07-06,38.522010803222656,38.74002372113183,38.190252801163275,38.74002372113183,411900
2022-07-07,39.30876541137695,39.35615890601181,38.90117484891184,38.90117484891184,16500
2022-07-08,39.10022735595703,39.39407279053491,38.94856601266656,39.204495207448915,94300
2022-07-11,38.673683166503906,38.92961239085738,38.66420591340581,38.815867274219855,8700
2022-07-12,38.939083099365234,39.42250243085382,38.815857145891236,39.327715461037585,45900
2022-07-13,38.6926383972168,38.796906252964625,38.152344613697885,38.152344613697885,8100
2022-07-14,38.095462799072266,38.1523371499607,37.66891782302781,37.83953364391094,26500
2022-07-15,38.83481979370117,38.920129522844896,38.36087765754525,38.47462275777304,45000
2022-07-18,38.986480712890625,39.488858214721795,38.84429662721804,39.47938096309299,4700
2022-07-19,40.27560806274414,40.31352068908077,39.44146881317647,39.44146881317647,41700
2022-07-20,40.607357025146484,40.68318587668614,40.21872466929171,40.33246975454672,16300
2022-07-21,40.796939849853516,40.81589796916108,40.247165237608876,40.31351684723957,44100
2022-07-22,40.522056579589844,41.081308499242084,40.29456274113305,40.83486015548145,9700
2022-07-25,40.721107482910156,40.83485619906359,40.60736238264827,40.796939960345775,127800
2022-07-26,40.21872329711914,40.58839752350378,40.1808070646974,40.50308780850033,33300
2022-07-27,41.05286407470703,41.19504452849142,40.31351197464204,40.55048301350712,13200
2022-07-28,41.71638488769531,41.744823874435205,40.91068470926472,41.23296550381526,27800
2022-07-29,42.275638580322266,42.39886455249095,41.782741923430855,41.782741923430855,14900
2022-08-01,42.285118103027344,42.398863203622724,41.7732597265108,41.95335643711112,74600
2022-08-02,41.57419967651367,42.19032220861333,41.57419967651367,42.03866088823129,140000
2022-08-03,42.180843353271484,42.29458843525781,41.83960449142157,41.94387232319693,38300
2022-08-04,41.820655822753906,42.15241750934068,41.820655822753906,42.105020399905584,70800
2022-08-05,41.97230911254883,42.133451298725426,41.659509222510046,41.659509222510046,62200
2022-08-08,42.3609504699707,42.81593452589165,42.3609504699707,42.512611821944354,21700
2022-08-09,41.896488189697266,42.133459272652686,41.78274308232836,42.133459272652686,51800
2022-08-10,42.92020034790039,43.10030068075365,42.67375201859025,42.67375201859025,14400
2022-08-11,43.43205642700195,43.83964694735135,43.40362105633759,43.40362105633759,38100
2022-08-12,44.095577239990234,44.10505449181954,43.574241607980554,43.66902858983992,31900
2022-08-15,44.086090087890625,44.11452907110778,43.8017255669565,43.962867752216845,48900
2022-08-16,44.560035705566406,44.76857139158682,44.1334906981848,44.152448816540414,28200
2022-08-17,43.83016586303711,44.10504952583553,43.593194819178734,44.057656040242094,9600
2022-08-18,44.07661819458008,44.14296980366619,43.77329551993171,43.92495685725589,6800
2022-08-19,43.41310119628906,43.56476254307511,43.36570770339812,43.56476254307511,2600
2022-08-22,42.256683349609375,42.7874962374089,42.237725229917736,42.7874962374089,34300
2022-08-23,42.40834426879883,42.83488930199109,42.37042802979325,42.711666949060316,25400
2022-08-24,42.43678283691406,42.645318551262385,42.31355685880897,42.31355685880897,22200
2022-08-25,43.299354553222656,43.33727079254623,42.60739945707964,42.60739945707964,270600
2022-08-26,42.04814529418945,43.270916826637844,42.01970992419018,43.270916826637844,21800
2022-08-29,41.71638488769531,41.99127219220138,41.58368166921418,41.621597907606365,39600
2022-08-30,41.204532623291016,41.44150370372699,41.043390408330865,41.44150370372699,11300
2022-08-31,40.796939849853516,41.12869789800698,40.76850086294641,41.02443004976117,30200
2022-09-01,40.44622039794922,40.48413663687506,39.98175912672821,40.46517851741214,46600
2022-09-02,40.31351852416992,41.17609310114117,40.12394455499164,41.00547363616737,42300
2022-09-06,39.86801528930664,40.398828187524174,39.706873076710835,40.38935093543815,282400
2022-09-07,40.78745651245117,40.82537274877035,39.86801128500465,39.91540477245796,13900
2022-09-08,41.109737396240234,41.14765363265797,40.42726322017761,40.50309207712176,209100
2022-09-09,42.01971435546875,42.01971435546875,41.58368481277952,41.58368481277952,140500
2022-09-12,42.45573425292969,42.47469237086661,42.27563394047457,42.36094366324508,17500
2022-09-13,40.62631607055664,41.6689872103228,40.531525484101714,41.44149703461327,16200
2022-09-14,40.341957092285156,40.673715150785114,40.05758890969474,40.673715150785114,18200
2022-09-15,40.341957092285156,40.958079717483876,40.24716649279114,40.24716649279114,23600
2022-09-16,39.801666259765625,39.858537007755466,39.46042730825892,39.74479189588387,16300
2022-09-19,40.40830993652344,40.44622256158581,40.010196638288555,40.010196638288555,15300
2022-09-20,39.697391510009766,39.83957197119692,39.40354610479694,39.83957197119692,10700
2022-09-21,39.128658294677734,40.06706523589384,39.08126480824871,40.01967174946482,10300
2022-09-22,38.294525146484375,38.89168962054452,38.228173538255476,38.89168962054452,140400
2022-09-23,37.29757308959961,37.773671823747236,36.85004274949549,37.773671823747236,71100
2022-09-26,36.51677322387695,37.449929984441916,36.46916407462656,37.07856990266023,35600
2022-09-27,36.59294509887695,37.20235083248986,36.24063309019662,36.89764796568341,61900
2022-09-28,37.545143127441406,37.75462771419213,36.82147108176332,36.8500394732669,39500
2022-09-29,36.58342361450195,37.05952233076988,36.3168094957423,37.05952233076988,21500
2022-09-30,36.335853576660156,37.0785664054818,36.23111127878122,36.54533817241802,5600
2022-10-03,37.364227294921875,37.56418787566435,36.802430687827695,36.802430687827695,82800
2022-10-04,39.040096282958984,39.06866104471804,38.04028966559613,38.04028966559613,7800
2022-10-05,38.782997131347656,38.89725979482315,38.22120055677164,38.41164075079386,23500
2022-10-06,38.364036560058594,38.76395774999249,38.3069034047773,38.51638800846366,10100
2022-10-07,37.468971252441406,37.840331339319164,37.34518818916079,37.840331339319164,145600
2022-10-10,37.41183090209961,37.640356208462286,37.14521320155081,37.640356208462286,33100
2022-10-11,37.402313232421875,37.92602471561765,37.17378788734087,37.17378788734087,73000
2022-10-12,37.33565902709961,37.57370837611047,37.09760967808876,37.43088094611083,10400
2022-10-13,38.18312072753906,38.36404058875611,36.48821023200308,36.48821023200308,30000
2022-10-14,37.33565902709961,38.344989574549764,37.33565902709961,38.344989574549764,48300
2022-10-17,38.33546829223633,38.449734603174456,38.116463311455846,38.1355076966122,107100
2022-10-18,38.84013366699219,39.2781436088064,38.68778222495485,39.2781436088064,231000
2022-10-19,38.04029083251953,38.602087502533486,37.726063914150366,38.5354339681543,115500
2022-10-20,37.50706100463867,38.36404025466321,37.373753928489386,38.06885770580023,6200
2022-10-21,38.21168899536133,38.25929814676205,37.354709740766694,37.40231889216741,15900
2022-10-24,38.53543472290039,38.66874179426968,38.23073180767195,38.42116840543078,34600
2022-10-25,39.51618957519531,39.611407856173614,38.46877395505568,38.46877395505568,238000
2022-10-26,39.57332992553711,40.154167356968514,39.5447615301685,39.5447615301685,196400
2022-10-27,39.716156005859375,40.29699704964187,39.69711162038428,39.81137793323485,30500
2022-10-28,40.47791290283203,40.525525682268515,39.858986725953706,40.18273401145832,14100
2022-10-31,40.277950286865234,40.48743488238188,40.097034084047614,40.201776381805935,25100
2022-11-01,40.53504180908203,40.75404676861819,40.25890369961895,40.75404676861819,23000
2022-11-02,39.144840240478516,40.69692319975518,39.144840240478516,40.04942860198376,68900
2022-11-03,38.69729995727539,39.08770072784688,38.26881042071043,38.48781537665593,219700
2022-11-04,39.65902328491211,39.8780282517043,38.99248437639316,39.392405542097634,281600
2022-11-07,40.211299896240234,40.211299896240234,39.61141445556917,39.95420613595263,10500
2022-11-08,40.296993255615234,40.70643842391707,39.97324599771017,40.239860104569125,175700
2022-11-09,39.36384201049805,40.192252759835455,39.354321634403455,39.94468302558167,12500
2022-11-10,42.106170654296875,42.12521503838809,40.715959674396785,40.715959674396785,56300
2022-11-11,42.99171447753906,43.18215105349973,42.73462074117834,42.97267009347402,21300
2022-11-14,42.296607971191406,42.98219128110136,42.296607971191406,42.648923634531194,12400
2022-11-15,42.84888458251953,43.32498330010308,42.553702069973546,42.92506212085848,44600
2022-11-16,42.02047348022461,42.410874280090546,41.934775566481115,42.38230588727943,39900
2022-11-17,41.97286605834961,42.01095119641965,41.449154546004564,41.49676732519598,15700
2022-11-18,42.25852584838867,42.36326815402191,41.839556625855714,42.36326815402191,228600
2022-11-21,42.08713150024414,42.22043857310347,41.85860249509578,41.97286881384262,17400
2022-11-22,42.91553497314453,42.98218849814296,42.344218006773794,42.344218006773794,158800
2022-11-23,43.0202751159668,43.15358215930591,42.867923690387165,43.010751108674285,9700
2022-11-25,43.23927688598633,43.315454409350856,43.22975651173788,43.248797260234774,4300
2022-11-28,42.36326599121094,43.01075691304594,42.31565321301197,42.934583006148586,98100
2022-11-29,42.763187408447266,42.763187408447266,42.382306974848014,42.41087536839222,6400
2022-11-30,43.50590515136719,43.51542916106806,42.16330673883202,42.20139551294468,32700
2022-12-01,43.52494430541992,43.80108243601849,43.42972601393179,43.715384520741175,8400
2022-12-02,43.48685073852539,43.69633531550345,42.99171131859566,42.99171131859566,36500
2022-12-05,42.2870979309082,42.79176152830506,42.21092400693595,42.725107982699654,8500
2022-12-06,41.896690368652344,42.249002429695715,41.525333921559984,42.249002429695715,167800
2022-12-07,41.81098937988281,42.10617189346653,41.78242461907776,41.9347760639463,181600
2022-12-08,41.982383728027344,42.28708660701279,41.89668581629114,42.087126023743245,20400
2022-12-09,41.649112701416016,42.049033835424645,41.63006831898544,41.85859364346335,27300
2022-12-12,42.22995376586914,42.2870869182287,41.63007201164564,41.63007201164564,15000
2022-12-13,42.5060920715332,43.62016493713723,42.42039415879443,43.56303178452976,21300
2022-12-14,42.239479064941406,42.772707307213324,42.15378114995556,42.448963664316786,6700
2022-12-15,41.32537078857422,41.64911806691217,41.23014886415422,41.64911806691217,9400
2022-12-16,40.85879135131836,40.96353364921756,40.6302623711433,40.83022659092582,11600
2022-12-19,40.4588737487793,40.84927458210927,40.24938913448435,40.7064435028454,10000
2022-12-20,40.53504180908203,40.735002385309215,40.28747209075476,40.392210750437066,19400
2022-12-21,41.28727722167969,41.382495502691356,41.068272269477184,41.08731665214843,231200
2022-12-22,40.849273681640625,40.89688282956402,40.09703679447744,40.89688282956402,8200
2022-12-23,41.182647705078125,41.23054491105611,40.665349110141776,40.78988476914258,140500
2022-12-27,41.2975959777832,41.40297200885006,41.144322747410165,41.17306033612947,93300
2022-12-28,40.39710998535156,41.47960416164565,40.39710998535156,41.3646501597495,19400
2022-12-29,41.34549331665039,41.4700289587245,40.789879225043435,40.789879225043435,18800
2022-12-30,41.163482666015625,41.240117454614555,40.895251770114136,41.077266244890524,20500
2023-01-03,41.240116119384766,41.64246062304926,41.00062647449366,41.56582218260955,37600
2023-01-04,42.15018081665039,42.27471646500073,41.7286803240399,41.776577525921645,31600
2023-01-05,41.92026901245117,42.044804660447646,41.63288214765507,42.044804660447646,11500
2023-01-06,43.04107666015625,43.13687105057046,42.3609269869788,42.5237781815473,102300
2023-01-09,43.17518997192383,43.62543164328607,43.17518997192383,43.24224677561756,360200
2023-01-10,43.567955017089844,43.596692604603675,42.92612453380162,43.06023814796203,53700
2023-01-11,44.20979690551758,44.22895286433726,43.807452338175786,43.817033971908174,25700
2023-01-12,44.63129806518555,44.7175144983881,44.11399946597025,44.36307078603211,10400
2023-01-13,44.67918014526367,44.73665896604658,44.305576945978196,44.34389615983346,7100
2023-01-17,44.57380676269531,44.82287801312013,44.52590956971257,44.75582121207997,57000
2023-01-18,44.05651092529297,45.10068578675082,44.05651092529297,44.880352126438225,21200
2023-01-19,43.62543487548828,43.83618327943073,43.347626008561875,43.69249168415024,9300
2023-01-20,44.50675964355469,44.525919255780046,43.6541769982995,43.6541769982995,95500
2023-01-23,45.18690872192383,45.311444372267424,44.91868146363515,44.937841075558964,84000
2023-01-24,44.94741439819336,45.22522326082649,44.90909883263723,45.06237205782758,118000
2023-01-25,45.119842529296875,45.14858376836995,44.43011491500967,44.497171715644235,68700
2023-01-26,45.58924865722656,45.63714585503527,45.16774820045921,45.41681582165766,107900
2023-01-27,45.742523193359375,45.88621844522441,45.46471432205875,45.46471432205875,37500
2023-01-30,45.234806060791016,45.886218198248116,45.234806060791016,45.41681687842796,21600
2023-01-31,46.4322624206543,46.470577993896214,45.43598442991102,45.5413604785523,55200
2023-02-01,47.15072250366211,47.50516615525251,46.135285092731635,46.30771792957496,82100
2023-02-02,47.94582748413086,48.23321433497471,47.51474538070405,47.51474538070405,105600
2023-02-03,47.56264114379883,48.01287915534695,47.47642473234124,47.75422992097419,625200
2023-02-06,46.71963882446289,47.23693731741996,46.53762801589882,47.217777707941345,139000
2023-02-07,47.045345306396484,47.141139700342144,46.39393319546471,46.60468524733143,57000
2023-02-08,46.221500396728516,46.83459328880191,46.1448619580584,46.74837687245897,75200
2023-02-09,45.53177261352539,46.73880253637048,45.40724062246655,46.73880253637048,75500
2023-02-10,45.617984771728516,45.65630399046667,45.25396315668155,45.25396315668155,52000
2023-02-13,46.240657806396484,46.259817415152455,45.55092650846843,45.71378135573332,22000
2023-02-14,46.29814147949219,46.43225510050225,45.79042093011138,45.98201338340666,24100
2023-02-15,46.547210693359375,46.56637030477254,45.85747929977428,45.94369572397242,64300
2023-02-16,46.26940155029297,46.671746079072314,45.93411748824534,45.93411748824534,18700
2023-02-17,46.1927604675293,46.25023563929614,45.732940821785974,45.78083801636558,39800
2023-02-21,44.70792770385742,45.72336517166127,44.679190114214634,45.72336517166127,17700
2023-02-22,44.861202239990234,45.12942947411043,44.74624457880559,44.80372340939791,301100
2023-02-23,45.01447296142578,45.30185978974545,44.54507167352362,45.148586571020175,264300
2023-02-24,44.669612884521484,44.72708806477045,44.19063355939484,44.372644387386956,13400
2023-02-27,44.73666763305664,45.31144133495341,44.669610822979415,45.03363246216374,26100
2023-02-28,44.68876647949219,45.01447252290063,44.631287652659495,44.73666367469189,13200
2023-03-01,44.669612884521484,44.7941448779424,44.47802042360638,44.688772496045225,14900
2023-03-02,44.774986267089844,44.813301833544244,44.38222338993651,44.4013793460027,47300
2023-03-03,45.30186462402344,45.37849941440307,44.87078250838117,45.09111255541562,112000
2023-03-06,44.65045166015625,45.40723984355736,44.545075627743174,45.349761011062384,264700
2023-03-07,44.04693603515625,44.70792615428573,44.00861681407922,44.70792615428573,18300
2023-03-08,44.21936798095703,44.372641207841795,43.86492432897139,44.08525436422311,11500
2023-03-09,43.01233673095703,44.24810037900237,42.98359549194094,44.13314638590267,45400
2023-03-10,41.63287353515625,42.40882119847721,41.26885195373589,42.40882119847721,99300
2023-03-13,40.44501495361328,41.077267509894014,39.994773223391995,40.81861823855341,26200
2023-03-14,40.97188186645508,41.68076904745324,40.73239226259761,41.57539669138588,87400
2023-03-15,40.16720199584961,40.16720199584961,39.41041386992689,39.87023353199692,59500
2023-03-16,40.72282028198242,40.85693756155389,39.860659696384836,39.88939728627476,28400
2023-03-17,39.6115837097168,40.24383619264076,39.54452690503712,40.042665778601716,39400
2023-03-20,40.29174041748047,40.71324088996177,40.023509521972294,40.023509521972294,13700
2023-03-21,41.067684173583984,41.288014213144706,40.981467753380045,40.99104938580384,52800
2023-03-22,40.01393508911133,41.22096143571621,40.01393508911133,41.14432664043963,32700
2023-03-23,39.64990234375,40.674917662262736,39.4008347377981,40.425850056310836,127900
2023-03-24,39.972023010253906,40.00086861778667,38.99123200550258,39.30854836059474,48900
2023-03-27,40.44319534301758,40.67396757719306,40.20280545938398,40.37588646904486,46200
2023-03-28,40.625892639160156,40.68358753500686,40.3951167238321,40.462429269682616,8900
2023-03-29,41.09705352783203,41.11628148941845,40.8085827512196,41.0585902685426,22600
2023-03-30,41.20282745361328,41.56822112920925,41.164367857281164,41.44321735396822,8700
2023-03-31,42.01053237915039,42.02976400892584,41.45282978789577,41.45282978789577,11300
2023-04-03,41.90476608276367,42.16438392800128,41.63552692005372,42.11630668510759,63000
2023-04-04,40.981666564941406,41.99130334826066,40.770125960435685,41.99130334826066,22600
2023-04-05,40.76050567626953,40.90474106516008,40.42396132626932,40.77012332516,14400
2023-04-06,40.64512252807617,40.80858589054372,40.58742763470367,40.67396814073313,14200
2023-04-10,41.23167419433594,41.23167419433594,40.50088688819114,40.50088688819114,41000
2023-04-11,41.8086051940918,41.952840581396494,41.51052043875595,41.55860134656303,61800
2023-04-12,41.32782745361328,42.16438320337378,41.32782745361328,42.16438320337378,12200
2023-04-13,41.69321823120117,41.77014107961222,41.25090176567758,41.50090560808625,28600
2023-04-14,41.4816780090332,42.01053502293558,41.22205649281381,41.81822604919548,8700
2023-04-17,41.866302490234375,41.8759164715137,41.49129486334649,41.62591260960794,21000
2023-04-18,41.741294860839844,42.03937960572097,41.58744549820465,42.03937960572097,13500
2023-04-19,42.05860900878906,42.14514949994521,41.4239799629966,41.6547521607077,36100
2023-04-20,41.779762268066406,42.0297661316571,41.683604114332674,41.92399399657925,4800
2023-04-21,41.625911712646484,41.89514719936785,41.42398509760545,41.89514719936785,48000
2023-04-24,41.68360137939453,41.731682287135975,41.51052038208848,41.6066785295131,44600
2023-04-25,40.6835823059082,41.289362128172776,40.67396465714055,41.260516517986346,31700
2023-04-26,40.375885009765625,40.827815480383165,40.27011287790033,40.78935222005789,84500
2023-04-27,41.17397689819336,41.21244015796841,40.500884524363414,40.52973380322387,28500
2023-04-28,41.7701416015625,41.78937323092013,41.37590236987677,41.37590236987677,18100
2023-05-01,41.57783508300781,42.068228822189326,41.49129457985126,41.7701440517482,59600
2023-05-02,40.53934860229492,41.40475362440718,40.0297232381946,41.40475362440718,117900
2023-05-03,40.28934097290039,41.22205111156856,40.250877715950054,40.97204727750752,67900
2023-05-04,39.41432571411133,39.98164596864283,39.164318188760674,39.98164596864283,48400
2023-05-05,40.597042083740234,40.70281421255509,40.17395356848082,40.22203447652996,147000
2023-05-08,40.491268157958984,40.60665426242796,40.32780114757465,40.60665426242796,199900
2023-05-09,40.25088119506836,40.46242545852214,40.02972295057504,40.222035583891355,62000
2023-05-10,40.1739501953125,40.712424774949106,39.77009701162853,40.712424774949106,107900
2023-05-11,39.86625671386719,39.9527972171616,39.77971621057278,39.9527972171616,18300
2023-05-12,39.808563232421875,39.875872101382136,39.53932408852256,39.875872101382136,23000
2023-05-15,40.3470344543457,40.500883822722244,39.914331959518464,39.95279521862717,38400
2023-05-16,39.69317626953125,40.02972430624714,39.69317626953125,39.98164706330444,37100
2023-05-17,40.77012252807617,40.80858211871121,39.94318080646201,40.07779854383022,9800
2023-05-18,41.25090789794922,41.26052187990798,40.69320157481434,40.74127882072558,9600
2023-05-19,40.66434860229492,41.279746041938026,40.52973087088025,41.279746041938026,10700
2023-05-22,41.02012252807617,41.2028174876553,40.58742007848571,40.6739605684038,9400
2023-05-23,40.866275787353516,41.46244160707745,40.866275787353516,40.952816282802,22200
2023-05-24,40.32780456542969,40.78935269048076,40.25088171195039,40.78935269048076,12700
2023-05-25,40.21242141723633,40.270116312645186,39.779718871816684,40.13549855808323,13900
2023-05-26,40.606658935546875,40.63550454796922,40.145110796496695,40.35665506908332,82200
2023-05-30,40.5489616394043,40.66435141837188,40.32780339847059,40.66435141837188,8100
2023-05-31,39.63548278808594,40.24126261717162,39.49124739941317,40.18357139614916,23600
2023-06-01,39.94318389892578,40.09703327755189,39.548944636942714,39.71240799695735,66700
2023-06-02,41.58745193481445,41.65476081213131,40.79897337076672,40.82781898445717,34500
2023-06-05,41.09705352783203,41.63552448565086,40.92397252908789,41.63552448565086,70400
2023-06-06,42.28938293457031,42.366309448989426,41.09705130553882,41.09705130553882,11300
2023-06-07,43.279788970947266,43.3086382485538,42.47207889106986,42.47207889106986,31800
2023-06-08,42.97209167480469,43.14517267398117,42.68362456552998,43.14517267398117,50900
2023-06-09,42.674015045166016,42.9432505528895,42.568242904829305,42.9432505528895,64700
2023-06-12,42.7317008972168,43.00094003913278,42.54900592110735,42.654778048139534,31100
2023-06-13,43.4144172668457,43.44326288097363,43.202872981750915,43.2509502279837,11300
2023-06-14,42.933631896972656,43.69326109221593,42.85670537853581,43.69326109221593,29000
2023-06-15,43.4528694152832,43.510564301709046,42.93363010968312,42.93363010968312,13000
2023-06-16,43.279788970947266,43.60671932870855,43.0393991098892,43.60671932870855,10900
2023-06-20,42.96247863769531,43.13555964067367,42.82786089494734,43.13555964067367,4000
2023-06-21,42.81824493408203,42.9817119624771,42.66439555515296,42.66439555515296,7100
2023-06-22,42.36631393432617,42.64516340847211,42.22207853854913,42.64516340847211,9500
2023-06-23,42.02014923095703,42.231689818357424,41.90476312255152,41.943222713314526,9800
2023-06-26,42.48169708251953,42.68362368805486,42.42400219462734,42.57785156094829,13500
2023-06-27,43.45015335083008,43.469464972094926,42.523217630008,42.61011808404227,6100
2023-06-28,43.49842834472656,43.49842834472656,43.25703861619499,43.37290465456196,9200
2023-06-29,44.05845642089844,44.05845642089844,43.58533090935901,43.58533090935901,98600
2023-06-30,44.12604522705078,44.40605820956309,44.106733605844916,44.40605820956309,9500
2023-07-03,44.52193069458008,44.58951953692127,44.31916416755648,44.31916416755648,14100
2023-07-05,44.000526428222656,44.35778225200663,43.98121480486737,44.26122781854573,94100
2023-07-06,43.430843353271484,43.604644267837735,43.06392990215213,43.604644267837735,13900
2023-07-07,44.0777702331543,44.47364927950251,43.797757236555114,43.80741120598615,5700
2023-07-10,44.48330307006836,44.57985749725175,44.05845843382,44.05845843382,30900
2023-07-11,45.149532318115234,45.168843938016686,44.91780024592756,44.93711186582901,13800
2023-07-12,45.506797790527344,45.728875923844925,45.506797790527344,45.728875923844925,12200
2023-07-13,45.88336181640625,45.90267343743369,45.60334883648095,45.60334883648095,3300
2023-07-14,45.16884994506836,45.83508802867008,45.08194948561228,45.83508802867008,11500
2023-07-17,45.40058517456055,45.45852004125916,45.139883799389764,45.139883799389764,32600
2023-07-18,46.12474822998047,46.23096029631897,45.44885627599308,45.44885627599308,7100
2023-07-19,46.713741302490234,46.73305292277293,46.3564818522329,46.47235157392904,22700
2023-07-20,46.549598693847656,46.694434017758226,46.23096613788581,46.694434017758226,34900
2023-07-21,46.28889465332031,46.482007179634195,46.24061744257061,46.366141137171894,16400
2023-07-24,46.62684631347656,46.742712365427145,46.45304539389299,46.742712365427145,7300
2023-07-25,46.56890869140625,46.887544919568036,46.56890869140625,46.607531934210435,6700
2023-07-26,47.16755294799805,47.225487810639976,46.665465538361595,46.665465538361595,7300
2023-07-27,46.53994369506836,47.486191055959274,46.52063207341975,47.486191055959274,14400
2023-07-28,47.00341033935547,47.12893403514158,46.877886643569354,46.92616385477475,9200
2023-07-31,47.34135437011719,47.34135437011719,47.09996463144302,47.28342319015705,9000
2023-08-01,47.128936767578125,47.128936767578125,46.78133493344189,46.98410144224958,4500
2023-08-02,46.67512130737305,46.70408689815366,46.32751948474483,46.61718644249661,35800
2023-08-03,46.694435119628906,46.771677926439395,46.269586790567374,46.46269933256667,47500
2023-08-04,46.82960891723633,47.29307676967715,46.559253590807955,46.559253590807955,55200
2023-08-07,47.26411056518555,47.27376453386882,46.945474348912164,47.05168642100329,45200
2023-08-08,46.91651153564453,46.97444640111731,46.269585096135195,46.530286465789835,18100
2023-08-09,46.68477249145508,46.98409708382039,46.62684131334985,46.95513149476777,13000
2023-08-10,46.491668701171875,47.02272543024743,46.44338780308878,47.02272543024743,8500
2023-08-11,46.549598693847656,46.723399609214226,46.501321480315895,46.530287071771895,31400
2023-08-14,46.40476608276367,46.41442005194201,46.17303030601624,46.40476608276367,7500
2023-08-15,45.439205169677734,45.941296261882,45.439205169677734,45.941296261882,18500
2023-08-16,45.024017333984375,45.564728018255714,45.004705711929645,45.3233382675445,79900
2023-08-17,44.79228210449219,45.38127369281449,44.79228210449219,45.16884953091062,15100
2023-08-18,44.86952209472656,44.89848768231248,44.69572120258146,44.69572120258146,2900
2023-08-21,44.666751861572266,44.94676481884596,44.46398538215951,44.92745319938073,3600
2023-08-22,44.18397521972656,44.782624411071744,44.14535566166802,44.782624411071744,11900
2023-08-23,44.50261306762695,44.55089027945632,44.05845682549251,44.11638800636169,6900
2023-08-24,44.26122283935547,44.68606745543205,44.26122283935547,44.45433536786851,17600
2023-08-25,44.26122283935547,44.5219242003508,44.00052147836014,44.5219242003508,6100
2023-08-28,44.77297592163086,44.917811264764026,44.53158613861943,44.53158613861943,5500
2023-08-29,45.41989517211914,45.41989517211914,44.78262639449083,44.78262639449083,13000
2023-08-30,45.47782516479492,45.58403723884282,45.41023633282173,45.41023633282173,10200
2023-08-31,45.57438659667969,45.777153107400174,45.5647289437985,45.69991030092753,23500
2023-09-01,46.04750442504883,46.153716497554214,46.04750442504883,46.09578531859858,38400
2023-09-05,45.11091232299805,45.950947522311445,45.10125467148379,45.950947522311445,10300
2023-09-06,44.64744567871094,44.80193495718475,44.48329874846786,44.79227730541548,7100
2023-09-07,44.116390228271484,44.473649717095434,44.116390228271484,44.473649717095434,6700
2023-09-08,44.24191665649414,44.319163150720726,43.93293804621895,44.010184540445536,11600
2023-09-11,44.135704040527344,44.59917195039496,44.09708079387616,44.59917195039496,11000
2023-09-12,44.29985046386719,44.47365138838982,44.07777232326949,44.07777232326949,7200
2023-09-13,43.93293762207031,44.09708089574373,43.768794348396895,44.0874269257164,17100
2023-09-14,44.68606948852539,44.69572714121375,44.31915971930387,44.31915971930387,25200
2023-09-15,44.367431640625,44.57019812311109,44.31915443288758,44.512263263837276,14700
2023-09-18,44.145347595214844,44.34811405040305,44.145347595214844,44.328802433244974,8600
2023-09-19,44.15501403808594,44.290191713072375,44.000524740484956,44.290191713072375,13500
2023-09-20,43.78810501098633,44.531585982045314,43.78810501098633,44.531585982045314,9500
2023-09-21,43.22808074951172,43.51774773883149,43.22808074951172,43.343946808576504,8800
2023-09-22,42.98748016357422,43.3076287246784,42.98748016357422,43.3076287246784,5200
2023-09-25,43.29792404174805,43.30762394217218,43.01657881853426,43.084489224021794,12000
2023-09-26,42.51210403442383,43.14270496283876,42.51210403442383,43.14270496283876,6100
2023-09-27,42.69643020629883,42.9001651408476,42.41508866010835,42.65762690047797,19300
2023-09-28,43.24941635131836,43.40464066115796,42.60911190978559,42.60911190978559,19600
2023-09-29,43.28822708129883,43.685989674820334,43.24942377280998,43.61807925891472,11000
2023-10-02,42.50239944458008,43.04568269446036,42.40538193507319,42.793444571421595,14800
2023-10-03,41.64866638183594,42.21135316761927,41.493442058084696,42.10463945197263,31700
2023-10-04,41.8135871887207,41.8135871887207,41.37702135818406,41.56134907105865,10000
2023-10-05,41.8135871887207,41.891201194671794,41.522542068083105,41.66806647882166,8900
2023-10-06,42.085235595703125,42.30837032792042,41.43523120112252,41.58075562253543,15300
2023-10-09,42.492698669433594,42.64792299412914,41.92030827821131,41.92030827821131,18000
2023-10-10,42.948665618896484,43.23001082380654,42.948665618896484,43.123293421886224,6800
2023-10-11,43.11359405517578,43.12329765676109,42.81284902114525,43.0456836474373,69100
2023-10-12,42.3665771484375,42.725536401139024,41.99792169553722,42.725536401139024,6500
2023-10-13,42.056129455566406,42.52180613443311,42.04642955430828,42.463595624364814,8000
2023-10-16,42.77404022216797,42.861354128574696,42.34717429131258,42.34717429131258,17000
2023-10-17,43.3852424621582,43.579270097541226,42.47329629216233,42.47329629216233,14600
2023-10-18,42.59941482543945,43.08449128835762,42.53150441669809,43.08449128835762,8900
2023-10-19,41.98822021484375,42.74494206346917,41.87180289230136,42.531507221441494,51700
2023-10-20,41.474037170410156,41.92030662369141,41.44493376719085,41.92030662369141,79900
2023-10-23,40.99866485595703,41.53225197579566,40.99866485595703,41.14418928879303,14300
2023-10-24,41.11507797241211,41.42552658195083,41.056867470308845,41.28970577788256,14300
2023-10-25,40.620304107666016,40.940456366454825,40.45537987799172,40.83373894685856,182000
2023-10-26,40.99866485595703,41.20239980209544,40.80463721329578,40.95986154792882,4600
2023-10-27,40.426273345947266,40.86284293192898,40.36806653504301,40.756125510817895,182100
2023-10-30,40.74642562866211,40.862842951365955,40.39716995971061,40.75612553020411,23600
2023-10-31,41.11507797241211,41.19268827437712,40.911343065470355,40.979257168343835,7600
2023-11-01,41.35762023925781,41.35762023925781,40.84343667230909,40.85314027403174,18400
2023-11-02,42.61882019042969,42.63822369389508,41.81359145039529,41.81359145039529,81800
2023-11-03,43.66658401489258,43.88001885482715,43.31733205069044,43.31733205069044,137700
2023-11-06,43.02627944946289,43.24941787224128,42.9195657396275,43.24941787224128,17000
2023-11-07,42.638221740722656,42.851652867385376,42.609114636437965,42.82254946394039,22900
2023-11-08,42.22105407714844,42.42478529517258,42.18224707347539,42.42478529517258,9100
2023-11-09,41.590457916259766,42.42479008523451,41.57105441223245,42.42479008523451,7400
2023-11-10,41.98822021484375,41.98822021484375,41.60016123942247,41.61956474331953,5800
2023-11-13,41.82329559326172,41.98821982358998,41.735981676958545,41.745681578396706,18900
2023-11-14,43.86061477661133,43.957632293874404,42.86135840426081,42.86135840426081,10800
2023-11-15,44.297183990478516,44.75315706579195,43.92852482956892,43.92852482956892,73800
2023-11-16,43.65687942504883,44.268076773234576,43.52105861452744,44.229269769988605,9600
2023-11-17,44.209869384765625,44.30688319887964,44.02554165761308,44.02554165761308,8300
2023-11-20,44.34569549560547,44.44271302213412,44.161367746461366,44.161367746461366,15600
2023-11-21,43.841209411621094,44.07404774232608,43.841209411621094,44.07404774232608,9600
2023-11-22,44.08374786376953,44.21957238285013,43.93822714458563,43.93822714458563,19800
2023-11-24,44.25837326049805,44.306880164232744,44.19046285510157,44.19046285510157,5500
2023-11-27,44.103145599365234,44.171055999605386,43.938221399021785,44.171055999605386,7300
2023-11-28,44.006134033203125,44.141954840578286,43.94792352968258,44.006134033203125,11600
2023-11-29,44.40390396118164,44.772563143287314,44.27778303293812,44.27778303293812,11300
2023-11-30,44.52031326293945,44.75315157305247,44.4718063610774,44.65613406848897,6600
2023-12-01,45.97554397583008,45.97554397583008,44.908377297804186,44.908377297804186,10300
2023-12-04,46.334503173828125,46.38301378190595,46.05316163151165,46.27629636547841,21300
2023-12-05,45.55838394165039,46.13077435905394,45.51957693349151,46.13077435905394,12300
2023-12-06,45.461368560791016,46.373311016165516,45.43226515609136,45.74271380902054,12700
2023-12-07,45.91734313964844,45.91734313964844,45.344952723194915,45.49047345228921,15400
2023-12-08,46.169578552246094,46.40241688616321,45.95614372122539,46.169578552246094,7200
2023-12-11,46.50912857055664,46.55763917609989,46.198679939445775,46.198679939445775,9700
2023-12-12,46.0822639465332,46.373309083922315,46.00464993611493,46.373309083922315,15200
2023-12-13,47.77033233642578,47.77033233642578,45.86882976367809,46.15017500414073,29700
2023-12-14,49.555416107177734,49.63302642131697,48.60466292788262,48.60466292788262,31300
2023-12-15,48.99272537231445,49.47780186114925,48.924814959944776,49.47780186114925,10200
2023-12-18,48.92481231689453,49.32257486821726,48.87630541079951,49.32257486821726,16600
2023-12-19,49.739742279052734,49.827056192741594,49.109141380095416,49.109141380095416,166600
2023-12-20,48.91510772705078,50.00168164599622,48.91510772705078,49.827053826909975,14300
2023-12-21,49.60391616821289,49.60391616821289,49.10913614312579,49.47779526170292,17300
2023-12-22,49.71039581298828,49.89599409715058,49.71039581298828,49.76900638581973,11600
2023-12-26,50.296485900878906,50.345326177435396,49.99367022418987,50.03274393594476,10500
2023-12-27,50.20857238769531,50.423470351832314,50.11088810738369,50.38440036598195,22500
2023-12-28,50.237876892089844,50.32579088312913,50.130426044566896,50.21834003560618,7300
2023-12-29,49.81784439086914,50.237877494619596,49.769004112211405,50.237877494619596,12800
2024-01-02,49.769004821777344,50.15973078288428,49.534566264093606,49.534566264093606,30200
2024-01-03,48.58705139160156,49.290359589972034,48.53820738751008,49.290359589972034,201500
2024-01-04,48.44052505493164,48.79218100435425,48.430758490236215,48.557742462647774,15900
2024-01-05,48.69449996948242,49.07546309091499,48.596819410925015,49.07546309091499,7900
2024-01-08,49.30989456176758,49.329431417402624,48.4698284008317,48.4698284008317,31800
2024-01-09,48.86056137084961,49.0266190655851,48.66519652753915,48.88986479315012,21100
2024-01-10,48.82148742675781,48.93870484168167,48.547978883177336,48.81172086146184,24000
2024-01-11,48.4796028137207,48.72380794051077,48.147483692235234,48.72380794051077,9800
2024-01-12,48.303768157958984,49.124297419783886,48.19631732079665,48.91916603589616,51200
2024-01-16,47.76652526855469,47.95211982725593,47.65907441436333,47.89350925416757,21600
2024-01-17,47.33671569824219,47.50277710393471,47.07297374304167,47.1901948739802,4800
2024-01-18,47.73721694946289,47.746987241208906,47.25857698959422,47.746987241208906,8800
2024-01-19,48.16701889038086,48.18655574700404,47.414866678622985,47.70791207542198,22300
2024-01-22,48.80194854736328,48.84102225947669,48.460062882056654,48.460062882056654,28900
2024-01-23,48.59681701660156,48.99731324899394,48.4991364628568,48.99731324899394,14900
2024-01-24,48.46006774902344,48.94847802067048,48.40145717496692,48.94847802067048,8800
2024-01-25,48.90940475463867,48.92894161283727,48.47960505309365,48.87033103824148,33900
2024-01-26,49.06568908691406,49.368504757569674,48.93870138937795,48.9973119558425,26800
2024-01-29,49.39780807495117,49.47595549674142,48.938701287618876,49.03638556485669,23900
2024-01-30,49.49549102783203,49.6517858789972,49.30989648148491,49.30989648148491,5700
2024-01-31,48.34284210205078,49.32942904335736,48.26469468327156,49.11452736798851,25700
2024-02-01,48.538211822509766,48.65543297151078,47.6786124208171,48.19632612027685,114000
2024-02-02,48.38191604614258,48.596817739105205,47.844665540010354,48.11817407558145,31700
2024-02-05,47.73721694946289,47.99119236701625,47.34649098393584,47.99119236701625,18000
2024-02-06,47.864200592041016,47.971651434471916,47.78605316980975,47.961881143555914,9900
2024-02-07,47.77628707885742,47.98141847483704,47.41486456313986,47.961881619085524,21700
2024-02-08,48.16701889038086,48.16701889038086,47.66883836217561,47.72744893204517,56700
2024-02-09,48.538211822509766,48.538211822509766,47.9325841244366,48.22562954438976,31100
2024-02-12,49.378273010253906,49.5052607121313,48.47959998471981,48.47959998471981,9200
2024-02-13,47.864200592041016,48.27446337993261,47.50277807990687,48.27446337993261,16200
2024-02-14,48.36238098144531,48.460065266535395,47.86420416944653,48.19632328620388,21900
2024-02-15,49.368507385253906,49.48572479814785,48.655428890214665,48.655428890214665,25400
2024-02-16,49.007080078125,49.417346603868744,48.94847323607181,48.94847323607181,8900
2024-02-20,48.72380447387695,48.811718462317394,48.65542734134264,48.70426761797083,19400
2024-02-21,48.91917037963867,48.938703509698975,48.61635469586325,48.68473182989732,6300
2024-02-22,49.13406753540039,49.202444668305326,48.96800984870963,49.03638698161456,4400
2024-02-23,49.30989456176758,49.505259391843815,49.05592289106041,49.05592289106041,12000
2024-02-26,49.11452865600586,49.36850404742477,49.007077815503564,49.3098934818033,195300
2024-02-27,49.4661865234375,49.50526023537337,49.36850596987208,49.4661865234375,9600
2024-02-28,49.241519927978516,49.52479875964478,49.19267964955056,49.19267964955056,4500
2024-02-29,49.70062255859375,49.7983031072257,49.427110315130946,49.6713154129849,15000
2024-03-01,49.808074951171875,49.85691522701099,49.524796134521154,49.573636410360265,48900
2024-03-04,49.68109130859375,50.25741555360049,49.65178788595299,50.02297699365093,21700
2024-03-05,49.87645721435547,50.23787976428044,49.44665379969104,49.44665379969104,20900
2024-03-06,49.915523529052734,50.38440062440484,49.67131841643256,50.38440062440484,16500
2024-03-07,50.3746337890625,50.4918512078049,50.18903923219749,50.18903923219749,14000
2024-03-08,50.31602096557617,50.70675064560359,50.1988035520777,50.70675064560359,4200
2024-03-11,50.3550910949707,50.36486138572693,50.042508863705564,50.306250820011925,23500
2024-03-12,50.44300842285156,50.50161899245021,50.21834016213495,50.4332418577223,6800
2024-03-13,50.77512741088867,50.95095539299307,50.5309222942186,50.5309222942186,6500
2024-03-14,50.17926788330078,50.76536241721603,49.92529619366297,50.76536241721603,9300
2024-03-15,50.3746337890625,50.54069521469925,50.2574163703201,50.2574163703201,5100
2024-03-18,50.10112762451172,50.41370990690625,50.08159076607772,50.31602561473625,14200
2024-03-19,50.589534759521484,50.648141604903,50.14019822231551,50.14019822231551,57000
2024-03-20,51.43936538696289,51.43936538696289,50.33555722139385,50.50161863761941,15200
2024-03-21,51.98169708251953,52.06001405177441,51.70759515884474,51.70759515884474,24100
2024-03-22,51.35517883300781,51.88380719882688,51.32581183524858,51.79570247119037,6200
2024-03-25,51.502017974853516,51.68801517261896,51.453071736952985,51.453071736952985,7200
2024-03-26,51.364967346191406,51.64885702158844,51.33559661577485,51.619490025530474,12200
2024-03-27,52.578853607177734,52.5984328504985,51.62928457945328,51.62928457945328,22800
2024-03-28,53.009586334228516,53.009586334228516,52.69632592847203,52.69632592847203,13700
2024-04-01,52.578853607177734,53.12706121708252,52.539695120536216,53.12706121708252,3600
2024-04-02,51.79570007324219,52.040435001528984,51.67822835328495,52.040435001528984,21100
2024-04-03,52.040435791015625,52.07959427638165,51.68801689143884,51.68801689143884,15100
2024-04-04,51.384544372558594,52.412430268207636,51.345385889930824,52.412430268207636,12300
2024-04-05,51.56074905395508,51.697803740436434,51.32580563156092,51.433489589474235,10600
2024-04-08,51.903385162353516,52.0795946132818,51.874018165318375,51.903385162353516,6500
2024-04-09,52.07958984375,52.08937759707909,51.85443417359703,52.001272879683725,17800
2024-04-10,50.89508056640625,51.34539196684626,50.650345622555086,51.14960326489355,7200
2024-04-11,50.86570358276367,51.23770169732213,50.523076197221954,51.23770169732213,11400
2024-04-12,50.102134704589844,50.82654799944362,49.974871496547394,50.82654799944362,31100
2024-04-15,49.7105598449707,50.77760433332817,49.52456263483824,50.58181563434941,11600
2024-04-16,49.3091926574707,49.642032311690215,48.94698600664198,49.642032311690215,8600
2024-04-17,49.035091400146484,49.72034996046483,49.035091400146484,49.72034996046483,5900
2024-04-18,49.04487991333008,49.49519503581907,48.9078289460173,49.36793182287487,19500
2024-04-19,49.59308624267578,49.59308624267578,49.07424938422037,49.07424938422037,11600
2024-04-22,50.004241943359375,50.28813161980735,49.74971552871946,49.74971552871946,20900
2024-04-23,50.6209716796875,50.78739337281891,49.93571313348966,49.93571313348966,13400
2024-04-24,50.76781463623047,50.77760239034341,50.346870256559,50.70907690847677,5300
2024-04-25,50.4643440246582,50.5328695093044,50.082558114669744,50.31750530085586,56600
2024-04-26,50.56223678588867,50.77760097961819,50.337077369600976,50.52307830180746,41000
2024-04-29,50.8265495300293,50.934233498972716,50.64055232371896,50.69929005251321,5000
2024-04-30,49.690975189208984,50.54265537684626,49.68118743578762,50.54265537684626,4500
2024-05-01,49.64203643798828,50.3370828008095,49.46582697496896,49.847612900057825,123700
2024-05-02,50.23918151855469,50.327286234639026,49.88676265421735,50.20981452464602,5300
2024-05-03,50.7775993347168,50.94402101949157,50.709073856973795,50.94402101949157,3700
2024-05-06,51.413917541503906,51.462863783487215,51.316021323178404,51.3356005668435,82200
2024-05-07,51.56074905395508,51.883800927695006,51.433489589474235,51.433489589474235,25100
2024-05-08,51.53138732910156,51.53138732910156,51.198547668043254,51.198547668043254,24400
2024-05-09,52.02085876464844,52.02085876464844,51.63907285196075,51.68801909357424,17500
2024-05-10,51.86422348022461,52.14811688192971,51.68801404015652,52.07959140349862,9700
2024-05-13,51.98169708251953,52.26559049453051,51.98169708251953,52.15790652898437,9200
2024-05-14,52.44179916381836,52.53969163957757,52.23622272410886,52.41243216796231,11200
2024-05-15,52.64737319946289,52.64737319946289,52.43200901575519,52.43200901575519,22700
2024-05-16,52.32433319091797,52.559276652278825,52.32433319091797,52.3928586783448,5500
2024-05-17,52.363487243652344,52.38306275180839,52.20685703789329,52.38306275180839,2600
2024-05-20,52.26559066772461,52.54948408067633,52.26559066772461,52.43201236076338,5200
2024-05-21,52.167694091796875,52.27537804923999,52.108956369275624,52.27537804923999,4400
2024-05-22,51.64885711669922,51.98169676528391,51.511806155698224,51.88380428867137,6200
2024-05-23,50.94402313232422,51.364967504122745,50.78739292893583,51.30622977746762,30200
2024-05-24,51.247493743896484,51.32581071535737,51.16918050679433,51.17896826104757,13600
2024-05-28,51.1202278137207,51.57053913970019,50.99296461834101,51.57053913970019,16400
2024-05-29,50.356658935546875,50.63076460240648,50.31750418401729,50.63076460240648,6100
2024-05-30,51.0223388671875,51.06149735354321,50.81676241535821,50.81676241535821,10800
2024-05-31,51.84464645385742,51.84464645385742,51.33559735350527,51.492227558662954,1600
2024-06-03,51.33559799194336,52.138328270154545,51.24749326704902,52.138328270154545,3500
2024-06-04,50.51328659057617,50.992968682556665,50.51328659057617,50.944022444850546,5900
2024-06-05,50.758026123046875,50.77760536677912,50.5720289091289,50.5720289091289,4100
2024-06-06,50.59160614013672,50.71886935215385,50.581814651480684,50.71886935215385,4800
2024-06-07,50.307708740234375,50.464338937114896,50.21960402109168,50.21960402109168,3300
2024-06-10,50.366451263427734,50.48392298869136,50.01403235327803,50.01403235327803,7000
2024-06-11,50.053184509277344,50.12170998487751,49.85739583569472,49.896554317282906,6100
2024-06-12,50.65034103393555,51.13981087729482,50.503498587184346,51.13981087729482,4300
2024-06-13,50.0629768371582,50.523079701966985,49.76929566712738,50.523079701966985,13600
2024-06-14,49.2113037109375,49.68119436220076,49.005727251202124,49.68119436220076,9100
2024-06-17,49.7105598449707,49.7105598449707,49.054671997904514,49.201510721369466,5000
2024-06-18,49.739925384521484,49.87697633919145,49.68118766065217,49.739925384521484,10200
2024-06-20,49.80845642089844,49.87698190588144,49.7497186904735,49.7497186904735,27700
2024-06-21,49.90634536743164,49.90634536743164,49.681189684962725,49.71055668091475,6200
2024-06-24,50.4741325378418,50.62097125298732,50.1315014004517,50.1315014004517,4000
2024-06-25,49.87697982788086,50.258765723839666,49.69097888979724,50.258765723839666,17400
2024-06-26,49.72035217285156,49.72035217285156,49.4756172285879,49.710560683840036,6200
2024-06-27,49.761634826660156,49.761634826660156,49.60434809913659,49.692822117744306,3100
2024-06-28,50.184349060058594,50.29248440010175,49.88943688267568,50.223671683712794,16100
2024-07-01,49.72231674194336,50.23349580195321,49.72231674194336,50.23349580195321,8300
2024-07-02,49.869773864746094,49.909096487055024,49.66333572264172,49.70265834495065,12600
2024-07-03,49.899253845214844,50.22365978851051,49.899253845214844,49.997560381066975,5900
2024-07-05,49.27011489868164,49.9090943589146,49.17181209711265,49.9090943589146,7800
2024-07-08,49.407737731933594,49.68299231192423,49.299606155878365,49.63384091371525,11700
2024-07-09,49.230796813964844,49.54537028402117,49.230796813964844,49.27994821553398,21900
2024-07-10,49.82061767578125,49.84027898504692,49.338924973800495,49.338924973800495,25200
2024-07-11,51.481956481933594,51.5114503194332,50.86264214460878,50.86264214460878,14800
2024-07-12,51.85551834106445,52.11110787150826,51.816195720992646,51.816195720992646,9000
2024-07-15,52.31754684448242,52.66161037596172,52.06195357823102,52.06195357823102,7400
2024-07-16,53.84126663208008,53.84126663208008,52.50432752545733,52.50432752545733,8900
2024-07-17,53.78227996826172,53.9395666934015,53.63482577282455,53.63482577282455,8300
2024-07-18,53.00567626953125,54.25414131798053,52.927034780264876,53.75279104262458,8300
2024-07-19,52.4944953918457,52.97618434065965,52.33720866876198,52.97618434065965,4100
2024-07-22,53.00567626953125,53.00567626953125,52.15042991744808,52.77957683162473,9400
2024-07-23,53.12364959716797,53.290765122819565,52.68127945571993,52.74026339125027,6800
2024-07-24,52.34703826904297,53.32025246151467,52.34703826904297,53.32025246151467,11400
2024-07-25,53.310420989990234,53.752791086258355,52.45517463721282,52.45517463721282,18000
2024-07-26,54.19516372680664,54.26397643945538,54.057538301509155,54.1263510141579,2700
2024-07-29,54.05753707885742,54.36227801369174,53.95923052728869,54.23448137165814,7300
2024-07-30,54.47041320800781,54.56871600931707,54.12634965341391,54.293465165641955,41400
2024-07-31,54.73583221435547,55.188031075139456,54.51956156354083,54.588374270616164,6300
2024-08-01,53.33991241455078,54.85379955965889,53.07449410015932,54.85379955965889,26600
2024-08-02,51.481956481933594,52.120935877598896,51.03958641955078,52.120935877598896,18100
2024-08-05,49.9779052734375,50.184343399318365,49.250451817937936,49.250451817937936,11700
2024-08-06,50.27281951904297,50.82332496108202,50.184345497108325,50.184345497108325,13800
2024-08-07,49.88943099975586,51.04942201068705,49.88943099975586,51.04942201068705,24800
2024-08-08,50.83314895629883,50.892132882040194,50.49891421045343,50.49891421045343,15400
2024-08-09,50.882301330566406,51.00026918431617,50.73484713839608,50.86264377161936,18900
2024-08-12,50.439937591552734,50.87247516079012,50.40061497161894,50.87247516079012,8900
2024-08-13,51.1280632019043,51.23619852856848,50.626712937383736,50.66603555617277,42000
2024-08-14,50.99043655395508,51.38365523232054,50.92162384774281,51.38365523232054,6000
2024-08-15,51.92433166503906,52.111108487571045,51.72772231236717,51.72772231236717,13100
2024-08-16,52.10127639770508,52.17992163378249,51.953818455065566,51.953818455065566,8000
2024-08-19,52.55347442626953,52.612458352397326,52.47483294144367,52.55347442626953,11400
2024-08-20,51.91449737548828,52.523982929079196,51.91449737548828,52.523982929079196,3000
2024-08-21,52.445343017578125,52.445343017578125,52.0816181543385,52.33721143662368,5900
2024-08-22,52.150428771972656,52.4551734424633,52.150428771972656,52.4551734424633,5600
2024-08-23,53.65448760986328,53.65448760986328,52.53381546345875,52.62228948159565,5700
2024-08-26,53.62499237060547,54.00837852252002,53.62499237060547,53.98871721344603,3100
2024-08-27,53.32025146484375,53.42838303975376,53.20228361037803,53.42838303975376,5700
2024-08-28,53.231781005859375,53.26127109644065,52.907375009419276,53.10398436332132,57000
2024-08-29,53.408729553222656,53.72330302242897,53.408729553222656,53.60533515896794,3400
2024-08-30,53.72330093383789,53.72330093383789,53.064660180160075,53.59550429506254,10900
2024-09-03,52.406028747558594,53.12364975694969,52.34704481185085,53.12364975694969,7900
2024-09-04,52.31754684448242,52.51415243389274,52.16026012294742,52.47483356601742,25900
2024-09-05,51.77687454223633,52.44534410201938,51.75721698166467,52.44534410201938,8300
2024-09-06,50.97077560424805,52.071786411426125,50.97077560424805,51.97347986613633,4100
2024-09-09,50.91179656982422,51.29518273003152,50.79382871282862,51.2067087122905,6100
2024-09-10,50.508750915527344,51.01993373084738,50.10570343133425,51.01993373084738,6200
2024-09-11,50.449764251708984,50.449764251708984,49.42739867645729,50.21383604204246,6700
2024-09-12,50.872474670410156,50.990438779062984,50.36129186623268,50.54806868410062,4700
2024-09-13,52.08161163330078,52.13076302758255,51.18704275733284,51.18704275733284,20200
2024-09-16,52.592796325683594,52.62228641333929,52.26839036142636,52.26839036142636,4800
2024-09-17,52.95652770996094,53.330085116540886,52.868053686034415,52.95652770996094,3800
2024-09-18,53.05482864379883,53.51685627534732,52.848386776499275,52.848386776499275,2900
2024-09-19,53.949398040771484,54.17549746882911,53.742956171665604,54.17549746882911,5700
2024-09-20,53.35957336425781,53.516860095802706,53.3202544938802,53.34974458416628,1800
2024-09-23,53.644657135009766,53.644657135009766,53.438219001452836,53.438219001452836,800
2024-09-24,53.693809509277344,54.01821551075786,53.674148198580504,53.95923157866734,5500
2024-09-25,52.946693420410156,53.683975626412874,52.946693420410156,53.683975626412874,1400
2024-09-26,53.247947692871094,53.45536784306959,53.178807642804934,53.18868317802146,4700
2024-09-27,53.75168991088867,54.14677919251961,53.51463935619062,54.02825391517058,6900
2024-09-30,53.820831298828125,53.85046167485995,53.554146610990294,53.67267188296807,7000
2024-10-01,53.33684158325195,53.67266629208273,53.040526550248345,53.67266629208273,3500
2024-10-02,53.16893768310547,53.54426834629477,53.07016348133155,53.54426834629477,7000
2024-10-03,53.119544982910156,53.119544982910156,52.52691488511956,53.020774555895144,14200
2024-10-04,53.623287200927734,53.623287200927734,53.51463746392852,53.564022680423484,1000
2024-10-07,53.19856262207031,53.46524728782518,53.04052768323597,53.46524728782518,2500
2024-10-08,52.77384567260742,52.94175615513229,52.55654620783375,52.586180350753104,4500
2024-10-09,52.981266021728516,53.18868618364806,52.675075430661664,52.77384585980897,5200
2024-10-10,52.91212844848633,53.001023346026784,52.803478710620155,52.81335801470828,2300
2024-10-11,53.72205352783203,53.72205352783203,52.96150919481797,52.96150919481797,8100
2024-10-14,53.96898651123047,53.96898651123047,53.58377655452406,53.652916609940576,5800
2024-10-15,53.66279220581055,54.17640293402962,53.66279220581055,54.17640293402962,1700
2024-10-16,54.443092346191406,54.60112729968984,54.03812754236102,54.03812754236102,7600
2024-10-17,54.472721099853516,54.58136705825376,54.176402294497905,54.58136705825376,17500
2024-10-18,54.423336029052734,54.56161990648023,54.33444113463169,54.54186506684773,2300
2024-10-21,53.445491790771484,54.403580715061935,53.445491790771484,54.403580715061935,8400
2024-10-22,53.21832275390625,53.31709318755837,53.18868860953019,53.18868860953019,6500
2024-10-23,52.87261962890625,53.08004357177907,52.53679487360097,53.07016426753005,5500
2024-10-24,53.13930130004883,53.13930130004883,52.78372172434327,52.90225076147871,6600
2024-10-25,52.83311080932617,53.405986085188,52.83311080932617,53.31709119108957,4700
2024-10-28,53.366477966308594,53.415866950579755,52.793602673697976,52.793602673697976,6900
2024-10-29,52.99114227294922,53.02077264641656,52.862737708173825,52.96150813163173,22100
2024-10-30,53.1491813659668,53.791196704331085,53.1491813659668,53.75168702471932,2400
2024-10-31,52.52691650390625,53.13930145954252,52.52691650390625,53.13930145954252,2500
2024-11-01,52.240478515625,52.9713925302135,52.2207236754631,52.744217520127336,31100
2024-11-04,52.52691650390625,52.922005759842776,52.52691650390625,52.615811398099446,17300
2024-11-05,53.247947692871094,53.267702531154306,52.497282677359834,52.497282677359834,25600
2024-11-06,56.02344512939453,56.07283034543276,55.144375473222446,55.25302144136637,27200
2024-11-07,55.60860061645508,56.07282993307151,55.60860061645508,55.84565492668593,20600
2024-11-08,55.66786193847656,55.78638720285881,55.41105280315642,55.53945737081649,25300
2024-11-11,56.25061798095703,56.42840776615906,56.25061798095703,56.260493516645894,5600
2024-11-12,55.51970672607422,56.18148068522021,55.47032150950523,56.02344573148916,14500
2024-11-13,55.371551513671875,55.8160222341535,55.371551513671875,55.54934130900474,5700
2024-11-14,55.13449478149414,55.64810930463439,55.085109566699,55.56908994668187,28000
2024-11-15,54.76904296875,55.341918277002485,54.67026876536123,55.16412847875329,14000
2024-11-18,54.94683074951172,55.1443753811854,54.90732106960689,54.90732106960689,13700
2024-11-19,54.58137130737305,54.62088098687628,54.37395114175672,54.37395114175672,13800
2024-11-20,54.729530334472656,54.729530334472656,54.3048107024431,54.56161984954722,29300
2024-11-21,55.677738189697266,55.786387920048725,55.11473846683087,55.124617770235695,14900
2024-11-22,56.66545867919922,56.70496835791886,55.97405437300691,55.97405437300691,13500
2024-11-25,57.56428527832031,57.80133959156519,57.56428527832031,57.643304638685436,16800
2024-11-26,57.02103805541992,57.39637246626201,56.85312757321577,57.39637246626201,7000
2024-11-27,57.05066680908203,57.208701751074216,57.05066680908203,57.208701751074216,1300
2024-11-29,57.1889533996582,57.28772383015624,57.169198559988516,57.1889533996582,2800
2024-12-02,57.15932083129883,57.22846088812275,56.93214582061303,57.021040717651,5800
2024-12-03,56.86300277709961,57.04079256183726,56.69509229587534,57.04079256183726,4700
2024-12-04,56.66545867919922,56.90251298366671,56.36914362450261,56.90251298366671,4100
2024-12-05,56.11233901977539,56.78398849583953,56.11233901977539,56.59631940326695,10300
2024-12-06,55.69749450683594,55.69749450683594,55.52958402300036,55.68761897101929,2400
2024-12-09,55.81602096557617,56.35926964333002,55.81602096557617,55.974055916963536,11600
2024-12-10,55.549339294433594,56.03331967807044,55.549339294433594,55.92466994399063,12500
2024-12-11,55.84565734863281,55.895042566449625,55.78639282654227,55.88516703002651,2000
2024-12-12,55.430809020996094,55.648108484311884,55.42093348532279,55.52958321698069,36300
2024-12-13,55.04458236694336,55.441730950701384,54.895654488651296,55.441730950701384,11400
2024-12-16,54.647438049316406,55.06444065717411,54.647438049316406,54.83608154513447,3200
2024-12-17,54.0616455078125,54.43893628373878,53.89285603404696,54.43893628373878,9000
2024-12-18,52.22483825683594,54.34957826554622,52.21491124656866,54.34957826554622,6900
2024-12-19,52.01633834838867,52.79077394464586,51.98655352929869,52.79077394464586,6600
2024-12-20,52.522701263427734,52.909919048769446,51.83762014706355,51.83762014706355,4200
2024-12-23,52.780845642089844,52.780845642089844,52.145410933793656,52.383697055659916,5900
2024-12-24,53.197853088378906,53.197853088378906,52.81063150458354,52.83048931304661,3000
2024-12-26,53.376564025878906,53.376564025878906,53.048919665788596,53.048919665788596,1900
2024-12-27,52.90991973876953,53.20777928618681,52.85034631429022,53.20777928618681,3900
2024-12-30,52.820560455322266,52.99927693775016,52.36384223911301,52.62198616512577,6200
2024-12-31,53.12834548950195,53.26735013991179,52.870201570862584,53.15813409404879,8200
2025-01-02,52.9992790222168,53.733999001104024,52.84042034130958,53.733999001104024,102800
2025-01-03,53.356712341308594,53.37656636249508,52.73120462422174,53.26735409601047,50400
2025-01-06,53.22763442993164,54.00206997194859,53.21770363260404,53.51556695260082,64300
2025-01-07,53.22763442993164,53.57513658660862,52.93970190726245,53.57513658660862,5900
2025-01-08,53.0588493347168,53.1283497717789,52.57234627528209,53.1283497717789,100500
2025-01-10,52.37377166748047,52.65177341409787,52.155339559429805,52.64184640349999,11900
2025-01-13,53.14820861816406,53.14820861816406,52.1851294911491,52.1851294911491,103900
2025-01-14,53.76378631591797,53.79357113428191,53.17799423399283,53.436138163956116,15500
2025-01-15,54.60771942138672,55.014794996482934,54.35950251492587,55.014794996482934,30000
2025-01-16,54.75665283203125,54.82615326506459,54.27014601330834,54.48857810997857,17200
2025-01-17,54.93537139892578,55.094230078674144,54.73679710236791,54.88572498416905,5100
2025-01-21,55.46158981323242,55.58073287562948,55.15379946559288,55.15379946559288,11300
2025-01-22,54.93537139892578,55.272942779337576,54.93537139892578,55.272942779337576,9500
2025-01-23,55.0942268371582,55.31265514177973,54.88572175492069,54.98501079110271,14800
2025-01-24,54.9155158996582,55.15380203555557,54.77651123497992,55.004874147492174,34300
2025-01-27,55.20344543457031,55.37223492171661,54.74672717815781,54.74672717815781,7800
2025-01-28,54.846012115478516,55.15379867119525,54.67722264098162,55.07437122657112,10500
2025-01-29,54.65736389160156,55.09422808572392,54.419077774343506,55.09422808572392,3900
2025-01-30,55.14387130737305,55.40201523510841,54.77650754243674,54.96515482375257,25300
2025-01-31,54.52829360961914,55.20344396525448,54.389292734192416,55.183589943756196,35000
2025-02-03,53.60492706298828,53.94250222161525,52.949634553593526,53.46592240797399,18600
2025-02-04,54.0914306640625,54.0914306640625,53.436138147826206,53.436138147826206,19400
2025-02-05,54.29000473022461,54.29000473022461,53.992145185451726,54.101361235616025,11000
2025-02-06,53.982215881347656,54.33964885996076,53.63471370074586,54.30986404090624,21200
2025-02-07,53.40635299682617,54.0417877010381,53.386495188883345,54.0417877010381,12500
2025-02-10,53.624778747558594,53.743925589523876,53.51556649032454,53.73399479228206,52000
2025-02-11,53.89285659790039,54.01200344680132,53.475853989216034,53.475853989216034,10800
2025-02-12,53.26735305786133,53.57513961761982,53.20777963299371,53.57513961761982,6400
2025-02-13,53.84321594238281,53.84321594238281,53.426213318432666,53.57514120377638,5000
2025-02-14,53.90278625488281,54.389289288051195,53.87299764954323,54.141072372662144,8400
2025-02-18,54.3297233581543,54.33965036895157,53.85314730259906,54.03186000937869,65700
2025-02-19,53.952430725097656,54.22050545738205,53.823356864185236,53.96235773555722,3400
2025-02-20,53.75385665893555,53.87299972240947,53.426212287509834,53.87299972240947,13400
2025-02-21,52.57234573364258,53.704214311266604,52.482987488699116,53.704214311266604,8300
2025-02-24,52.651771545410156,52.939704079896025,52.582271111222475,52.8801306559539,6500
2025-02-25,52.80070495605469,52.97942144629625,52.77092013684434,52.77092013684434,4900
2025-02-26,52.45320129394531,52.99927775983888,52.3737700616388,52.91984652753237,21600
2025-02-27,52.11562728881836,52.68156157535479,52.08583868229717,52.542556915731886,13600
2025-02-28,52.22483825683594,52.393627731296526,51.73833521645754,52.17519563052033,7300
2025-03-03,50.94404220581055,52.58227161115381,50.76532571977461,52.40355512511787,10000
2025-03-04,50.070316314697266,50.78518224072173,49.64338291859816,50.49724971079637,8700
2025-03-05,50.556819915771484,50.61639333944106,49.62352566988555,50.119959504663306,23800
2025-03-06,50.31853485107422,50.58660958197354,49.931317057827314,50.0306023118687,9700
2025-03-07,50.79511260986328,50.88447085652555,50.00081918813743,50.4376796232142,19300
2025-03-10,50.060386657714844,50.83482602438299,49.76252711091461,50.27881875953017,21500
2025-03-11,49.67316818237305,50.20931763170554,49.30580820597393,50.20931763170554,117200
2025-03-12,49.31573486328125,49.90152693428864,49.05759093812914,49.90152693428864,25700
2025-03-13,48.610801696777344,49.45474151451031,48.362584771707006,49.35545247198836,11900
2025-03-14,49.772457122802734,49.79231493060781,49.067518201936096,49.067518201936096,12900
2025-03-17,50.378108978271484,50.49725204227994,49.72281644499038,49.72281644499038,12800
2025-03-18,50.2192497253418,50.30860418171354,49.951174993757554,50.070318056409555,6500
2025-03-19,50.88446807861328,51.01354193618782,50.38803424369998,50.52703511147737,7400
2025-03-20,50.54689407348633,50.944042665480715,50.49725144635945,50.944042665480715,7800
2025-03-21,50.14974594116211,50.28875060087702,49.91145981377309,50.0603876965188,4700
2025-03-24,51.261756896972656,51.261756896972656,50.81496570510688,50.81496570510688,10100
2025-03-25,50.99368667602539,51.33126185213186,50.81497018352845,51.22204579699597,7900
2025-03-26,50.99368667602539,51.361046671718086,50.874543610190685,51.10290273116127,6900
2025-03-27,50.909000396728516,51.177991665257984,50.72967288437554,50.928926098149844,3900
2025-03-28,49.962554931640625,50.918965809665,49.80315311863656,50.918965809665,4500
2025-03-31,50.25146484375,50.440757097209676,49.53415863200208,49.793185136159074,12400
2025-04-01,50.510498046875,50.5503494499364,49.82307464560228,50.15184302020036,4800
2025-04-02,51.19791793823242,51.19791793823242,50.03229289536444,50.03229289536444,11900
2025-04-03,47.35234451293945,49.583973671628264,47.35234451293945,49.583973671628264,11500
2025-04-04,45.12071990966797,45.808139519834455,44.72221347452162,45.808139519834455,19700
2025-04-07,44.28385925292969,46.2963095212555,43.42707308121841,43.53666254045204,76500
2025-04-08,43.0783805847168,45.86791407428367,42.78946362532582,45.86791407428367,46800
2025-04-09,47.163055419921875,47.31249627871564,42.52047345220065,42.52047345220065,22700
2025-04-10,44.90153884887695,45.92768773984767,43.80565190514738,45.87787538793975,9000
2025-04-11,45.46940994262695,45.46940994262695,44.22408209012101,44.76206463450894,10400
2025-04-14,45.97750473022461,46.10701608745802,45.34985844351599,46.01735233221394,9900
2025-04-15,45.668663024902344,46.316235026477926,45.52918691390182,45.93765429630579,83500
2025-04-16,45.29008102416992,45.74836074758343,44.89157840398208,45.67862269403959,33400
2025-04-17,45.95758056640625,46.09705667913201,45.49929702402857,45.49929702402857,13900
2025-04-21,45.03105545043945,45.4893351834129,44.562810966501075,45.459448531396056,15600
2025-04-22,46.29630661010742,46.29630661010742,45.62880894603855,45.62880894603855,41000
2025-04-23,46.60514831542969,48.15931884282777,46.445746502396986,48.15931884282777,22400
2025-04-24,47.45197296142578,47.45197296142578,46.75458861267303,46.75458861267303,5800
2025-04-25,47.2826042175293,47.32245561857656,47.14312811430265,47.18297951534991,8000
2025-04-28,47.51174545288086,47.740885314899884,47.103278081379315,47.342382694168975,8900
2025-04-29,47.671146392822266,47.760810145930094,47.033539170917166,47.40215893393759,43500
2025-04-30,47.342384338378906,47.342384338378906,46.48559816341471,46.48559816341471,24500
2025-05-01,47.432044982910156,47.89032469278398,47.29256887994323,47.29256887994323,5800
2025-05-02,48.41834259033203,48.508006342554225,47.96006287916916,47.96006287916916,5600
2025-05-05,48.129432678222656,48.55782576767131,48.00987846690742,48.16928028155536,8100
2025-05-06,47.93017578125,48.18920228500845,47.631297876778326,47.631297876778326,2900
2025-05-07,48.08958053588867,48.44823556344805,47.950104425268684,48.15931859119866,4600
2025-05-08,49.05595397949219,49.42456994123651,48.61759616509901,48.727185618697305,22600
2025-05-09,49.095802307128906,49.20539176234928,48.956326200644384,49.20539176234928,17100
2025-05-12,51.108253479003906,51.26765528952543,50.739637504755194,50.90900026574227,2900
2025-05-13,51.4669075012207,51.57649695640389,51.35731804603751,51.3971694480021,7300
2025-05-14,51.0285530090332,51.18795481497861,50.97873685681871,51.18795481497861,4000
2025-05-15,51.14810562133789,51.14810562133789,50.600162127274416,50.80937629402682,3200
2025-05-16,51.4669075012207,51.52668460416759,51.15806483665342,51.168029587364,15400
2025-05-19,51.1779899597168,51.247728012147896,50.8691510990759,50.8691510990759,4400
2025-05-20,51.0285530090332,51.44698132447534,50.97873685681871,51.06840061019043,10900
2025-05-21,49.64374923706055,50.46068396972095,49.63378448641607,50.44075826887083,3700
2025-05-22,49.653709411621094,49.88284926715971,49.30501915328816,49.58397135995451,9500
2025-05-23,49.374759674072266,49.544122436463766,48.96629229369626,48.96629229369626,4800
2025-05-27,50.63004684448242,50.64997254537905,49.78322545878941,49.78322545878941,18100
2025-05-28,49.813114166259766,50.57027182939375,49.813114166259766,50.57027182939375,2900
2025-05-29,50.072139739990234,50.17176824670044,49.77326182073749,50.17176824670044,4000
2025-05-30,49.67363739013672,49.882851554730806,49.613860285778856,49.843000151825564,3400
2025-06-02,49.47438430786133,49.81311363258044,49.10576833110314,49.81311363258044,7600
2025-06-03,50.341129302978516,50.380980704313295,49.504268877142245,49.53415932836273,3800
2025-06-04,50.012367248535156,50.12195670747649,50.012367248535156,50.11199195642419,900
2025-06-05,49.783226013183594,50.09206487942348,49.613859453895586,50.09206487942348,6100
2025-06-06,50.470645904541016,50.470645904541016,50.281357443430444,50.281357443430444,2200
2025-06-09,50.78944778442383,51.00862669010729,50.570268878740364,50.570268878740364,2800
2025-06-10,51.3373908996582,51.52668315344108,51.03851299421637,51.03851299421637,3700
2025-06-11,51.207881927490234,51.48683414547522,51.09829247029929,51.42705704143318,10000
2025-06-12,51.22780227661133,51.22780227661133,50.94885006707633,50.94885006707633,2600
2025-06-13,50.440757751464844,51.048478319623506,50.371019699424224,50.7994127622102,5300
2025-06-16,51.09829330444336,51.10825425506017,50.92892674044558,51.038516199425494,9200
2025-06-17,50.490570068359375,51.05843923483857,50.44075771699851,50.76952227633125,7100
2025-06-18,50.61012268066406,50.89903965178158,50.43079516758691,50.43079516758691,4800
2025-06-20,50.67985916137695,50.80937431689584,50.45071930188283,50.75956196490822,8200
2025-06-23,51.008628845214844,51.008628845214844,50.520458662050764,50.520458662050764,6100
2025-06-24,51.37724304199219,51.6063828994859,51.22780218689512,51.22780218689512,6700
2025-06-25,50.909000396728516,51.427057232366124,50.909000396728516,51.427057232366124,7200
2025-06-26,51.650001525878906,51.72999954223633,51.13999938964844,51.13999938964844,4500
2025-06-27,51.689998626708984,51.959999084472656,51.40999984741211,51.75,12900
2025-06-30,51.7599983215332,51.790000915527344,51.63999938964844,51.790000915527344,8200
