Price,Close,High,Low,Open,Volume
Ticker,PSCT,PSCT,PSCT,PSCT,PSCT
Date,,,,,
2010-04-07,8.249704360961914,8.265874589826543,8.22383403028251,8.243237009599337,19800
2010-04-08,8.204432487487793,8.223836397619376,8.146221682322402,8.223836397619376,8100
2010-04-09,8.210898399353027,8.210898399353027,8.191494492627648,8.210898399353027,40500
2010-04-12,8.275577545166016,8.275577545166016,8.204432037454554,8.204432037454554,15000
2010-04-13,8.291746139526367,8.291746139526367,8.249704653263635,8.265874882701207,4200
2010-04-14,8.553694725036621,8.553694725036621,8.492250241949952,8.492250241949952,15900
2010-04-15,8.605435371398926,8.605435371398926,8.5698621599969,8.59896709422166,21900
2010-04-16,8.466378211975098,8.569862321701414,8.424336722602526,8.569862321701414,10800
2010-04-19,8.44373893737793,8.466377443255437,8.327318283623597,8.466377443255437,4200
2010-04-20,8.560160636901855,8.576330868042815,8.508419043030145,8.521353747576155,13500
2010-04-21,8.586030006408691,8.634537908238647,8.586030006408691,8.634537908238647,7500
2010-04-22,8.715386390686035,8.715386390686035,8.537522212004818,8.55369151457056,7800
2010-04-23,8.757427215576172,8.757427215576172,8.676578858355747,8.699217360615588,7500
2010-04-26,8.760660171508789,8.815637271959746,8.718619621352435,8.721853296311641,6900
2010-04-27,8.62160587310791,8.780067103574087,8.62160587310791,8.731558261519803,25800
2010-04-28,8.589264869689941,8.589264869689941,8.55369166324378,8.55369166324378,17400
2010-04-29,8.708921432495117,8.708921432495117,8.560160307952678,8.615137426306681,30600
2010-04-30,8.398468017578125,8.725092527165573,8.398468017578125,8.725092527165573,9600
2010-05-03,8.543991088867188,8.543991088867188,8.414633883559503,8.434036862956741,47700
2010-05-04,8.265873908996582,8.456674636913457,8.265873908996582,8.456674636913457,12000
2010-05-05,8.188261032104492,8.246471828583587,8.09447794774124,8.178560003715662,4800
2010-05-06,8.204432487487793,8.204432487487793,5.665812226312117,8.07184156886693,55800
2010-05-07,7.703174591064453,7.832530420460458,7.693472637856363,7.709642868279574,7800
2010-05-10,8.003925323486328,8.003925323486328,7.9586501749467,7.9586501749467,6000
2010-05-11,8.091241836547852,8.19796051854172,7.657897445187156,7.813125418057777,4800
2010-05-12,8.249704360961914,8.256172637553584,8.191493572553249,8.191493572553249,12900
2010-05-13,8.24000358581543,8.382296438868513,8.24000358581543,8.379062762725278,11100
2010-05-14,8.071842193603516,8.071842193603516,8.007164030207939,8.052439207199559,4800
2010-05-17,8.12358283996582,8.12358283996582,7.974823561277055,7.974823561277055,6600
2010-05-18,7.974823474884033,8.19472917703717,7.939250262346078,8.19472917703717,3300
2010-05-19,7.874573230743408,7.874573230743408,7.780790134604977,7.780790134604977,3300
2010-05-20,7.612627029418945,7.745217029518106,7.5996909344719,7.745217029518106,36000
2010-05-21,7.6611328125,7.69993969394885,7.6611328125,7.69993969394885,900
2010-05-24,7.609390735626221,7.609390735626221,7.577052124599875,7.599689244841237,2100
2010-05-25,7.457397937774658,7.457397937774658,7.256895214436572,7.302170381085515,3300
2010-05-26,7.499438285827637,7.680537559333513,7.499438285827637,7.680537559333513,4200
2010-05-27,7.79695987701416,7.79695987701416,7.712877805796951,7.716111482512777,2400
2010-05-28,7.79695987701416,7.79695987701416,7.79695987701416,7.79695987701416,0
2010-06-01,7.496204376220703,7.670835829610488,7.496204376220703,7.670835829610488,7800
2010-06-02,7.677303791046143,7.677303791046143,7.505907377492628,7.505907377492628,5400
2010-06-03,7.819597244262695,7.819597244262695,7.819597244262695,7.819597244262695,600
2010-06-04,7.819597244262695,7.819597244262695,7.819597244262695,7.819597244262695,0
2010-06-07,7.370082378387451,7.502672354856488,7.370082378387451,7.502672354856488,6600
2010-06-08,7.370082378387451,7.370082378387451,7.370082378387451,7.370082378387451,0
2010-06-09,7.2762980461120605,7.2762980461120605,7.18574910828529,7.240724836059962,1800
2010-06-10,7.344211578369141,7.344211578369141,7.292469055020187,7.292469055020187,600
2010-06-11,7.480034828186035,7.480034828186035,7.470332874884367,7.470332874884367,1200
2010-06-14,7.6061577796936035,7.6061577796936035,7.577052381124077,7.577052381124077,3600
2010-06-15,7.754917144775391,7.754917144775391,7.754917144775391,7.754917144775391,600
2010-06-16,7.741981506347656,7.761384950218619,7.735513229109409,7.761384950218619,1800
2010-06-17,7.741981506347656,7.741981506347656,7.741981506347656,7.741981506347656,0
2010-06-18,7.787256240844727,7.822828527499713,7.787256240844727,7.822828527499713,3000
2010-06-21,7.716109275817871,7.716109275817871,7.716109275817871,7.716109275817871,300
2010-06-22,7.683771133422852,7.787256166844931,7.683771133422852,7.787256166844931,2400
2010-06-23,7.53501033782959,7.615857777509421,7.53501033782959,7.615857777509421,1800
2010-06-24,7.53501033782959,7.53501033782959,7.53501033782959,7.53501033782959,0
2010-06-25,7.395952224731445,7.395952224731445,7.395952224731445,7.395952224731445,1800
2010-06-28,7.395952224731445,7.395952224731445,7.395952224731445,7.395952224731445,0
2010-06-29,7.208386421203613,7.305404107415693,7.208386421203613,7.282766986550257,16200
2010-06-30,7.279532432556152,7.289233923671737,7.279532432556152,7.289233923671737,1200
2010-07-01,7.279532432556152,7.279532432556152,7.279532432556152,7.279532432556152,0
2010-07-02,7.053161144256592,7.053161144256592,7.053161144256592,7.053161144256592,600
2010-07-06,7.137240886688232,7.198684896707196,7.137240886688232,7.179281452077848,37200
2010-07-07,7.124303817749023,7.124303817749023,7.124303817749023,7.124303817749023,3000
2010-07-08,7.286000728607178,7.286000728607178,7.286000728607178,7.286000728607178,12300
2010-07-09,7.408888339996338,7.408888339996338,7.321573079563896,7.340976522172723,19200
2010-07-12,7.350679874420166,7.389486769469313,7.350679874420166,7.389486769469313,1500
2010-07-13,7.635263442993164,7.635263442993164,7.421825529404535,7.421825529404535,40800
2010-07-14,7.6061577796936035,7.648198345542833,7.6061577796936035,7.648198345542833,16800
2010-07-15,7.509140968322754,7.5964567115963995,7.4638662584142965,7.5964567115963995,20100
2010-07-16,7.3118720054626465,7.434760027468802,7.3118720054626465,7.434760027468802,1800
2010-07-19,7.337741851806641,7.340976452799389,7.337741851806641,7.340976452799389,600
2010-07-20,7.431527137756348,7.431527137756348,7.289234730522186,7.292469332276448,22500
2010-07-21,7.318338871002197,7.318338871002197,7.318338871002197,7.318338871002197,15300
2010-07-22,7.609390735626221,7.609390735626221,7.609390735626221,7.609390735626221,900
2010-07-23,7.609390735626221,7.609390735626221,7.609390735626221,7.609390735626221,0
2010-07-26,7.948953151702881,7.95865510743556,7.923082811798106,7.923082811798106,7800
2010-07-27,7.932783126831055,8.023332536072843,7.932783126831055,8.023332536072843,6000
2010-07-28,7.7258124351501465,7.8325311547564205,7.7258124351501465,7.8325311547564205,2700
2010-07-29,7.680537700653076,7.738748033796326,7.680537700653076,7.738748033796326,3000
2010-07-30,7.687005996704102,7.690240598420027,7.664368873453907,7.690240598420027,6000
2010-08-02,7.761385917663574,7.761385917663574,7.712877070632317,7.73228051692189,5700
2010-08-03,7.761385917663574,7.761385917663574,7.761385917663574,7.761385917663574,300
2010-08-04,7.761385917663574,7.761385917663574,7.761385917663574,7.761385917663574,0
2010-08-05,7.761385917663574,7.761385917663574,7.761385917663574,7.761385917663574,0
2010-08-06,7.602924823760986,7.602924823760986,7.602924823760986,7.602924823760986,300
2010-08-09,7.767852306365967,7.767852306365967,7.670835098515191,7.699940029563154,17400
2010-08-10,7.573817253112793,7.654664693147121,7.525308881615102,7.654664693147121,9000
2010-08-11,7.247193336486816,7.337742745500693,7.231023567855602,7.337742745500693,3035700
2010-08-12,7.114603519439697,7.1469430595217815,7.111369843000282,7.117838121108423,13800
2010-08-13,7.059626579284668,7.085496911623115,7.056391978166854,7.085496911623115,12600
2010-08-16,7.069328308105469,7.104900594539369,7.036988772440161,7.07579566010102,42900
2010-08-17,7.1986846923828125,7.240725256579166,7.1986846923828125,7.234257904500894,6600
2010-08-18,7.247193336486816,7.247193336486816,7.1986849558224035,7.1986849558224035,3600
2010-08-19,7.114603519439697,7.2083870754025705,7.114603519439697,7.2083870754025705,2400
2010-08-20,7.0951995849609375,7.098434186407191,7.0143521281602705,7.0531590184521,8700
2010-08-23,7.0111188888549805,7.0854980726274714,7.007884287207156,7.0854980726274714,6600
2010-08-24,6.927036762237549,6.959375839201286,6.927036762237549,6.959375839201286,2400
2010-08-25,7.020817756652832,7.020817756652832,6.859121978835047,6.872057141436865,6000
2010-08-26,6.985245704650879,7.036988217451229,6.943205606922429,7.036988217451229,15600
2010-08-27,7.156643867492676,7.166345357871287,6.914100594037848,6.994948043446403,16200
2010-08-30,7.020817756652832,7.169576984025453,7.020817756652832,7.140472058596077,6600
2010-08-31,6.930269718170166,6.991714651935551,6.891462829847965,6.982013161162301,9600
2010-09-01,7.153409004211426,7.169578771069358,7.153409004211426,7.16634509526651,6000
2010-09-02,7.2957024574279785,7.2957024574279785,7.224556953109727,7.237492120846528,14700
2010-09-03,7.444462299346924,7.444462299346924,7.347444607886143,7.360381163628238,39300
2010-09-07,7.260128974914551,7.431526302057556,7.260128974914551,7.431526302057556,10200
2010-09-08,7.25042724609375,7.282767247012077,7.2439603561851955,7.282767247012077,7200
2010-09-09,7.247193336486816,7.334509069343219,7.2213220767685655,7.334509069343219,18300
2010-09-10,7.247193336486816,7.263363567732645,7.2213220767685655,7.256895290188467,7200
2010-09-13,7.476800918579102,7.480034594502237,7.337742213748895,7.337742213748895,7800
2010-09-14,7.53501033782959,7.538244013361811,7.441226808177298,7.447695084470791,15300
2010-09-15,7.551180362701416,7.551180362701416,7.447696252832851,7.447696252832851,2700
2010-09-16,7.538247108459473,7.547949064268673,7.450931356635535,7.547949064268673,2400
2010-09-17,7.586754322052002,7.586754322052002,7.486503421847475,7.531777201171976,2700
2010-09-20,7.793722152709961,7.793722152709961,7.680536111166069,7.683769786586405,7800
2010-09-21,7.771088123321533,7.796959385877271,7.761386168555799,7.761386168555799,22200
2010-09-22,7.654667377471924,7.754918293784042,7.628796113570126,7.732281169177315,2400
2010-09-23,7.66436767578125,7.796958105920554,7.654665722608199,7.66436767578125,12000
2010-09-24,7.93601655960083,7.93601655960083,7.738747978495523,7.738747978495523,10500
2010-09-27,7.893978118896484,7.948953402504428,7.8842761628576925,7.936018694758643,5400
2010-09-28,7.994228363037109,7.994228363037109,7.790491917912719,7.903678934673984,30600
2010-09-29,8.039502143859863,8.05567145052401,7.997460651212111,8.0168645593925,14700
2010-09-30,7.997460842132568,8.117116119899826,7.9230816596101645,8.091244858527872,18900
2010-10-01,8.02979850769043,8.042734135357849,7.987757023849513,8.042734135357849,5400
2010-10-04,7.919846057891846,7.945717315996756,7.877805494778659,7.945717315996756,3300
2010-10-05,8.142987251281738,8.142987251281738,7.974824055048494,7.974824055048494,12300
2010-10-06,8.023335456848145,8.172094792141507,8.023335456848145,8.172094792141507,5700
2010-10-07,8.049202919006348,8.104179108749797,8.029799013667994,8.104179108749797,3000
2010-10-08,8.11388111114502,8.11388111114502,7.9909930884095015,8.029799978520073,19500
2010-10-11,8.142987251281738,8.191495171657834,8.142987251281738,8.1688585122407,4200
2010-10-12,8.172091484069824,8.172091484069824,8.065371847892031,8.065371847892031,3000
2010-10-13,8.346725463867188,8.372596730409176,8.236772118448997,8.236772118448997,6900
2010-10-14,8.337019920349121,8.375826803464259,8.31114866493903,8.31114866493903,3600
2010-10-15,8.356425285339355,8.391998502992879,8.333788624313785,8.391998502992879,24600
2010-10-18,8.388760566711426,8.388760566711426,8.359655642151104,8.359655642151104,10800
2010-10-19,8.149452209472656,8.349954885608476,8.149452209472656,8.278808476260604,610500
2010-10-20,8.259406089782715,8.30791399937698,8.217365531376057,8.252938738595107,27000
2010-10-21,8.23676872253418,8.337020070359403,8.123581746771157,8.317616165838157,93000
2010-10-22,8.362892150878906,8.362892150878906,8.278810098377539,8.278810098377539,35700
2010-10-25,8.453442573547363,8.48254751147565,8.434038664775642,8.472845557089789,8700
2010-10-26,8.434037208557129,8.476078695227221,8.401698599826895,8.401698599826895,38400
2010-10-27,8.518120765686035,8.518120765686035,8.391998133790919,8.4146357190499,13200
2010-10-28,8.476079940795898,8.537524416687633,8.414635464904164,8.537524416687633,13800
2010-10-29,8.53428840637207,8.547224033273174,8.50518347715184,8.50518347715184,15600
2010-11-01,8.424337387084961,8.59896793473204,8.424337387084961,8.56016104356277,17400
2010-11-02,8.637774467468262,8.637774467468262,8.521353798791445,8.521353798791445,19200
2010-11-03,8.653942108154297,8.679813360115713,8.592497653438695,8.615135230212173,8400
2010-11-04,8.919124603271484,8.919124603271484,8.802703935179522,8.809172212688132,29700
2010-11-05,8.90942668914795,8.941766237536859,8.899724732108321,8.922362323457603,12000
2010-11-08,8.95793342590332,8.96440170480789,8.896489865071738,8.912660099718451,16800
2010-11-09,8.822108268737793,8.993506065632157,8.822108268737793,8.993506065632157,13200
2010-11-10,8.89648723602295,8.89648723602295,8.786534854202696,8.860914025633805,6300
2010-11-11,8.812405586242676,8.85121247427418,8.708921476721192,8.847978798245519,8100
2010-11-12,8.731559753417969,8.818875498988847,8.689519181561385,8.818875498988847,14100
2010-11-15,8.731559753417969,8.783302280388954,8.702454813304131,8.763898370160152,25800
2010-11-16,8.518120765686035,8.660413630040022,8.508419736485871,8.660413630040022,386700
2010-11-17,8.563396453857422,8.589267717080363,8.534291514038953,8.55692817543701,59400
2010-11-18,8.754195213317871,8.770365444698566,8.647476497397315,8.647476497397315,189600
2010-11-19,8.773597717285156,8.773597717285156,8.702452226463036,8.702452226463036,14400
2010-11-22,8.838274955749512,8.838274955749512,8.708919615190057,8.721854316539908,24600
2010-11-23,8.738025665283203,8.750961293522444,8.660411895847764,8.689516828078775,302100
2010-11-24,8.961170196533203,8.961170196533203,8.870620746562633,8.870620746562633,10500
2010-11-26,8.951464653015137,8.96439935697775,8.890019257817626,8.890019257817626,13500
2010-11-29,8.893253326416016,8.922358259047154,8.793001049647273,8.922358259047154,28200
2010-11-30,8.757427215576172,8.844742923246011,8.731555963320588,8.844742923246011,32100
2010-12-01,9.019377708435059,9.054949999655403,8.902957029787453,8.902957029787453,24300
2010-12-02,9.116393089294434,9.126095042344462,9.012908057371911,9.035544714183088,84600
2010-12-03,9.242518424987793,9.242518424987793,9.129331406684008,9.129331406684008,27300
2010-12-06,9.294258117675781,9.294258117675781,9.210176067542772,9.210176067542772,34200
2010-12-07,9.3395357131958,9.410681227776337,9.3395357131958,9.352471345413116,26400
2010-12-08,9.349233627319336,9.400975208593124,9.349233627319336,9.378338555919903,18000
2010-12-09,9.375107765197754,9.384809720416957,9.326598914331118,9.384809720416957,12600
2010-12-10,9.465656280517578,9.4979948913465,9.35246929215796,9.404210884438397,35700
2010-12-13,9.439785957336426,9.552973893237231,9.439785957336426,9.552973893237231,42900
2010-12-14,9.362173080444336,9.443020556581457,9.346003770262806,9.443020556581457,104100
2010-12-15,9.349233627319336,9.433314737771864,9.316894098140596,9.333063400115467,33000
2010-12-16,9.410679817199707,9.420381771215808,9.303961098710385,9.320130405251044,60900
2010-12-17,9.462530136108398,9.472252136857872,9.365312910036726,9.443087061750473,45000
2010-12-20,9.472251892089844,9.537064610650859,9.443086817736084,9.504658251370351,400500
2010-12-21,9.537062644958496,9.550024073430011,9.501415008098606,9.501415008098606,59100
2010-12-22,9.52409839630127,9.575947808444774,9.511135116124771,9.575947808444774,58500
2010-12-23,9.533823013305664,9.55326608463324,9.511137730331885,9.511137730331885,39900
2010-12-27,9.57918930053711,9.57918930053711,9.469008823099891,9.562986589106579,24600
2010-12-28,9.546784400939941,9.55974675748183,9.507897331314272,9.55974675748183,28200
2010-12-29,9.559748649597168,9.562989934729828,9.520861572274766,9.537065216514893,13200
2010-12-30,9.546784400939941,9.5791907558651,9.543544043589687,9.553266042781322,27300
2010-12-31,9.527341842651367,9.53382348484172,9.501416201030874,9.511138200745943,6900
2011-01-03,9.666685104370117,9.702331813463896,9.514378123952683,9.527340479337623,123000
2011-01-04,9.514379501342773,9.663446146279444,9.417162285452061,9.64076271642753,328800
2011-01-05,9.63428020477295,9.63428020477295,9.459287933964692,9.527340998801703,361800
2011-01-06,9.666685104370117,9.712053811787797,9.608354968708289,9.660205317388833,66300
2011-01-07,9.627798080444336,9.728257494044227,9.472249815142815,9.728257494044227,63600
2011-01-10,9.673168182373047,9.708814896761375,9.51761989465045,9.59863439605407,52500
2011-01-11,9.731497764587402,9.783346258752747,9.708813410980774,9.721775766307307,77100
2011-01-12,9.85464096069336,9.864362032184765,9.789828254572406,9.806031894673053,60300
2011-01-13,9.883809089660645,9.938898887065381,9.83520000859006,9.88704944782772,79200
2011-01-14,10.0458345413208,10.052316182484681,9.893527563229314,9.919451346462507,314100
2011-01-18,10.000466346740723,10.036112126670131,9.935654573495336,10.023150699161791,76200
2011-01-19,9.757424354553223,10.01343115334521,9.737981281389015,10.01343115334521,63000
2011-01-20,9.598631858825684,9.718534327606786,9.501413741126484,9.718534327606786,76500
2011-01-21,9.488455772399902,9.65048571856928,9.481974129525437,9.65048571856928,79800
2011-01-24,9.605114936828613,9.618077292652393,9.46252809562622,9.485213377243861,30000
2011-01-25,9.569464683532715,9.621314087631125,9.475487870389463,9.621314087631125,145200
2011-01-26,9.77686595916748,10.068518475151771,9.572708641694033,9.572708641694033,50100
2011-01-27,9.883809089660645,9.88704944782772,9.75742584973357,9.786590927519478,113700
2011-01-28,9.647242546081543,9.906489667518112,9.5824307657224,9.906489667518112,69600
2011-01-31,9.718535423278809,9.767144487608615,9.592152226877625,9.592152226877625,46800
2011-02-01,9.951858520507812,9.97454287574506,9.812512958945815,9.812512958945815,51900
2011-02-02,9.9745454788208,10.032875633635278,9.932418041772445,9.958341833913584,72900
2011-02-03,9.997224807739258,10.036111870694658,9.88704525960265,9.95509738798942,251100
2011-02-04,10.097687721252441,10.1009280791728,10.010191567415538,10.062041002705401,198900
2011-02-07,10.185184478759766,10.249995349572366,10.136575398509224,10.156018474324787,352500
2011-02-08,10.211104393005371,10.211104393005371,10.100924841896706,10.143052262782916,114600
2011-02-09,10.136571884155273,10.243511081917724,10.094443534735474,10.243511081917724,158700
2011-02-10,10.23378849029541,10.253232485383155,10.08796223570019,10.133330012337067,106200
2011-02-11,10.340731620788574,10.350452694023044,10.156017322218862,10.172220038083964,116700
2011-02-14,10.405539512634277,10.415261510233325,10.337487383722392,10.392577158215788,110100
2011-02-15,10.26943588256836,10.40230073083052,10.256474453328098,10.38609801713933,90900
2011-02-16,10.369894981384277,10.376375695803134,10.288879561162753,10.324526271888958,150600
2011-02-17,10.447668075561523,10.47683314182011,10.337487597159127,10.444426791534438,74400
2011-02-18,10.408781051635742,10.489795536951176,10.376374701225123,10.489795536951176,115200
2011-02-22,10.065276145935059,10.360169888150748,10.02638816247399,10.360169888150748,228000
2011-02-23,9.809273719787598,10.055558516768453,9.757424288844259,10.052318159119734,181800
2011-02-24,9.951858520507812,9.99074558928273,9.789828603708568,9.789828603708568,105300
2011-02-25,10.204623222351074,10.204623222351074,10.029630978595975,10.042593332683733,104700
2011-02-28,10.185184478759766,10.301845715076409,10.091206676371096,10.301845715076409,111900
2011-03-01,10.010188102722168,10.224067412836172,9.977781753311863,10.188419779486336,83400
2011-03-02,10.06203556060791,10.1333280320021,9.984261449737595,9.984261449737595,56700
2011-03-03,10.33100700378418,10.360172070382657,10.19166053035851,10.19166053035851,46500
2011-03-04,10.311561584472656,10.331005577614613,10.21434440018474,10.331005577614613,40200
2011-03-07,10.091204643249512,10.386098496310451,9.968061788377113,10.386098496310451,93000
2011-03-08,10.249995231628418,10.30508595461096,10.026393835905289,10.06528184137112,24000
2011-03-09,10.113887786865234,10.227309566154503,10.100926357393178,10.227309566154503,283200
2011-03-10,9.841676712036133,10.110645800196147,9.796308934772188,10.110645800196147,82500
2011-03-11,9.812514305114746,9.880566453021641,9.73798144176004,9.783348304176664,46800
2011-03-14,9.796307563781738,9.867600040116498,9.673164749466336,9.67964638939164,145500
2011-03-15,9.702330589294434,9.767143285182321,9.42688080390394,9.65696281474172,211200
2011-03-16,9.605114936828613,9.763903563884703,9.550024229221936,9.653724002952991,72300
2011-03-17,9.572709083557129,9.686128996597029,9.562987085338035,9.686128996597029,484500
2011-03-18,9.731497764587402,9.731497764587402,9.621317280741483,9.663444703767517,72000
2011-03-21,9.951858520507812,9.977783233024423,9.84167802874179,9.84167802874179,107700
2011-03-22,9.919452667236328,9.955099380532085,9.874084881611555,9.955099380532085,37500
2011-03-23,9.993985176086426,9.993985176086426,9.799549847201629,9.887045976984982,19500
2011-03-24,10.08796501159668,10.149535516321835,9.990746863687955,10.05555865324678,39000
2011-03-25,10.181937217712402,10.28563603357732,10.117125457796828,10.149530874184341,64200
2011-03-28,10.13008975982666,10.240269309322475,10.13008975982666,10.240269309322475,61500
2011-03-29,10.220829010009766,10.249994083701779,10.09120543011085,10.175461220615635,35100
2011-03-30,10.369894981384277,10.369894981384277,10.259714491996238,10.27591720518421,259800
2011-03-31,10.386096000671387,10.405539067897756,10.337486941894444,10.337486941894444,58200
2011-04-01,10.386096000671387,10.47359119390107,10.373133646806915,10.45738941049633,46200
2011-04-04,10.395816802978516,10.450907500839222,10.366651739319744,10.450907500839222,342900
2011-04-05,10.421745300292969,10.502759800330992,10.36017387232207,10.405541658572634,444300
2011-04-06,10.476832389831543,10.515719451098734,10.408780264399125,10.515719451098734,216600
2011-04-07,10.402301788330078,10.541647365378262,10.386099072991719,10.531925365318864,85200
2011-04-08,10.272676467895508,10.441187089381845,10.227308687219585,10.441187089381845,63600
2011-04-11,10.149535179138184,10.285640396260572,10.13657374879799,10.285640396260572,126600
2011-04-12,9.96481990814209,10.107405813123478,9.96481990814209,10.055556393130246,66300
2011-04-13,9.993985176086426,10.052316238322256,9.906489046303072,10.010188815515745,111600
2011-04-14,10.036114692687988,10.042596335240113,9.883807681975272,9.883807681975272,111900
2011-04-15,10.117131233215332,10.123611949336167,9.977785638065534,10.045837793039686,60600
2011-04-18,9.887046813964844,10.00046766386772,9.84167810314735,10.00046766386772,34800
2011-04-19,9.909727096557617,9.974539784906307,9.854638258456417,9.951855436698322,39300
2011-04-20,10.198143005371094,10.201383362560204,9.964820599220223,9.964820599220223,148800
2011-04-21,10.311561584472656,10.314801940949442,10.227306753232503,10.314801940949442,104100
2011-04-25,10.266196250915527,10.308323676542173,10.224068825288882,10.292120963168978,50100
2011-04-26,10.418502807617188,10.447667873311184,10.27915633851299,10.314803044994944,41700
2011-04-27,10.496278762817383,10.522202549063303,10.399060624046424,10.405541338822683,421800
2011-04-28,10.473594665527344,10.496279951235392,10.434707591044234,10.496279951235392,58200
2011-04-29,10.587015151977539,10.60645822324942,10.506000655253095,10.506000655253095,36000
2011-05-02,10.408781051635742,10.642103436885526,10.408781051635742,10.642103436885526,110100
2011-05-03,10.26943588256836,10.444428157283955,10.188421386971553,10.444428157283955,186600
2011-05-04,10.21434497833252,10.32128416524434,10.130089215182736,10.292119101021239,345000
2011-05-05,10.185184478759766,10.324529149004382,10.117131395552573,10.16249919054961,31800
2011-05-06,10.259713172912598,10.350449653096483,10.194901401352679,10.272675527224582,42000
2011-05-09,10.350447654724121,10.356928367058519,10.201380145346581,10.201380145346581,71100
2011-05-10,10.577293395996094,10.577293395996094,10.395819472820582,10.395819472820582,45300
2011-05-11,10.415261268615723,10.570809518029115,10.35368985477108,10.570809518029115,29400
2011-05-12,10.493037223815918,10.554608648401597,10.298601878130244,10.331008232648287,42000
2011-05-13,10.366655349731445,10.535166931458201,10.366655349731445,10.531925646591201,174000
2011-05-16,10.139812469482422,10.376375223538862,10.139812469482422,10.318044160719843,75000
2011-05-17,10.081483840942383,10.110648915823706,10.006950047675875,10.081483840942383,121200
2011-05-18,10.272676467895508,10.314803891481892,10.055556781502911,10.055556781502911,42000
2011-05-19,10.262955665588379,10.340729800620302,10.178699889066719,10.340729800620302,42300
2011-05-20,10.211104393005371,10.27591616634598,10.1462935468055,10.220826390791647,91200
2011-05-23,9.96158218383789,10.02963433377873,9.951860183234626,10.019913260316473,131100
2011-05-24,9.906489372253418,9.993985504915633,9.84815923523915,9.98102407637096,42000
2011-05-25,9.977783203125,10.016670271783388,9.802790930591831,9.802790930591831,83400
2011-05-26,10.097687721252441,10.110649152933872,9.951860489143922,9.958341204984636,82800
2011-05-27,10.16897964477539,10.217588719341684,10.120370570209099,10.14953564409248,31800
2011-05-31,10.363414764404297,10.363414764404297,10.211106828934586,10.285640617842013,42600
2011-06-01,10.113887786865234,10.30832406320012,10.11064742949722,10.30832406320012,46200
2011-06-02,10.06203556060791,10.12036568019038,10.04583192548786,10.104162972210865,22500
2011-06-03,9.877323150634766,9.97454127049673,9.877323150634766,9.942135848636543,42600
2011-06-06,9.757424354553223,9.8773259326319,9.737981281389015,9.864363574808774,35100
2011-06-07,9.75094223022461,9.828716373320129,9.725017515859436,9.776867871730701,81300
2011-06-08,9.611598014831543,9.721777592230366,9.5629889414422,9.721777592230366,61500
2011-06-09,9.669926643371582,9.708813710551059,9.592152509012626,9.624557934758451,127500
2011-06-10,9.472251892089844,9.60835711764238,9.433364817237832,9.60835711764238,39300
2011-06-13,9.43984603881836,9.530582542758433,9.43984603881836,9.52734218511724,59700
2011-06-14,9.643999099731445,9.676404515960657,9.498172872418909,9.498172872418909,29700
2011-06-15,9.472251892089844,9.611598402569129,9.472251892089844,9.546785684008114,94200
2011-06-16,9.446325302124023,9.546782853686793,9.365309891511778,9.475490367831256,100200
2011-06-17,9.371793746948242,9.514379679494477,9.336147032026448,9.498176964399457,367800
2011-06-20,9.417160034179688,9.47549016434149,9.339384982062779,9.339384982062779,14700
2011-06-21,9.72177505493164,9.72177505493164,9.517617741692447,9.527339739261151,38400
2011-06-22,9.663445472717285,9.773625965330602,9.660206042553863,9.67316747177099,20100
2011-06-23,9.737979888916016,9.767144958062378,9.47549148517626,9.569468334170555,83700
2011-06-24,9.653725624084473,9.763905203518428,9.637521981228087,9.760664845803543,23700
2011-06-27,9.760663986206055,9.773626343065015,9.59215334703957,9.621318418187007,22800
2011-06-28,9.890287399291992,9.900009398568578,9.757423475361875,9.78982890342932,33000
2011-06-29,9.935656547546387,9.945377620109058,9.851400762016782,9.94213818972909,47700
2011-06-30,10.06851863861084,10.094443348325466,9.964819799752334,9.964819799752334,51000
2011-07-01,10.191661834716797,10.20462511835381,10.126850979376945,10.130091336715765,481500
2011-07-05,10.217589378356934,10.22407102138295,10.16249865762943,10.175461943681464,49800
2011-07-06,10.185184478759766,10.227311915644393,10.136575398509224,10.227311915644393,28800
2011-07-07,10.347208976745605,10.39581710855882,10.249990858837807,10.266194496582896,33600
2011-07-08,10.253235816955566,10.256476174809505,10.181942381322827,10.227311099842028,16500
2011-07-11,10.0458345413208,10.198142446553064,10.03611254314537,10.130090313606589,34800
2011-07-12,9.880565643310547,9.987504856563584,9.880565643310547,9.968061784672534,24600
2011-07-13,9.948616027832031,10.049075435559208,9.945375670946207,9.948616027832031,21000
2011-07-14,9.799548149108887,10.029630146871849,9.786585796096052,9.981022018429186,27000
2011-07-15,9.815752029418945,9.841675808947585,9.731496269173457,9.831953812161442,34800
2011-07-18,9.673168182373047,9.780108325538029,9.61807839558986,9.780108325538029,36000
2011-07-19,9.929173469543457,9.955098180243551,9.737979423485863,9.737979423485863,10200
2011-07-20,9.867602348327637,9.971302121405579,9.822234566800551,9.971302121405579,27000
2011-07-21,9.880565643310547,9.922693998832813,9.831956572871565,9.88380692790981,15000
2011-07-22,9.938894271850586,9.971300619896498,9.844917438656589,9.861120149109206,55500
2011-07-25,9.831954956054688,9.91297036917737,9.815753171427202,9.815753171427202,70800
2011-07-26,9.786584854125977,9.84491590063961,9.786584854125977,9.812509557656362,27600
2011-07-27,9.430121421813965,9.731496850193507,9.417159994846104,9.731496850193507,41400
2011-07-28,9.34262752532959,9.491695096658184,9.34262752532959,9.410680595966166,151500
2011-07-29,9.290776252746582,9.387993439154165,9.144949082424244,9.25188919275542,75900
2011-08-01,9.213005065917969,9.413921142934502,9.138470351612746,9.38799642802005,34200
2011-08-02,9.03801155090332,9.336145731985356,9.03801155090332,9.209762532132768,97200
2011-08-03,9.135228157043457,9.138468513970931,8.84357563647434,9.034769675165776,132000
2011-08-04,8.681547164916992,9.015327161854316,8.681547164916992,9.015327161854316,218400
2011-08-05,8.532479286193848,8.762561346058632,8.334802654037441,8.762561346058632,226500
2011-08-08,7.85519552230835,8.415818141012345,7.835752450964973,8.257028577193863,132000
2011-08-09,8.240823745727539,8.260266809887538,7.605666652257792,7.929726374902754,105600
2011-08-10,7.887598991394043,8.159809339725525,7.868155924879306,8.059350869167554,48000
2011-08-11,8.302398681640625,8.370450833469643,7.903805917257456,7.910287560219809,95100
2011-08-12,8.315359115600586,8.347765468628921,8.169531917684308,8.328321471383756,52200
2011-08-15,8.500072479248047,8.500072479248047,8.357487492345866,8.357487492345866,37200
2011-08-16,8.325079917907715,8.44174204332503,8.257027784031605,8.44174204332503,41400
2011-08-17,8.269989013671875,8.402852891387393,8.21165796544277,8.363965834948177,26100
2011-08-18,7.826030254364014,8.120924091572055,7.748255653099654,8.120924091572055,58500
2011-08-19,7.651037216186523,7.84547254098565,7.608909794265236,7.670480748666436,30000
2011-08-22,7.670482158660889,7.835752910475925,7.618633192753915,7.764459944944446,56400
2011-08-23,8.08203411102295,8.088515751142957,7.696404801671634,7.696404801671634,39000
2011-08-24,8.169532775878906,8.227863846601155,8.0139844901408,8.072315560863048,102300
2011-08-25,7.9329681396484375,8.211659216836829,7.903803074659631,8.211659216836829,314100
2011-08-26,8.124164581298828,8.153330578765162,7.8260303819451895,7.861677094087907,60000
2011-08-29,8.496832847595215,8.506554847077119,8.221382994641198,8.221382994641198,258900
2011-08-30,8.561646461486816,8.561646461486816,8.457946667988242,8.46442831070609,18300
2011-08-31,8.438501358032227,8.61349268506989,8.415817005242292,8.55516255177092,23700
2011-09-01,8.308878898620605,8.564885672447113,8.26675054444803,8.496832605156433,16200
2011-09-02,7.955653667449951,8.16305136406357,7.939450954187222,8.16305136406357,43500
2011-09-06,7.9005632400512695,7.9005632400512695,7.631593678893218,7.787142402204792,108900
2011-09-07,8.240823745727539,8.240823745727539,8.00425920251337,8.00425920251337,45600
2011-09-08,8.107961654663086,8.27971356905157,8.043148946755128,8.159811079276777,18300
2011-09-09,7.8746418952941895,8.039912223682077,7.809829165563778,8.00750585881687,24600
2011-09-12,7.816308975219727,7.9491738347055225,7.764460008885771,7.764460008885771,51300
2011-09-13,8.091758728027344,8.107962370004355,8.013984584245026,8.039910225980059,30600
2011-09-14,8.334803581237793,8.393134655599097,8.091759137824146,8.146849854482316,11700
2011-09-15,8.399614334106445,8.402854691051903,8.286192569607818,8.363967626284127,29400
2011-09-16,8.396373748779297,8.451462596775947,8.344523403358503,8.415816817063954,23100
2011-09-19,8.269989013671875,8.305634786719072,8.172770909003553,8.286190794929183,52200
2011-09-20,8.05935287475586,8.308878934964737,8.05935287475586,8.218141511513597,14100
2011-09-21,7.835752487182617,8.114443619139212,7.835752487182617,8.082036336755081,39300
2011-09-22,7.527894973754883,7.709368421445444,7.443640586839936,7.605669109806374,96000
2011-09-23,7.693165302276611,7.728812013352438,7.51493313760874,7.531136314526049,38400
2011-09-26,7.667240619659424,7.738533574205379,7.5505794213114985,7.738533574205379,34200
2011-09-27,7.991302490234375,8.18897824027459,7.8876026873815634,7.8876026873815634,35700
2011-09-28,7.709366798400879,8.036667377637377,7.699645265226315,8.036667377637377,36900
2011-09-29,7.75473690032959,7.832511497637574,7.589466634352029,7.829270213376236,39900
2011-09-30,7.6056694984436035,7.793625060883511,7.6056694984436035,7.712609172764053,31800
2011-10-03,7.155228137969971,7.595948283386718,7.155228137969971,7.4663247112053215,26100
2011-10-04,7.6186323165893555,7.6186323165893555,7.061249623096093,7.061249623096093,1047300
2011-10-05,7.884359836578369,7.910285474450723,7.576503664855835,7.608910016840686,187800
2011-10-06,8.043149948120117,8.046391232917644,7.845474223955181,7.91352729758883,45900
2011-10-07,7.975096225738525,8.140366486398271,7.8843597392975955,8.09175742259115,32100
2011-10-10,8.176012992858887,8.205178059565783,8.04314815992827,8.0917572225336,27600
2011-10-11,8.263509750366211,8.295915176480776,8.166291617740866,8.166291617740866,50100
2011-10-12,8.41905689239502,8.474147592830947,8.344523124324596,8.344523124324596,57300
2011-10-13,8.500072479248047,8.529237548062547,8.347765493694093,8.376930562508592,59400
2011-10-14,8.626456260681152,8.678306614598798,8.538960121210147,8.584328833210254,21900
2011-10-17,8.35424518585205,8.564884137543944,8.351004829078207,8.564884137543944,15600
2011-10-18,8.64590072631836,8.64590072631836,8.237586004824994,8.393134293557527,33900
2011-10-19,8.402853965759277,8.571364565207976,8.39961360909351,8.571364565207976,57300
2011-10-20,8.312118530273438,8.402855018264924,8.14684826678946,8.402855018264924,55500
2011-10-21,8.509794235229492,8.519516233604028,8.402855034531987,8.46118517049761,30300
2011-10-24,8.879222869873047,8.879222869873047,8.53247958909522,8.53247958909522,27300
2011-10-25,8.574606895446777,8.837095315743747,8.574606895446777,8.837095315743747,22800
2011-10-26,8.762561798095703,8.76904344025627,8.477389940130905,8.733395799084523,25500
2011-10-27,9.216242790222168,9.294017847708549,8.992642397263719,9.015325823258948,41100
2011-10-28,9.297257423400879,9.339385773354564,9.229205290066067,9.255130927728755,25500
2011-10-31,9.044492721557617,9.157913571434076,9.034770722507439,9.034770722507439,19200
2011-11-01,8.684784889221191,8.804687350309255,8.610251127386043,8.707469238847649,93000
2011-11-02,8.859777450561523,8.866259091578767,8.743116256517945,8.798206960171868,18300
2011-11-03,9.190320014953613,9.190320014953613,8.814411639142804,8.98292229036834,19800
2011-11-04,9.15142822265625,9.1708722128803,9.005602004537817,9.070413760050508,12900
2011-11-07,9.102821350097656,9.183836759209118,8.956995097122157,9.183836759209118,15000
2011-11-08,9.242168426513672,9.25189042459105,9.03476981847291,9.203281361344922,14700
2011-11-09,8.814408302307129,9.01856559194398,8.814408302307129,9.015324308368655,18900
2011-11-10,8.850059509277344,8.911630948580456,8.74311934823265,8.911630948580456,42300
2011-11-11,9.115788459777832,9.157915896837912,8.944036499129417,8.944036499129417,32100
2011-11-14,9.00236701965332,9.138471323864,8.956998300155737,9.138471323864,8700
2011-11-15,9.174114227294922,9.19031600853896,8.918106613687405,8.934309322072002,257100
2011-11-16,9.060694694519043,9.235686954553529,9.060694694519043,9.148190824536286,18000
2011-11-17,8.850059509277344,9.021810540568156,8.79172842805832,9.021810540568156,43800
2011-11-18,8.850059509277344,8.869502584922962,8.807932072760932,8.853299867361432,7800
2011-11-21,8.623214721679688,8.668583427463059,8.538958951142323,8.668583427463059,39300
2011-11-22,8.513035774230957,8.64265933263489,8.480629421059563,8.571365911942316,30600
2011-11-23,8.299156188964844,8.41257610379156,8.263509479693775,8.41257610379156,42300
2011-11-25,8.163053512573242,8.31536146789642,8.159813154496003,8.19545987476887,9000
2011-11-28,8.490350723266602,8.561645073037063,8.42229858504077,8.428780226707483,30000
2011-11-29,8.509794235229492,8.57784636956965,8.487109881402509,8.503313521073665,30600
2011-11-30,9.025046348571777,9.025046348571777,8.830611054436954,8.850055047420744,15900
2011-12-01,9.0120849609375,9.070415085854675,8.966716261876924,9.070415085854675,38700
2011-12-02,9.03153133392334,9.151432911266614,8.976440618157222,8.976440618157222,42300
2011-12-05,9.161155700683594,9.27133621456801,9.15143369975299,9.154674984823883,11700
2011-12-06,9.229205131530762,9.229205131530762,9.128747575339572,9.22596477455638,112500
2011-12-07,9.20976448059082,9.216245196241111,9.034772178058821,9.034772178058821,9000
2011-12-08,8.944035530090332,9.167636905091612,8.944035530090332,9.167636905091612,16500
2011-12-09,9.268094062805176,9.268094062805176,9.034771625135722,9.034771625135722,19200
2011-12-12,9.0801420211792,9.109307099501,8.979683499025077,9.109307099501,83400
2011-12-13,8.905147552490234,9.216244118716334,8.89866591045674,9.216244118716334,27300
2011-12-14,8.785245895385742,8.827373323191564,8.72043411139952,8.798208252182986,128100
2011-12-15,8.820890426635742,8.856537134543391,8.817650069682527,8.827372067682932,15900
2011-12-16,8.891256332397461,9.02420327343652,8.849102582654377,9.020959963671524,16500
2011-12-19,8.748581886291504,9.004749593774704,8.748581886291504,8.98529344273736,19800
2011-12-20,9.127967834472656,9.131211144562354,8.829647318919715,8.829647318919715,32100
2011-12-21,8.965840339660645,9.092302568148117,8.839378111173172,9.092302568148117,35100
2011-12-22,9.105268478393555,9.147422228541801,8.99177675625271,8.99177675625271,50100
2011-12-23,9.134454727172852,9.147424258354686,9.102028116057065,9.102028116057065,14700
2011-12-27,9.209035873413086,9.231733482613382,9.082573656535036,9.082573656535036,26400
2011-12-28,9.014474868774414,9.163634626933234,9.014474868774414,9.157148936028909,22200
2011-12-29,9.140937805175781,9.144180187372635,9.082571214751487,9.082571214751487,32400
2011-12-30,9.089058876037598,9.147425485064673,9.089058876037598,9.102029336679228,89100
2012-01-03,9.189579010009766,9.29658599249378,9.163638092023412,9.247946539339265,1267500
2012-01-04,9.082571983337402,9.140938578700798,9.017719695311238,9.140938578700798,237300
2012-01-05,9.189579010009766,9.209035162359735,8.998264507930303,9.089057720882543,93300
2012-01-06,9.170121192932129,9.222002086517392,9.147421736460833,9.202546867387936,148800
2012-01-09,9.228487968444824,9.247944115695848,9.121481941724687,9.186333291974329,62700
2012-01-10,9.364679336547852,9.397105015552484,9.338738422256037,9.351707951681671,58800
2012-01-11,9.465201377868652,9.481415147993436,9.35495293625458,9.35495293625458,148200
2012-01-12,9.53978157043457,9.543023952994416,9.423047448797126,9.513839726794806,117600
2012-01-13,9.393863677978516,9.445745512332426,9.364680378084536,9.41980459515547,71700
2012-01-17,9.445744514465332,9.52356725777485,9.436016439621573,9.474927811276332,76200
2012-01-18,9.692182540893555,9.692182540893555,9.4489862527,9.4489862527,440100
2012-01-19,9.78622055053711,9.857557607488202,9.753793940853626,9.77649247486003,335100
2012-01-20,9.8543119430542,9.8543119430542,9.770003528130662,9.841341489044428,111300
2012-01-23,9.825132369995117,9.89646943017336,9.740823923180395,9.834859518391879,64200
2012-01-24,9.902953147888184,9.922408368520857,9.773248584602971,9.773248584602971,100800
2012-01-25,9.928892135620117,9.967803497061894,9.838098031202605,9.928892135620117,42900
2012-01-26,9.925651550292969,9.987262382467142,9.909439638226539,9.96456292241327,79200
2012-01-27,9.977534294128418,10.00671759124944,9.880255400097958,9.899711549992166,1061700
2012-01-30,9.88349723815918,9.928894300265164,9.85107156041511,9.906195769212172,130800
2012-01-31,9.880256652832031,9.971049865836147,9.825132434009635,9.971049865836147,74400
2012-02-01,10.065084457397461,10.078053986188154,9.870526682013413,9.928894200172673,40200
2012-02-02,10.123454093933105,10.16236547517411,10.081299401798304,10.14291024841386,21000
2012-02-03,10.37313175201416,10.421771194210928,10.26612572135743,10.26612572135743,395100
2012-02-06,10.259641647338867,10.311523475113411,10.243427880369127,10.311523475113411,159900
2012-02-07,10.259641647338867,10.30179540047562,10.178575595650948,10.30179540047562,135600
2012-02-08,10.236943244934082,10.29855408142759,10.165606188239133,10.256399396218386,54300
2012-02-09,10.259641647338867,10.327736314362891,10.19478843490043,10.308281092807567,54600
2012-02-10,10.110478401184082,10.16884497897969,10.05535420488378,10.16884497897969,42300
2012-02-13,10.230457305908203,10.24018445183192,10.116964659596517,10.175332173739646,42300
2012-02-14,10.181819915771484,10.185062298398991,10.15263661668322,10.15912045421788,11700
2012-02-15,10.100752830505371,10.272612080399178,10.100752830505371,10.272612080399178,38100
2012-02-16,10.321250915527344,10.321250915527344,10.188303960004644,10.188303960004644,68400
2012-02-17,10.30179500579834,10.366647288031931,10.295309313714869,10.366647288031931,79200
2012-02-21,10.20451545715332,10.343948086847877,10.172089781998398,10.343948086847877,50700
2012-02-22,10.16884708404541,10.227214601643778,10.146149481159586,10.191546542371674,124500
2012-02-23,10.292068481445312,10.292068481445312,10.071570688645709,10.217488113715355,28200
2012-02-24,10.243427276611328,10.337463779700277,10.236941584661654,10.337463779700277,101100
2012-02-27,10.243427276611328,10.295309101327906,10.052112816038898,10.165604539536462,96900
2012-02-28,10.19155216217041,10.3018006383866,10.16236792341842,10.236947392973777,44400
2012-02-29,10.003473281860352,10.246669564923021,10.003473281860352,10.230457654497757,60300
2012-03-01,10.071566581726074,10.175330206613813,10.02292715062995,10.042382366436408,60300
2012-03-02,9.867283821105957,10.097509644935498,9.831614835501341,10.097509644935498,708600
2012-03-05,9.818648338317871,9.847831643887735,9.76352411052578,9.847831643887735,224400
2012-03-06,9.650026321411133,9.75054663649835,9.624085415378307,9.75054663649835,348600
2012-03-07,9.744067192077637,9.75055102992738,9.62408975182608,9.659758745623039,72300
2012-03-08,9.915922164916992,9.919165474621956,9.760276697004755,9.782976154058833,17100
2012-03-09,10.045628547668457,10.113723214040112,9.941864893113458,9.941864893113458,35700
2012-03-12,10.02941608428955,10.035900849082042,9.971048562555714,10.035900849082042,26400
2012-03-13,10.253158569335938,10.253158569335938,10.078056892089663,10.078056892089663,23100
2012-03-14,10.136421203613281,10.28558098520339,10.116965055564023,10.214243940369913,30300
2012-03-15,10.233699798583984,10.253155018362039,10.152634682021775,10.162361828050715,38700
2012-03-16,10.17857551574707,10.243427799956146,10.17533313346668,10.236942107675114,676800
2012-03-19,10.266124725341797,10.353675527257794,10.136420177214436,10.136420177214436,23700
2012-03-20,10.207756042480469,10.21424173300202,10.107235725016436,10.21424173300202,47400
2012-03-21,10.22072982788086,10.27261165337811,10.21100175367007,10.230457902091649,17100
2012-03-22,10.10723876953125,10.136422066368855,10.068327397841015,10.136422066368855,38700
2012-03-23,10.256401062011719,10.256401062011719,10.058601773004295,10.123454074951033,423600
2012-03-26,10.454197883605957,10.457440265720162,10.353676616303947,10.36988945459518,21000
2012-03-27,10.356917381286621,10.467166705437096,10.356917381286621,10.457438632893219,207300
2012-03-28,10.246670722961426,10.36664815086971,10.19478889285632,10.36664815086971,33600
2012-03-29,10.266124725341797,10.266124725341797,10.100751194549384,10.207757214824431,32100
2012-03-30,10.259641647338867,10.298553018169775,10.178575595650948,10.292067325837827,25800
2012-04-02,10.31800651550293,10.321248897266946,10.214242877293584,10.214242877293584,41400
2012-04-03,10.181819915771484,10.30503880509991,10.181819915771484,10.298554039844896,158700
2012-04-04,10.013204574584961,10.120210639550415,9.971050810768343,10.120210639550415,36300
2012-04-05,10.022929191589355,10.035899647341484,9.971047368580841,9.971047368580841,4800
2012-04-09,9.86404037475586,9.893223665410735,9.779731956761673,9.851069920273682,118500
2012-04-10,9.646784782409668,9.825128758887699,9.640299091475164,9.825128758887699,258300
2012-04-11,9.773249626159668,9.80567530657654,9.692183569676862,9.718124485098485,39000
2012-04-12,9.977534294128418,9.984019058946295,9.805675038370644,9.805675038370644,17100
2012-04-13,9.83810043334961,9.899711263659178,9.82188852177382,9.899711263659178,37800
2012-04-16,9.818648338317871,9.886743027221073,9.808920260554398,9.844589260540097,37800
2012-04-17,10.0067138671875,10.107235106217281,9.864038889368434,9.864038889368434,24600
2012-04-18,9.909438133239746,9.954833335571974,9.854313001984513,9.954833335571974,108900
2012-04-19,9.867283821105957,10.026172601446449,9.834857217541712,9.912679952831681,27000
2012-04-20,9.880256652832031,9.93862418219488,9.860801428191353,9.899712805193117,9900
2012-04-23,9.66300106048584,9.688941978024852,9.555994079847125,9.688941978024852,29700
2012-04-24,9.666241645812988,9.74082106692155,9.6305717346026,9.666241645812988,28500
2012-04-25,9.86404037475586,9.88998128372021,9.718122066041314,9.718122066041314,17100
2012-04-26,10.026171684265137,10.04886928419156,9.977532247228334,9.977532247228334,18600
2012-04-27,10.120208740234375,10.133180125750224,9.974291321964756,10.029416463385994,36000
2012-04-30,10.0067138671875,10.07156612983253,10.0067138671875,10.07156612983253,49800
2012-05-01,10.061845779418945,10.227219407992484,10.05860339572865,10.05860339572865,30000
2012-05-02,10.100752830505371,10.110480905120546,9.928894508331823,10.045628620553144,963900
2012-05-03,9.902953147888184,10.006716798516353,9.84458563054973,9.993745414467616,11400
2012-05-04,9.724608421325684,9.860798666550263,9.718122729781586,9.860798666550263,14100
2012-05-07,9.640300750732422,9.68245450204185,9.617603147855172,9.672726427825761,14700
2012-05-08,9.620847702026367,9.620847702026367,9.478171721900395,9.57869394120029,37500
2012-05-09,9.617605209350586,9.617605209350586,9.478171613713446,9.53329676094033,44700
2012-05-10,9.604630470275879,9.64678514362846,9.552748651737405,9.64678514362846,33000
2012-05-11,9.594903945922852,9.630572933854811,9.543023046731243,9.543023046731243,16500
2012-05-14,9.465201377868652,9.52681129226969,9.384136238126489,9.465201377868652,30000
2012-05-15,9.471687316894531,9.594906221169035,9.46844400615327,9.520326773088359,104700
2012-05-16,9.367923736572266,9.530054949676144,9.367923736572266,9.517083562016179,276000
2012-05-17,9.186335563659668,9.364680531829693,9.170123649808383,9.332253920965945,85200
2012-05-18,9.092299461364746,9.222003101178913,9.072843312374461,9.140937978399966,138000
2012-05-21,9.25443172454834,9.273886950059953,9.069601979725547,9.08257336702722,97200
2012-05-22,9.215518951416016,9.296585007323005,8.962594563991576,9.26415747169584,24300
2012-05-23,9.286855697631836,9.286855697631836,9.079327475600367,9.131210226898371,30900
2012-05-24,9.17660903930664,9.299828870158589,9.121484817582564,9.299828870158589,26700
2012-05-25,9.189579010009766,9.218763238534718,9.160395709205218,9.209035162359735,12900
2012-05-29,9.322525024414062,9.322525024414062,9.2252461281052,9.267400811289871,18300
2012-05-30,9.17660903930664,9.212278035365937,9.150668119939963,9.212278035365937,15600
2012-05-31,9.137696266174316,9.147423413662468,9.030689294321826,9.147423413662468,18900
2012-06-01,8.826400756835938,9.01123039959846,8.826400756835938,9.01123039959846,54000
2012-06-04,8.849102973937988,8.9107119463943,8.768036925191922,8.865314884878886,171000
2012-06-05,8.949625015258789,8.962595474194694,8.787493814699763,8.787493814699763,76200
2012-06-06,9.196063041687012,9.202548734526165,9.102027453421778,9.111755528820343,17100
2012-06-07,9.157149314880371,9.354949443704921,9.157149314880371,9.354949443704921,14400
2012-06-08,9.231730461120605,9.231730461120605,9.076084992126566,9.076084992126566,8100
2012-06-11,9.020960807800293,9.319282249122425,9.020960807800293,9.319282249122425,18600
2012-06-12,9.108509063720703,9.108509063720703,8.991774982530904,9.00798874515283,34200
2012-06-13,8.988534927368164,9.13769564468527,8.96907970599477,9.098784274218232,18600
2012-06-14,9.056631088256836,9.059872543014967,8.949624116985593,8.949624116985593,18000
2012-06-15,9.189579010009766,9.189579010009766,9.040418267728027,9.040418267728027,26100
2012-06-18,9.251190185546875,9.257675879789385,9.121485577901987,9.121485577901987,63300
2012-06-19,9.374405860900879,9.410073916362766,9.21876040089225,9.21876040089225,121500
2012-06-20,9.35495376586914,9.423049379903025,9.319284767240038,9.32252715046436,48600
2012-06-21,9.043659210205078,9.354950144530505,9.043659210205078,9.354950144530505,14400
2012-06-22,9.212274551391602,9.218760242640686,9.085812385375442,9.085812385375442,13200
2012-06-25,9.0079927444458,9.069601729969715,8.99826466809766,9.069601729969715,9000
2012-06-26,9.0598726272583,9.0598726272583,8.97232273320453,8.991777955976373,21300
2012-06-27,9.186335563659668,9.192821256920574,9.11499850411205,9.11499850411205,36600
2012-06-28,9.07284164428711,9.170120515912835,9.01123175410549,9.121481080099972,24300
2012-06-29,9.423047065734863,9.439258977875053,9.306312021122558,9.338738628563819,25800
2012-07-02,9.38413143157959,9.465196529800254,9.338735310555204,9.465196529800254,15600
2012-07-03,9.614360809326172,9.614360809326172,9.484656232408087,9.484656232408087,7800
2012-07-05,9.643542289733887,9.672725582110353,9.581933323099156,9.591660468744552,23100
2012-07-06,9.374405860900879,9.48789664636708,9.36143447818004,9.471683809546212,11400
2012-07-09,9.31279468536377,9.390617412404575,9.286854704070253,9.390617412404575,17100
2012-07-10,9.170121192932129,9.319280965325103,9.170121192932129,9.319280965325103,10500
2012-07-11,9.163640022277832,9.212279485677898,9.118242942378943,9.202551407453765,6300
2012-07-12,9.114996910095215,9.121482602221914,8.975565198153843,9.059871774039083,10500
2012-07-13,9.196063041687012,9.196063041687012,9.10526983598119,9.10526983598119,16200
2012-07-16,9.121484756469727,9.170124211886483,9.079330066990964,9.170124211886483,33900
2012-07-17,9.07284164428711,9.098782553024627,8.991775608692315,9.050143117211764,28200
2012-07-18,9.264155387878418,9.29658291621155,9.040415276212853,9.040415276212853,34200
2012-07-19,9.34522533416748,9.39062148074843,9.225247882211104,9.225247882211104,48000
2012-07-20,9.196063041687012,9.225246340162371,9.186334966288449,9.21551919248414,18300
2012-07-23,9.056631088256836,9.056631088256836,8.907470361604968,8.991777872366217,37800
2012-07-24,8.868558883666992,8.982049690830662,8.868558883666992,8.982049690830662,7800
2012-07-25,8.972322463989258,9.033932368405399,8.87504356988795,8.87504356988795,10200
2012-07-26,9.10202693939209,9.114997396617568,9.02744657841552,9.114997396617568,28200
2012-07-27,9.364679336547852,9.390619323119394,9.105269265909431,9.105269265909431,27900
2012-07-30,9.316041946411133,9.371166169517323,9.30307055868211,9.371166169517323,18300
2012-07-31,9.432774543762207,9.481413992769406,9.329010880664356,9.329010880664356,20700
2012-08-01,9.160393714904785,9.4457437506314,9.160393714904785,9.4457437506314,30300
2012-08-02,9.137696266174316,9.205790937192946,9.082572052860204,9.157151488870934,45300
2012-08-03,9.37765121459961,9.4165625919332,9.31279799132321,9.31279799132321,13500
2012-08-06,9.513836860656738,9.559233913699597,9.468439807613882,9.468439807613882,40800
2012-08-07,9.624089241027832,9.692183914502163,9.520325575649672,9.520325575649672,15000
2012-08-08,9.63381576538086,9.646787150433989,9.58193486376978,9.58193486376978,19500
2012-08-09,9.679214477539062,9.679214477539062,9.627332639376169,9.640303098916894,11700
2012-08-10,9.679214477539062,9.692184937079785,9.669486400953408,9.692184937079785,8700
2012-08-13,9.656517028808594,9.682457020598527,9.55923811678439,9.653273718079449,12300
2012-08-14,9.562479019165039,9.663000298633488,9.555993326431437,9.663000298633488,10200
2012-08-15,9.66300106048584,9.682456284779905,9.523568396783554,9.56572215585435,10800
2012-08-16,9.795945167541504,9.812158932054318,9.627329252825165,9.646785399152494,26700
2012-08-17,9.909438133239746,9.909438133239746,9.77973265148402,9.77973265148402,20400
2012-08-20,9.831615447998047,9.864042053582427,9.802432152376273,9.851071596892723,46200
2012-08-21,9.818648338317871,9.96132341054011,9.818648338317871,9.818648338317871,17700
2012-08-22,9.770008087158203,9.789463313391325,9.7343400177774,9.789463313391325,19200
2012-08-23,9.71487808227539,9.727848534618616,9.71487808227539,9.71487808227539,6600
2012-08-24,9.724608421325684,9.75703409588573,9.662998526397418,9.705153202133683,23100
2012-08-27,9.734339714050293,9.80567677830655,9.714883560703752,9.747310173707834,15000
2012-08-28,9.802431106567383,9.805673488463823,9.744064521550891,9.744064521550891,19500
2012-08-29,9.880256652832031,9.886741418472122,9.812161975009047,9.847830041470358,103800
2012-08-30,9.71487808227539,9.74730467699342,9.71487808227539,9.724606153462792,8100
2012-08-31,9.789462089538574,9.795947782619113,9.650030357091227,9.773250176138147,15000
2012-09-04,9.85755729675293,9.87052775467339,9.682455650966554,9.766764091309708,20400
2012-09-05,9.805672645568848,9.86728253490594,9.805672645568848,9.844584008141737,42900
2012-09-06,10.035900115966797,10.09751001559632,9.795946209487703,9.795946209487703,27600
2012-09-07,10.061845779418945,10.094272399483856,10.055361012038356,10.055361012038356,69000
2012-09-10,10.02941608428955,10.110481210517388,10.02941608428955,10.042385613874531,13200
2012-09-11,10.058600425720215,10.110482260328371,10.045629967068177,10.084541343024293,13500
2012-09-12,10.061845779418945,10.091029088072906,10.039147238145572,10.091029088072906,8700
2012-09-13,10.162361145019531,10.207757273263947,10.032655668429499,10.045627051036602,11400
2012-09-14,10.347192764282227,10.382860826123387,10.191547276436225,10.223972955877331,22500
2012-09-17,10.256401062011719,10.28882767684534,10.214247297676465,10.28882767684534,20100
2012-09-18,10.256401062011719,10.26937245012157,10.223975374898602,10.23046106895353,41700
2012-09-19,10.17857551574707,10.230458270834584,10.17857551574707,10.217486886272516,23700
2012-09-20,10.078054428100586,10.126693874079388,10.068327281081041,10.12345149173954,37200
2012-09-21,10.133179664611816,10.188303875804154,10.133179664611816,10.168847726136107,23100
2012-09-24,10.003473281860352,10.097509784088444,9.987261371435089,10.052112724016924,17700
2012-09-25,9.792702674865723,10.048869389714792,9.792702674865723,10.048869389714792,19200
2012-09-26,9.66300106048584,9.802433724188127,9.659758677723561,9.802433724188127,26700
2012-09-27,9.87376880645752,9.883496880516818,9.76027708301959,9.76027708301959,12600
2012-09-28,9.78622055053711,9.84782953181112,9.78622055053711,9.84782953181112,20400
2012-10-01,9.795945167541504,9.818643695683349,9.789459476192354,9.799187549356018,8400
2012-10-02,9.740822792053223,9.812160771667932,9.406833281817697,9.795947004115312,20100
2012-10-03,9.718123435974121,9.792703791690009,9.692182523352962,9.718123435974121,6600
2012-10-04,9.740822792053223,9.770006089295471,9.6630000475937,9.770006089295471,21300
2012-10-05,9.808917045593262,9.854314108463138,9.776491367303567,9.776491367303567,14400
2012-10-08,9.598145484924316,9.662997756598125,9.5916597938969,9.662997756598125,13500
2012-10-09,9.423047065734863,9.530053107622466,9.416561373158494,9.530053107622466,16200
2012-10-10,9.390620231628418,9.423047769210845,9.380893083618126,9.423047769210845,42600
2012-10-11,9.448984146118164,9.523564485341884,9.432771311245185,9.432771311245185,12300
2012-10-12,9.374405860900879,9.448985281364923,9.36467778772031,9.448985281364923,8100
2012-10-15,9.436014175415039,9.44574224792451,9.380889977394789,9.403588504010207,24300
2012-10-16,9.607876777648926,9.617604853590343,9.452231273467785,9.49762741499376,41400
2012-10-17,9.688941955566406,9.727853331784729,9.656516272577997,9.705155724780997,32400
2012-10-18,9.624089241027832,9.721367213459684,9.614361165468543,9.721367213459684,20100
2012-10-19,9.38413143157959,9.533292102916779,9.371160978755485,9.533292102916779,11100
2012-10-22,9.423047065734863,9.442502288023386,9.403590915726047,9.442502288023386,6600
2012-10-23,9.465201377868652,9.468443760805433,9.335497710913454,9.367923395722144,24600
2012-10-24,9.423047065734863,9.471685585316314,9.400347605577716,9.468442275167982,15900
2012-10-25,9.461957931518555,9.546264508735945,9.439258472576546,9.47168507828196,15300
2012-10-26,9.4684419631958,9.517081408894942,9.410075370533042,9.517081408894942,23700
2012-10-31,9.581933975219727,9.581933975219727,9.47168463425405,9.47168463425405,16800
2012-11-01,9.747310638427734,9.747310638427734,9.698671180462867,9.737582561290662,9000
2012-11-02,9.552748680114746,9.701909372716,9.552748680114746,9.701909372716,14100
2012-11-05,9.620847702026367,9.640302927130545,9.581936324097583,9.581936324097583,16200
2012-11-06,9.718123435974121,9.744065276315496,9.617603095357287,9.68894014120537,11400
2012-11-07,9.452230453491211,9.484656133522511,9.400347695544585,9.474928058425,44100
2012-11-08,9.335494995117188,9.442501022665269,9.335494995117188,9.442501022665269,35100
2012-11-09,9.358193397521973,9.413318534729711,9.257673053080154,9.257673053080154,995100
2012-11-12,9.29658317565918,9.36143452325491,9.283611792875885,9.335494540848693,71700
2012-11-13,9.21876335144043,9.293342795774295,9.163638204253983,9.251189035460298,57600
2012-11-14,9.089058876037598,9.241462020506889,9.079330798626243,9.241462020506889,15600
2012-11-15,8.956108093261719,9.345221747711559,8.709668517723356,9.053386970734245,61800
2012-11-16,9.03068733215332,9.033930641664984,8.875041873517445,8.917196547688079,30600
2012-11-19,9.212274551391602,9.212274551391602,9.063113857583803,9.063113857583803,15300
2012-11-20,9.192819595336914,9.209033361698378,9.153908225965804,9.17336437451147,7500
2012-11-21,9.215518951416016,9.24145986665338,9.186334725983752,9.205790876271928,18300
2012-11-23,9.34522533416748,9.348467717268873,9.319284413915371,9.319284413915371,9300
2012-11-26,9.432774543762207,9.432774543762207,9.335496573468134,9.335496573468134,8100
2012-11-27,9.426289558410645,9.474929011068282,9.410076716764896,9.410076716764896,15300
2012-11-28,9.523567199707031,9.523567199707031,9.322524650189784,9.371164096391734,56100
2012-11-29,9.643542289733887,9.646785599335823,9.562477176368086,9.562477176368086,22800
2012-11-30,9.620847702026367,9.650031003542848,9.59814916630447,9.640302927130545,31200
2012-12-03,9.581933975219727,9.646786255870067,9.581933975219727,9.640300563944932,13200
2012-12-04,9.61111831665039,9.643543996648024,9.539781264023416,9.604632624018683,16200
2012-12-05,9.57220458984375,9.637056861609624,9.53005084512595,9.611115952903274,21600
2012-12-06,9.598145484924316,9.643541611235946,9.5916597938969,9.611115939259077,17400
2012-12-07,9.620847702026367,9.630574850718242,9.57220824768528,9.604633932099052,22200
2012-12-10,9.679214477539062,9.692184937079785,9.63057502233124,9.63057502233124,15600
2012-12-11,9.85107421875,9.854316601855324,9.734340077473945,9.734340077473945,30600
2012-12-12,9.789462089538574,9.889984302104528,9.770006865737694,9.88349860902399,26100
2012-12-13,9.727849960327148,9.82188644938742,9.675968143350474,9.82188644938742,19800
2012-12-14,9.66300106048584,9.711639585081196,9.643544908471386,9.679213902017626,24300
2012-12-17,9.78622055053711,9.79270531584159,9.643544581194211,9.643544581194211,39900
2012-12-18,9.993746757507324,9.993746757507324,9.84458695354415,9.84458695354415,62700
2012-12-19,10.022929191589355,10.07805339660586,9.971047368580841,10.000230662093086,61500
2012-12-20,10.048869132995605,10.071567660300603,9.990502551605708,9.990502551605708,48600
2012-12-21,10.00271987915039,10.00271987915039,9.852154128725994,9.960168383447895,44400
2012-12-24,9.986353874206543,10.041997923870127,9.963441673548198,10.041997923870127,18000
2012-12-26,9.950350761413574,10.07800340160531,9.94707785690952,10.05836410167426,84000
2012-12-27,9.966715812683105,9.966715812683105,9.83251736897286,9.953624195202423,46800
2012-12-28,9.92743968963623,9.979809913489655,9.897981672832046,9.897981672832046,41700
2012-12-31,10.045269012451172,10.091093409758368,9.868520039938147,9.868520039938147,32400
2013-01-02,10.408589363098145,10.415135171011235,10.362764961893685,10.362764961893685,28200
2013-01-03,10.330031394958496,10.454410141425004,10.326758491842975,10.454410141425004,33300
2013-01-04,10.41186237335205,10.421681085321929,10.3627650676898,10.3627650676898,71100
2013-01-07,10.339853286743164,10.428228253233378,10.333306542044173,10.428228253233378,62700
2013-01-08,10.267847061157227,10.33658274571773,10.235115203085792,10.33658274571773,21000
2013-01-09,10.375861167907715,10.388953724797489,10.274393617898586,10.274393617898586,402000
2013-01-10,10.402042388916016,10.402042388916016,10.32348707697524,10.3300338211969,114000
2013-01-11,10.451138496398926,10.46095720692745,10.392221550962393,10.408587941416089,99900
2013-01-14,10.41186237335205,10.431500733745022,10.369311812122934,10.431500733745022,130200
2013-01-15,10.438047409057617,10.4445941534474,10.303848045372582,10.36276499906778,82200
2013-01-16,10.441320419311523,10.464232620229176,10.411862410390667,10.431500770853498,127800
2013-01-17,10.519875526428223,10.578791543107052,10.470778221560396,10.470778221560396,76500
2013-01-18,10.585338592529297,10.703171565736389,10.519875829636469,10.519875829636469,51300
2013-01-22,10.670441627502441,10.673714531832829,10.588612464069541,10.618070475949663,271500
2013-01-23,10.66716480255127,11.302154887672103,10.604975891858151,11.302154887672103,75600
2013-01-24,10.712990760803223,10.788273169056582,10.604977440715562,10.719537505041997,63000
2013-01-25,10.791546821594238,10.860283426830495,10.758815907489286,10.85701052271065,56700
2013-01-28,10.7719087600708,10.840644430765868,10.752269461898909,10.811186419961308,49200
2013-01-29,10.631162643432617,10.72935725275325,10.631162643432617,10.72935725275325,132300
2013-01-30,10.572247505187988,10.683533739445302,10.572247505187988,10.640983175550051,308700
2013-01-31,10.608250617980957,10.650802115496557,10.562427152941433,10.562427152941433,63900
2013-02-01,10.735901832580566,10.78499819517183,10.7064428912821,10.729356025482968,89400
2013-02-04,10.588611602783203,10.739177363626993,10.588611602783203,10.706444577172368,73500
2013-02-05,10.719537734985352,10.735903191253557,10.601704764238505,10.618069284053501,258900
2013-02-06,10.77845573425293,10.77845573425293,10.673714369196638,10.673714369196638,93900
2013-02-07,10.781728744506836,10.811187695239626,10.70972016110681,10.7915483947511,137100
2013-02-08,10.87992000579834,10.899559300206866,10.830822706230128,10.830822706230128,48900
2013-02-11,10.857009887695312,10.879921151647421,10.798092934717834,10.86682859948056,57300
2013-02-12,10.902833938598633,10.935565789003281,10.879921736960705,10.889741385727424,68400
2013-02-13,10.915925979614258,10.942111084128838,10.863554834131893,10.876648322842387,171000
2013-02-14,11.023941040039062,11.03375975260641,10.93229223111762,10.93229223111762,26700
2013-02-15,10.958477020263672,11.053398730626027,10.922472265865995,11.040305241342102,35100
2013-02-19,11.066492080688477,11.066492080688477,10.95520490538394,10.95520490538394,49800
2013-02-20,10.932290077209473,11.197413993357957,10.883192778232912,11.197413993357957,69600
2013-02-21,10.712990760803223,10.883193937119884,10.654074744920203,10.883193937119884,69600
2013-02-22,10.821005821228027,10.857010576083075,10.735903758520937,10.765361768650859,70200
2013-02-25,10.598430633544922,10.87337422442388,10.595157729671563,10.860282608930445,37200
2013-02-26,10.683531761169434,10.712989766376522,10.59188390550608,10.637707365111206,28500
2013-02-27,10.788272857666016,10.840643064251847,10.640981885756656,10.640981885756656,80400
2013-02-28,10.798091888427734,10.853734995632013,10.755540395668596,10.755540395668596,243900
2013-03-01,10.817731857299805,10.824276728477226,10.69989795541756,10.735902706745293,54600
2013-03-04,10.77845573425293,10.876649417841586,10.693353667786349,10.81773339497905,44400
2013-03-05,10.896288871765137,10.945385246032718,10.788274600888512,10.788274600888512,54900
2013-03-06,10.95520305633545,10.95520305633545,10.912651561412348,10.932290856985034,54300
2013-03-07,11.010846138000488,11.010846138000488,10.922471181057407,10.955203028109832,133200
2013-03-08,11.079583168029785,11.079583168029785,10.991208200170163,11.027212955439381,64500
2013-03-11,11.030487060546875,11.089404024352241,10.99775614234096,11.089404024352241,40800
2013-03-12,10.978117942810059,11.043580716653805,10.961751547009085,11.014122702537465,35400
2013-03-13,11.046849250793457,11.066488543403427,10.98466034258559,10.987932309416566,83700
2013-03-14,11.151594161987305,11.151594161987305,11.069764991589683,11.069764991589683,31800
2013-03-15,11.053635597229004,11.128985626560953,11.050358775453354,11.128985626560953,43800
2013-03-18,10.978285789489746,11.033980517883087,10.866898207315261,11.01104651225656,22800
2013-03-19,10.94224739074707,11.040530488684304,10.850516061929508,11.004493883914066,80100
2013-03-20,11.017599105834961,11.050359828264703,10.984838383405219,10.984838383405219,51900
2013-03-21,10.984840393066406,11.02415382955809,10.902936697395704,11.014325236108604,83400
2013-03-22,10.997941017150879,11.027426789677603,10.961903475600002,10.98811336361465,100500
2013-03-25,11.007770538330078,11.089673281890185,10.965181224155554,11.024151836886974,33900
2013-03-26,11.073294639587402,11.243651908310683,10.991390952939785,11.056913339874184,45000
2013-03-27,11.040529251098633,11.060186430866228,10.94224616417842,10.978283702215064,40500
2013-03-28,11.148642539978027,11.148642539978027,11.01432190689144,11.033979087848783,27900
2013-04-01,10.945524215698242,11.148643118055661,10.893105376195976,11.138814527067359,42600
2013-04-02,10.866898536682129,10.988114714283062,10.817756513736354,10.98483882936831,125100
2013-04-03,10.70964241027832,10.86034434340822,10.693262050639941,10.85379163716927,120600
2013-04-04,10.748958587646484,10.75223353535981,10.660503130977343,10.706368333168577,13500
2013-04-05,10.660502433776855,10.696539041246677,10.568770160781396,10.634292543416656,89400
2013-04-08,10.706368446350098,10.706368446350098,10.61136121863763,10.696539853881589,24900
2013-04-09,10.729301452636719,10.784995247450642,10.696539790371599,10.771890770005827,29100
2013-04-10,10.955354690551758,10.955354690551758,10.781720579139781,10.781720579139781,30900
2013-04-11,10.9094877243042,11.01104671661104,10.9094877243042,10.975010108359958,33000
2013-04-12,10.837413787841797,10.853794151274423,10.755510096066235,10.84724238082386,25800
2013-04-15,10.463932991027832,10.778441324180472,10.463932991027832,10.778441324180472,58200
2013-04-16,10.581872940063477,10.634289895815428,10.5130737524457,10.568767529493162,24900
2013-04-17,10.411515235900879,10.558940345419083,10.36565004202441,10.558940345419083,63000
2013-04-18,10.264091491699219,10.418070279223858,10.234606650642215,10.418070279223858,79800
2013-04-19,10.349268913269043,10.375478801017293,10.208396507621465,10.244433111500053,45300
2013-04-22,10.359097480773926,10.372201955965654,10.178910712561166,10.359097480773926,60900
2013-04-23,10.562215805053711,10.59497651969696,10.467207670515382,10.529454153104595,21900
2013-04-24,10.657225608825684,10.670330085349244,10.575322864879958,10.614636294450637,19800
2013-04-25,10.732576370239258,10.827584526129774,10.686710234663687,10.686710234663687,24600
2013-04-26,10.716193199157715,10.794820042998293,10.66050035640303,10.794820042998293,38700
2013-04-29,10.814478874206543,10.834135119515647,10.69653859043375,10.729300249023664,20100
2013-04-30,10.866898536682129,11.106055006969243,10.768614490790581,10.847241352581369,54900
2013-05-01,10.663776397705078,10.8701721001544,10.663776397705078,10.8701721001544,43800
2013-05-02,10.814478874206543,10.814478874206543,10.657225162509485,10.67032963848424,46500
2013-05-03,11.076566696166992,11.145364944342543,10.84723795250738,10.945521967591738,78300
2013-05-06,11.119155883789062,11.151918474315027,11.089671052005139,11.089671052005139,44100
2013-05-07,11.178128242492676,11.197785424977106,11.083121026634059,11.125710338942259,51900
2013-05-08,11.240375518798828,11.240375518798828,11.135538775844992,11.191233500574914,38400
2013-05-09,11.256752967834473,11.260029789165877,11.16829753800402,11.260029789165877,30600
2013-05-10,11.3648681640625,11.3648681640625,11.230548441602132,11.230548441602132,52500
2013-05-13,11.302620887756348,11.338658429675927,11.263307461291175,11.332105723278723,73800
2013-05-14,11.407456398010254,11.430389463851096,11.315725071952887,11.368142972557097,35700
2013-05-15,11.427114486694336,11.47953239146049,11.364867053151938,11.364867053151938,33900
2013-05-16,11.450044631958008,11.833351197086277,11.433664273884961,11.833351197086277,73800
2013-05-17,11.666269302368164,11.68592648254434,11.443493238438483,11.492634314267047,181800
2013-05-20,11.715414047241211,11.761280186809822,11.66299613762346,11.66299613762346,98400
2013-05-21,11.712136268615723,11.794039004825004,11.672822842758546,11.69903085602399,20100
2013-05-22,11.459877014160156,11.748175535798865,11.410734986372459,11.748175535798865,38700
2013-05-23,11.502466201782227,11.522123387593554,11.332107986410952,11.332107986410952,67800
2013-05-24,11.531949043273926,11.551606225676222,11.39107663105033,11.459874894846278,110400
2013-05-28,11.718688011169434,11.777657681169165,11.640061159632454,11.767830027706546,53100
2013-05-29,11.656440734863281,11.689202389451735,11.538500465495542,11.656440734863281,224700
2013-05-30,11.771108627319336,11.813697944007734,11.666271872130276,11.666271872130276,76800
2013-05-31,11.761277198791504,11.820246863476822,11.7252396607583,11.774380735560756,32700
2013-06-03,11.754725456237793,11.810420178600127,11.594195869990234,11.699030733875459,70500
2013-06-04,11.705585479736328,11.823525776626896,11.623682730111085,11.797316821762326,53400
2013-06-05,11.531949043273926,11.669546508171866,11.531949043273926,11.669546508171866,73500
2013-06-06,11.623680114746094,11.62695599904054,11.489358548308328,11.61712740885125,61200
2013-06-07,11.721966743469238,11.73834616857654,11.626958579397634,11.712138151098701,166200
2013-06-10,11.754725456237793,11.790762997223775,11.715412030791084,11.738344159322166,35400
2013-06-11,11.656440734863281,11.761277467162769,11.57781388861812,11.705582748092992,48300
2013-06-12,11.50574016571045,11.72851623815539,11.469702625547272,11.72851623815539,25800
2013-06-13,11.715414047241211,11.715414047241211,11.489361109035041,11.50246558643948,124200
2013-06-14,11.620405197143555,11.682652632772955,11.56143552095756,11.682652632772955,18300
2013-06-17,11.721966743469238,11.751451583274696,11.65316753418163,11.712138151098701,24300
2013-06-18,11.843181610107422,11.89559951385562,11.741621687268777,11.741621687268777,27000
2013-06-19,12.223212242126465,12.223212242126465,11.738344762106289,11.905427063161262,62700
2013-06-20,11.466425895690918,11.626955466436723,11.43694106377963,11.626955466436723,46800
2013-06-21,11.548331260681152,11.567988444648824,11.39107753816426,11.535226783804745,58800
2013-06-24,11.486084938049316,11.492635770094633,11.345210649322015,11.492635770094633,189300
2013-06-25,11.47952938079834,11.486082085828608,11.397626660407841,11.42383466861144,124500
2013-06-26,11.47952938079834,11.597469635590755,11.456596319151135,11.548327628434125,60600
2013-06-27,11.689203262329102,11.689203262329102,11.52212096725498,11.52212096725498,64800
2013-06-28,11.67609977722168,11.731794505173843,11.617129164480005,11.659718478661937,60000
2013-07-01,11.816974639892578,11.862840785654885,11.70231115009938,11.70231115009938,34800
2013-07-02,11.777656555175781,11.898873642685931,11.728515480642766,11.820246798666009,49800
2013-07-03,11.853013038635254,11.918535434004557,11.761281685118231,11.81697454954929,32100
2013-07-05,12.052852630615234,12.124927713367061,11.951292712785847,12.121650891564881,205500
2013-07-08,12.065958023071289,12.298562711488524,12.023367772159627,12.105271451931692,90600
2013-07-09,12.115097999572754,12.157687305993228,12.049575629192827,12.079060461537313,148800
2013-07-10,12.213384628295898,12.216660513186996,12.098720221352396,12.098720221352396,278100
2013-07-11,12.308390617370605,12.354256753965187,12.252697763645655,12.314943324301018,107400
2013-07-12,12.377188682556152,12.436158352969361,12.311666305815915,12.311666305815915,111900
2013-07-15,12.465643882751465,12.46892070450418,12.383741147747477,12.429606341919552,202800
2013-07-16,12.459095001220703,12.491855727892114,12.426333337243081,12.459095001220703,257400
2013-07-17,12.498404502868652,12.560650051419422,12.468919670680823,12.495127681387626,144300
2013-07-18,12.534443855285645,12.590138585019629,12.514786671307505,12.5409965623804,63900
2013-07-19,12.49513053894043,12.501683246095128,12.439436746003082,12.468922522240028,39900
2013-07-22,12.537718772888184,12.573755375863605,12.485299936011433,12.573755375863605,98700
2013-07-23,12.544269561767578,12.629449110569146,12.531165087898561,12.606516046971889,157800
2013-07-24,12.47219467163086,12.69497166801087,12.47219467163086,12.590135875505416,86100
2013-07-25,12.61307144165039,12.62290003420446,12.452541824927367,12.465646302564066,59400
2013-07-26,12.485301971435547,12.658936995050171,12.40995193149806,12.658936995050171,77700
2013-07-29,12.38046646118164,12.50168263319262,12.357532455917617,12.50168263319262,67200
2013-07-30,12.468921661376953,12.537719926567684,12.44271177187384,12.455816247972365,67200
2013-07-31,12.534443855285645,12.626176130775471,12.514786671307505,12.514786671307505,78600
2013-08-01,12.691695213317871,12.731008636643613,12.5901362393725,12.619621072540319,397200
2013-08-02,12.67859172821045,12.6851444345957,12.606517581808815,12.672039959131219,124500
2013-08-05,12.776877403259277,12.783430110485824,12.672041586083651,12.678593356004058,394500
2013-08-06,12.711352348327637,12.819464027761605,12.662210335019127,12.819464027761605,92700
2013-08-07,12.67859172821045,12.734286451914008,12.62289794181291,12.734286451914008,58500
2013-08-08,12.737563133239746,12.770323855297253,12.678592521307722,12.704802411182238,64800
2013-08-09,12.717907905578613,12.760497225724047,12.632729265287747,12.721183790826826,88500
2013-08-12,12.87515926361084,12.884986916822179,12.645830483838612,12.645830483838612,98700
2013-08-13,12.914474487304688,12.930854848911281,12.812914558192812,12.894817303531887,100200
2013-08-14,12.858776092529297,12.983269054785131,12.858776092529297,12.953784224837218,104100
2013-08-15,12.668763160705566,12.81291238041637,12.613068441019657,12.783427547074739,536400
2013-08-16,12.645832061767578,12.701525852805148,12.449264913423718,12.665489245255014,192600
2013-08-19,12.508235931396484,12.649108355955873,12.508235931396484,12.649108355955873,34500
2013-08-20,12.63272762298584,12.65566069135439,12.501682857031415,12.55082487859085,27600
2013-08-21,12.603240966796875,12.649107100328283,12.50823468975275,12.626174970868615,24600
2013-08-22,12.721182823181152,12.976720599228537,12.59669075746264,12.59669075746264,45600
2013-08-23,12.753945350646973,12.80308643727443,12.701526504426623,12.740839936112275,93000
2013-08-26,12.770323753356934,12.83584707156106,12.734287146842556,12.793257758303842,48300
2013-08-27,12.429605484008789,12.678590493588136,12.409949241379174,12.672038725146905,494700
2013-08-28,12.511510848999023,12.547549332241262,12.40012326358611,12.41322774053505,72000
2013-08-29,12.691695213317871,12.714629215223654,12.527889751446923,12.527889751446923,61800
2013-08-30,12.49513053894043,12.727735240074928,12.47875017701288,12.698250401144112,51600
2013-09-03,12.557374954223633,12.73100901136318,12.468920452116638,12.629450034428562,51000
2013-09-04,12.724456787109375,12.724456787109375,12.51806108163605,12.51806108163605,51900
2013-09-05,12.757220268249512,12.809638177040155,12.73101131385419,12.744116728357994,73800
2013-09-06,12.704802513122559,12.812914209008309,12.613070241090911,12.783429371458755,74400
2013-09-09,12.871885299682617,12.891541546343973,12.731011001629984,12.731011001629984,118200
2013-09-10,13.055344581604004,13.055344581604004,12.947232902048066,12.970165966592036,104700
2013-09-11,13.048792839050293,13.114315211230792,13.035688364614193,13.09138214664113,93600
2013-09-12,13.006200790405273,13.09138033107988,13.006200790405273,13.09138033107988,90000
2013-09-13,13.058622360229492,13.07827954193809,12.934129375557735,12.996375867893613,35700
2013-09-16,13.052070617675781,13.219152925312425,13.022585780241691,13.173286789476213,69600
2013-09-17,13.150354385375977,13.150354385375977,13.052070346231584,13.065174822297099,19800
2013-09-18,13.2551908493042,13.30105604914828,13.09138442173281,13.183115758727077,86700
2013-09-19,13.271573066711426,13.304334731729403,13.22898374576367,13.291229315877219,53100
2013-09-20,13.284675598144531,13.379681875341694,13.281398776239842,13.287951482743184,146100
2013-09-23,13.366578102111816,13.799025792635648,13.245361938336943,13.376405755735115,79500
2013-09-24,13.415719032287598,13.497621768736327,13.235533199561596,13.35347347747793,77400
2013-09-25,13.369853019714355,13.46813610998143,13.337091364754697,13.415718211890736,97800
2013-09-26,13.428825378417969,13.458310217678163,13.333818153409487,13.409169131346552,96900
2013-09-27,13.350198745727539,13.402617592536208,13.297780836225026,13.350198745727539,82500
2013-09-30,13.350198745727539,13.376407700478795,13.140527107717492,13.301056721242395,74100
2013-10-01,13.438652992248535,13.500899488504286,13.373130611270396,13.373130611270396,82500
2013-10-02,13.432098388671875,13.46158321956431,13.379679557643504,13.379679557643504,194400
2013-10-03,13.281401634216309,13.494349175848761,13.189670284572427,13.461588448200494,56400
2013-10-04,13.412444114685059,13.471414726547417,13.261742168941536,13.33054043502589,96000
2013-10-07,13.291226387023926,13.396063129595897,13.265018373013476,13.396063129595897,81300
2013-10-08,13.055344581604004,13.343643955929743,13.006202568240052,13.27156887802182,103200
2013-10-09,13.006200790405273,13.09138033107988,12.881708769180312,13.052066913223712,121800
2013-10-10,13.350198745727539,13.369855930444059,13.04224399605336,13.055347536122833,107700
2013-10-11,13.494345664978027,13.530384143166096,13.291225832102704,13.291225832102704,66900
2013-10-14,13.661428451538086,13.674532927123607,13.451757779475763,13.46813720232513,221400
2013-10-15,13.500899314880371,13.694190570606644,13.477966247506428,13.694190570606644,90600
2013-10-16,13.60901165008545,13.645048255399281,13.556592809807247,13.556592809807247,462900
2013-10-17,13.658154487609863,13.6614303726404,13.517281120929052,13.612289285263879,109500
2013-10-18,13.808855056762695,13.83506400898125,13.681086180370723,13.733504084807834,172200
2013-10-21,13.84161376953125,13.943174616271074,13.828509295323842,13.83506200108051,141900
2013-10-22,13.857999801635742,13.96611151647063,13.825238136267025,13.92679808041192,99000
2013-10-23,13.733505249023438,13.874378613466792,13.64832661574541,13.874378613466792,59400
2013-10-24,13.785921096801758,13.831786291562075,13.713846014213539,13.769540737052074,62100
2013-10-25,13.766264915466309,13.861272127215805,13.707294307869581,13.78919704429825,110100
2013-10-28,13.73022747039795,13.913690126177498,13.690914044159475,13.913690126177498,118800
2013-10-29,13.861271858215332,13.884204923908229,13.776093238935989,13.799025367322894,93300
2013-10-30,13.618840217590332,13.877653865205499,13.609012563103253,13.861273503754262,143700
2013-10-31,13.68436050415039,13.740054286935532,13.582800591561512,13.609010478096474,385500
2013-11-01,13.494345664978027,13.66470384142256,13.435375995630995,13.66470384142256,198900
2013-11-04,13.674532890319824,13.690914187737159,13.523831890144933,13.553316725806495,123000
2013-11-05,13.71056842803955,13.7138443121217,13.61228534443383,13.687636302158612,38100
2013-11-06,13.762986183166504,13.828508550675243,13.7040155837557,13.795747835573813,173400
2013-11-07,13.471412658691406,13.799024515121571,13.471412658691406,13.799024515121571,76800
2013-11-08,13.654879570007324,13.713849253959527,13.405894481229318,13.45503557208741,93300
2013-11-11,13.717122077941895,13.72039796224959,13.595904985497588,13.6483238209505,82200
2013-11-12,13.71056842803955,13.726949723062077,13.641770175784957,13.671255007136086,93900
2013-11-13,13.82523250579834,13.864545925846253,13.654874352257382,13.664702004289959,57900
2013-11-14,13.82523250579834,13.85144145249695,13.759710139051817,13.85144145249695,125700
2013-11-15,13.838339805603027,13.86782464233472,13.749884358101893,13.84161569028298,117600
2013-11-18,13.844893455505371,13.979214109595128,13.805580024749386,13.89731136318002,87900
2013-11-19,13.697465896606445,13.903860668512086,13.677808716059646,13.848166885806087,54600
2013-11-20,13.661428451538086,13.759712487082515,13.605734664626125,13.756436602512641,46800
2013-11-21,13.920242309570312,13.923519131500566,13.694190336297096,13.697467158227349,71700
2013-11-22,13.949727058410645,14.015250374320624,13.897310092833528,13.926794928878794,36900
2013-11-25,13.995593070983887,14.044735088838133,13.907137626307453,14.011974368472655,30300
2013-11-26,14.11681079864502,14.146296575005026,13.94645259689156,14.00542321230544,52500
2013-11-27,14.21837043762207,14.21837043762207,14.1364667601147,14.149571236039153,45600
2013-11-29,14.244579315185547,14.30682675123058,14.231474838467147,14.231474838467147,30300
2013-12-02,13.995593070983887,14.257683520437848,13.972660941650465,14.257683520437848,90600
2013-12-03,13.975935935974121,14.08732350288871,13.93006980561684,13.969383229934808,36300
2013-12-04,13.916964530944824,14.064390566643137,13.766263548374042,13.98248783834802,266700
2013-12-05,13.995593070983887,14.057839564445528,13.92024210191485,13.92024210191485,50100
2013-12-06,14.120087623596191,14.169229646899492,14.038183938988649,14.038183938988649,50400
2013-12-09,14.025079727172852,14.152847669410386,13.992318067438498,14.152847669410386,75600
2013-12-10,13.969385147094727,14.057840598276282,13.953004785707357,14.057840598276282,48600
2013-12-11,13.802301406860352,13.943175687040878,13.759712096742101,13.943175687040878,41100
2013-12-12,13.749883651733398,13.802301553144028,13.687638096787785,13.792472962303032,55800
2013-12-13,13.77937126159668,13.808856100745162,13.694191691793565,13.74988548514206,32100
2013-12-16,13.930071830749512,13.998870098981252,13.802302948814779,13.802302948814779,97500
2013-12-17,14.01197338104248,14.01197338104248,13.933346532938971,13.959554545000843,42000
2013-12-18,14.113532066345215,14.152845489587728,13.903860475718481,14.018524861168963,90600
2013-12-19,14.051289558410645,14.113535122376652,14.011976126655517,14.10370746741748,65400
2013-12-20,14.33804702758789,14.383980761399032,14.088688985988325,14.088688985988325,94500
2013-12-23,14.502097129821777,14.502097129821777,14.383980608653129,14.436477778990307,102600
2013-12-24,14.551312446594238,14.5874038401819,14.515221991713236,14.515221991713236,46800
2013-12-26,14.551312446594238,14.646462569571405,14.518502771483027,14.57428072110274,60300
2013-12-27,14.518503189086914,14.600528317930939,14.479131014596978,14.544751305413536,120000
2013-12-30,14.502097129821777,14.580841477267542,14.485693230820576,14.534908682650846,41400
2013-12-31,14.610374450683594,14.64646585236061,14.531630086319305,14.531630086319305,77700
2014-01-02,14.420074462890625,14.548034283998826,14.315081981716066,14.548034283998826,158100
2014-01-03,14.485696792602539,14.52506897600636,14.400389925874146,14.413513987008752,41400
2014-01-06,14.380699157714844,14.511939730666205,14.37085681877346,14.511939730666205,109200
2014-01-07,14.508662223815918,14.584125804962333,14.393826461902702,14.423355362801095,145800
2014-01-08,14.5611572265625,14.597248623872911,14.498817710973018,14.55459566634611,74400
2014-01-09,14.492256164550781,14.633340035111765,14.4528839870947,14.597248637767,67200
2014-01-10,14.518503189086914,14.525065687521911,14.406949164052108,14.508659910787758,35100
2014-01-13,14.26258373260498,14.50866006038094,14.206806719512482,14.50866006038094,149400
2014-01-14,14.554595947265625,14.557876727437142,14.282271480187417,14.282271480187417,174000
2014-01-15,14.741616249084473,14.758020151890998,14.587407359513643,14.587407359513643,111000
2014-01-16,14.695680618286133,14.728490299196187,14.63990265880812,14.705522959335054,84000
2014-01-17,14.600530624389648,14.685837485280516,14.548034383443525,14.646465304570922,82800
2014-01-21,14.666150093078613,14.702242430063908,14.548033557654477,14.636621193899273,113400
2014-01-22,14.813796997070312,14.81707777738404,14.666150618470853,14.666150618470853,94800
2014-01-23,14.72192668914795,14.794108540326173,14.613653443027266,14.794108540326173,79800
2014-01-24,14.351171493530273,14.62021516049387,14.275707922938528,14.62021516049387,456600
2014-01-27,14.167434692382812,14.361014788983296,14.069003784763117,14.361014788983296,145200
2014-01-28,14.249460220336914,14.249460220336914,13.950886728887614,14.187119771752993,70800
2014-01-29,14.065723419189453,14.239617902612734,14.049317641631742,14.173996669795349,132000
2014-01-30,14.357735633850098,14.377421254377746,14.128064115884408,14.128064115884408,77400
2014-01-31,14.164153099060059,14.256020564126361,14.075565475030906,14.075565475030906,79500
2014-02-03,13.731060981750488,14.167436690299777,13.64903583963788,14.167436690299777,163800
2014-02-04,13.836054801940918,13.88855010589382,13.747467157775846,13.799963400435614,168600
2014-02-05,13.73762035369873,13.806521419838822,13.573569168115071,13.77371080723944,76800
2014-02-06,13.990259170532227,14.013226507038278,13.770430961202932,13.773711741073313,54300
2014-02-07,14.11493968963623,14.118220469854556,13.970574095548443,14.009946274288716,68700
2014-02-10,14.078845977783203,14.088688316820962,13.970571800008168,14.072284418424697,93600
2014-02-11,14.16087532043457,14.223213903604806,14.069005958485068,14.069005958485068,120900
2014-02-12,14.249460220336914,14.285550675633568,14.173995713816026,14.210088046526018,82800
2014-02-13,14.469291687011719,14.469291687011719,14.121504520077055,14.216652794357113,54900
2014-02-14,14.479132652282715,14.485695151459975,14.3150814373327,14.47585187204748,84900
2014-02-18,14.67599105834961,14.695677613836294,14.479130197015916,14.479130197015916,119400
2014-02-19,14.58740234375,14.71536212871177,14.551310953864734,14.679270738826505,101400
2014-02-20,14.797391891479492,14.813797671208338,14.590687702999121,14.597250202632031,74700
2014-02-21,14.748175621032715,14.84332575889805,14.735052499900178,14.807234359663157,74100
2014-02-24,14.925349235534668,14.97128390920865,14.830200046975751,14.863010662272409,74700
2014-02-25,14.840044021606445,14.935193214628969,14.823639182541887,14.928631654485844,93000
2014-02-26,15.013936996459961,15.11564868445649,14.899102188677258,14.899102188677258,116700
2014-02-27,15.102526664733887,15.112369944609023,14.968005281698746,15.027064022242731,102600
2014-02-28,15.030343055725098,15.191112540603887,14.964721823322261,15.08612007069011,78900
2014-03-03,14.912224769592285,14.961440221838817,14.731769675866122,14.948317102526861,87600
2014-03-04,15.420783042907715,15.486402393663182,15.076275819201522,15.076275819201522,40500
2014-03-05,15.443751335144043,15.45031383424881,15.361726197928526,15.44047149365183,63900
2014-03-06,15.407658576965332,15.469999027484763,15.387972958802031,15.469999027484763,96300
2014-03-07,15.381412506103516,15.47000014098146,15.345321108381869,15.43718952340539,141000
2014-03-10,15.315790176391602,15.404376860802346,15.246888170241057,15.365004688162024,82200
2014-03-11,15.112367630004883,15.397816131716827,15.092681073269794,15.365005516727242,52200
2014-03-12,15.187832832336426,15.187832832336426,14.977847877691127,15.08612113525341,555000
2014-03-13,14.94831657409668,15.214078504902465,14.853166452795206,15.1911111695051,108900
2014-03-14,15.030343055725098,15.069715231942764,14.892539969609903,14.918788087088346,93000
2014-03-17,15.11893081665039,15.200955954890622,15.063153797743578,15.063153797743578,57900
2014-03-18,15.378131866455078,15.387975146289355,15.132055502839137,15.132055502839137,86100
2014-03-19,15.250168800354004,15.39781515033685,15.204235068744204,15.387971872596667,34500
2014-03-20,15.305949211120605,15.345321389709643,15.161583617587347,15.223924073736804,111300
2014-03-21,15.245218276977539,15.448751696926989,15.212391002851309,15.310874703650356,44400
2014-03-24,15.01870346069336,15.297738980362574,14.884109039423075,15.245214603050254,49800
2014-03-25,15.015423774719238,15.264914614353941,14.985879041670293,15.107341452479393,69000
2014-03-26,14.700275421142578,15.156581207533035,14.700275421142578,15.100773349334203,90600
2014-03-27,14.637900352478027,14.788909341593852,14.568962344099646,14.677293634295664,96900
2014-03-28,14.5985107421875,14.86769964445727,14.5985107421875,14.644470052138475,37800
2014-03-31,14.890676498413086,14.95304943731502,14.62805458641551,14.654316777615268,156000
2014-04-01,15.090922355651855,15.104054387750377,14.956329827555276,14.956329827555276,81900
2014-04-02,15.176278114318848,15.18940920996355,15.104057557878003,15.123753731740035,30300
2014-04-03,15.064666748046875,15.202543744592576,15.012141417621208,15.15001841416691,49200
2014-04-04,14.680580139160156,15.159865636369693,14.572248826627428,15.133603443076296,83400
2014-04-07,14.404827117919922,14.591945010441181,14.326040537994116,14.568965356493626,130800
2014-04-08,14.562400817871094,14.608359188260621,14.352302324399895,14.404827652175308,106800
2014-04-09,14.788911819458008,14.788911819458008,14.506591843647696,14.568964785111943,66900
2014-04-10,14.32932186126709,14.739669301296583,14.240686731570236,14.73638582300408,106200
2014-04-11,14.083115577697754,14.319475330858317,14.024025169802528,14.26366746251,126300
2014-04-14,14.073265075683594,14.230838222689226,13.958367754522811,14.227555683595787,60000
2014-04-15,14.145486831665039,14.188163600339939,13.807361796108562,14.129074134805649,271200
2014-04-16,14.319475173950195,14.319475173950195,14.129074733373393,14.234122572194616,35700
2014-04-17,14.460633277893066,14.50987418333073,14.25381828174065,14.25381828174065,55200
2014-04-21,14.47704792022705,14.509875192802664,14.335889333257724,14.45735174452371,57300
2014-04-22,14.670732498168945,14.749520022180118,14.46720001782795,14.490179673197451,81000
2014-04-23,14.624773025512695,14.736386875972062,14.575531178917043,14.69042850790353,82200
2014-04-24,14.628053665161133,14.769213168772312,14.513156351095756,14.756081134789428,72900
2014-04-25,14.227557182312012,14.585380279070883,14.214426085344993,14.585380279070883,42300
2014-04-28,14.060135841369629,14.289930514111235,13.856603363272196,14.263667380256896,85500
2014-04-29,14.109375953674316,14.198011084486245,14.063416649101445,14.119224510255652,39600
2014-04-30,14.16846752166748,14.184880218638968,13.925541761497044,14.040439093188603,138000
2014-05-01,14.142204284667969,14.375282424937945,14.017458396502649,14.138921745297859,96600
2014-05-02,14.161900520324707,14.326039688374092,14.161900520324707,14.175031616200256,57300
2014-05-05,14.125789642333984,14.175031486218268,13.961651414999773,14.04700306780315,50400
2014-05-06,13.810643196105957,14.06998352613813,13.810643196105957,14.063417508279416,130200
2014-05-07,13.79751205444336,13.889429723436843,13.623524333726738,13.87958116695646,153300
2014-05-08,13.6957426071167,14.03715101163507,13.6629144063081,13.761398069524079,90300
2014-05-09,13.79094409942627,13.836903397070751,13.584129138445912,13.705592459814955,52800
2014-05-12,14.240686416625977,14.322755527132834,13.853318637160772,13.853318637160772,72600
2014-05-13,14.043720245361328,14.270231407765525,14.017457115170805,14.270231407765525,31500
2014-05-14,13.735137939453125,14.050285145367031,13.715441767389107,14.050285145367031,32700
2014-05-15,13.692463874816895,13.699029892938047,13.469236164480357,13.653070583720421,95400
2014-05-16,13.79751205444336,13.80407807183363,13.587414525315399,13.715442941930261,24000
2014-05-19,14.027305603027344,14.066698889305526,13.777814789932188,13.797511902676295,68400
2014-05-20,13.771248817443848,14.004326936027706,13.699028261970428,14.004326936027706,111000
2014-05-21,13.813925743103027,13.892712316833991,13.702310960712472,13.840187934346682,58200
2014-05-22,13.932106018066406,13.991196419727112,13.846754363591034,13.859884520393331,70800
2014-05-23,14.15205192565918,14.171749039024705,13.945236931371465,13.945236931371465,75600
2014-05-27,14.368715286254883,14.444219321138924,14.230838312153153,14.250535425257706,94200
2014-05-28,14.326038360595703,14.371996722295538,14.243968314572468,14.322754882523592,21600
2014-05-29,14.342452049255371,14.404825927220136,14.312907319027884,14.404825927220136,43200
2014-05-30,14.253814697265625,14.3424488682902,14.188159233982699,14.3424488682902,51900
2014-06-02,14.096244812011719,14.26366652766344,14.02074171133045,14.26366652766344,72300
2014-06-03,14.056851387023926,14.115941790477265,13.951803554948178,14.079831979755332,39000
2014-06-04,14.099528312683105,14.125790505798708,13.971500825652127,14.017458254789265,29400
2014-06-05,14.434371948242188,14.473765238471598,14.053570142691228,14.14548688068306,87900
2014-06-06,14.578815460205078,14.660885527407462,14.49674633221291,14.49674633221291,47700
2014-06-09,14.739667892456055,14.828303013681026,14.62477058266146,14.62477058266146,62700
2014-06-10,14.752802848815918,14.788914543864102,14.667451177791994,14.713409553140972,59100
2014-06-11,14.82174015045166,14.854567423543147,14.723256452756905,14.723256452756905,24300
2014-06-12,14.710126876831055,14.838154374004882,14.680581202827693,14.716691016814826,224100
2014-06-13,14.923505783081055,14.923505783081055,14.775781172436167,14.815174464555483,31500
2014-06-16,14.90380859375,14.920222229548354,14.831588032711185,14.920222229548354,43500
2014-06-17,15.127037048339844,15.166430337298667,14.946485178352804,14.946485178352804,116700
2014-06-18,15.1336030960083,15.1336030960083,14.982595018429373,15.081077771415986,74700
2014-06-19,15.120471954345703,15.18940997515073,15.01870572317013,15.159865243264303,38100
2014-06-20,15.16642951965332,15.189409171776289,15.087642945983175,15.156581902352084,54900
2014-06-23,15.215673446655273,15.225522004515229,15.166431596565676,15.182846172735657,32700
2014-06-24,15.064666748046875,15.376529616481061,15.054818189891424,15.22880500099011,35400
2014-06-25,15.146738052368164,15.163151692180458,15.015427055449154,15.044971794953348,36900
2014-06-26,15.159863471984863,15.202540234401226,15.048248696818193,15.202540234401226,15300
2014-06-27,15.24850082397461,15.264915400255896,15.150018062337775,15.150018062337775,17700
2014-06-30,15.396222114562988,15.396222114562988,15.212386800451833,15.248496604173372,31200
2014-07-01,15.678543090820312,15.734350951232617,15.42576879744997,15.42576879744997,53400
2014-07-02,15.56364631652832,15.691674737248327,15.56364631652832,15.61617070049447,43500
2014-07-03,15.701523780822754,15.701523780822754,15.619454658224772,15.619454658224772,21600
2014-07-07,15.422487258911133,15.639150818826144,15.40607362323563,15.639150818826144,21000
2014-07-08,15.146738052368164,15.389663866273503,15.054820354524857,15.389663866273503,222000
2014-07-09,15.146738052368164,15.245220830452256,15.110627293412852,15.176282791872358,38400
2014-07-10,14.966180801391602,15.084360663910525,14.821738747201806,14.89067676553533,600600
2014-07-11,14.946484565734863,14.989160392221894,14.910373817533506,14.933352530743411,22800
2014-07-14,15.044966697692871,15.100773617673388,14.995725794938895,15.077794905405538,75900
2014-07-15,14.82174015045166,15.058099897866892,14.739671028512797,15.058099897866892,49200
2014-07-16,14.808608055114746,14.903808267714723,14.756082731130869,14.903808267714723,258000
2014-07-17,14.657600402832031,14.788912307770993,14.628055670345567,14.746235539501534,45000
2014-07-18,14.864415168762207,14.87754626512317,14.57553104882101,14.614924337903899,57300
2014-07-21,14.880825996398926,14.884108535067227,14.779060723212138,14.831585098744643,48900
2014-07-22,15.100772857666016,15.143449619465605,14.985876484479345,15.008855195590698,45000
2014-07-23,14.926786422729492,15.113905229113518,14.877544582143695,15.113905229113518,65100
2014-07-24,14.93663501739502,15.081076122190337,14.874262081772045,14.93663501739502,90300
2014-07-25,14.77906322479248,14.877545975980663,14.746235014923034,14.877545975980663,51600
2014-07-28,14.765931129455566,14.821738992085768,14.585379263142798,14.785628243139184,76500
2014-07-29,14.90380859375,14.972746615471168,14.815173457702725,14.815173457702725,35700
2014-07-30,14.972745895385742,15.025271217992557,14.848000954423481,14.903807876980018,65100
2014-07-31,14.664166450500488,14.913657285891917,14.634620778743917,14.893960171387537,674700
2014-08-01,14.654318809509277,14.70684319919156,14.523007835303572,14.595228401511624,76200
2014-08-04,14.8283052444458,14.8283052444458,14.582096954763598,14.696993342633215,42300
2014-08-05,14.893961906433105,14.95961739707927,14.752802366741298,14.752802366741298,77400
2014-08-06,14.907092094421387,14.982595194890008,14.746235457886247,14.756083075853823,20700
2014-08-07,14.752802848815918,14.98588102223883,14.749521248189156,14.916942050399985,28500
2014-08-08,14.913655281066895,14.913655281066895,14.782344332723381,14.782344332723381,15900
2014-08-11,15.08436107635498,15.153300035783529,14.933353000513495,14.933353000513495,51000
2014-08-12,14.94320011138916,15.077794538765199,14.90380682661788,15.06794598276988,20400
2014-08-13,14.976027488708496,15.048248037183534,14.95633131701892,14.969461472005342,23100
2014-08-14,15.01870346069336,15.051530726908585,14.949765450273427,14.979310177709118,17700
2014-08-15,15.005572319030762,15.182842561505627,14.867696298625821,15.08764142351989,32100
2014-08-18,15.19925594329834,15.22551813143751,15.100772268171488,15.100772268171488,38100
2014-08-19,15.301026344299316,15.337136158464755,15.232088316371438,15.232088316371438,28500
2014-08-20,15.222237586975098,15.278044509279567,15.15329956888075,15.255064856844765,38700
2014-08-21,15.264913558959961,15.297740829142464,15.048250006757195,15.179560965907337,87000
2014-08-22,15.327284812927246,15.363396498945633,15.235368085213251,15.235368085213251,19800
2014-08-25,15.225519180297852,15.412637048877185,15.176277339342239,15.376526302895735,29700
2014-08-26,15.396222114562988,15.422484302293155,15.264911175912165,15.264911175912165,43500
2014-08-27,15.330572128295898,15.396227621103337,15.287895353563373,15.366682884142554,42300
2014-08-28,15.245218276977539,15.320723261572297,15.225522100343836,15.284612508665301,50700
2014-08-29,15.435617446899414,15.445466003409162,15.245216090954466,15.28461031699346,71700
2014-09-02,15.586627006530762,15.586627006530762,15.44875095904967,15.501274407300931,58200
2014-09-03,15.38637638092041,15.612888496038387,15.38637638092041,15.612888496038387,87600
2014-09-04,15.389660835266113,15.599758388957632,15.389660835266113,15.488144533164087,21900
2014-09-05,15.409356117248535,15.429053231369338,15.291176250154008,15.386376463844298,37200
2014-09-08,15.442182540893555,15.540665282471814,15.392940700499432,15.392940700499432,26100
2014-09-09,15.255064010620117,15.471727548739443,15.232085298670041,15.471727548739443,62100
2014-09-10,15.274763107299805,15.274763107299805,15.15330069700339,15.235369816997444,18000
2014-09-11,15.419203758239746,15.448749427665614,15.232085881259447,15.232085881259447,15000
2014-09-12,15.284611701965332,15.369963361556936,15.25506602975889,15.360115743364917,13200
2014-09-15,15.097490310668945,15.294456729295389,15.051531010051123,15.274760557037729,21900
2014-09-16,15.140167236328125,15.156581810150417,14.94976682072189,15.028553393912755,28500
2014-09-17,15.150015830993652,15.238650960859454,15.110622544298856,15.110622544298856,29100
2014-09-18,15.337132453918457,15.350264487619661,15.222236081527575,15.228801159168214,50700
2014-09-19,15.153298377990723,15.41591933393899,15.05809723658837,15.40278917839106,61800
2014-09-22,14.93663501739502,15.087642139250121,14.913655366500768,15.087642139250121,433800
2014-09-23,14.82174015045166,14.966182218316524,14.808609053373036,14.900526732923405,86100
2014-09-24,14.959614753723145,14.99900804115007,14.834868873932853,14.834868873932853,63600
2014-09-25,14.700275421142578,14.939917670267565,14.670729752963195,14.939917670267565,76800
2014-09-26,14.80532455444336,14.815173111376188,14.726537977400891,14.726537977400891,21300
2014-09-29,14.825021743774414,14.870981050221515,14.644468935663816,14.670731128144991,54300
2014-09-30,14.71997356414795,14.834869956453081,14.71997356414795,14.802042684140222,153300
2014-10-01,14.460633277893066,14.647751160502363,14.427805068391223,14.647751160502363,73800
2014-10-02,14.651034355163574,14.733103468513708,14.385128962741465,14.417957171607549,47100
2014-10-03,14.77906322479248,14.880828515204584,14.762648650252718,14.762648650252718,25200
2014-10-06,14.516443252563477,14.802044884507444,14.129076309953836,14.779066166156639,87900
2014-10-07,14.23412036895752,14.434370275491657,14.230837829954668,14.365432260381716,40200
2014-10-08,14.463915824890137,14.463915824890137,14.024022729784592,14.20457552239291,37800
2014-10-09,14.099528312683105,14.44422030173297,14.099528312683105,14.434371744512092,28500
2014-10-10,13.715444564819336,13.991197604428445,13.672767794757931,13.951804313055716,123600
2014-10-13,13.613678932189941,13.89271548213672,13.54802437833218,13.63009350986464,122100
2014-10-14,13.751553535461426,13.948519980264328,13.676050436027884,13.676050436027884,48000
2014-10-15,13.98791217803955,14.037154020201484,13.50862766934612,13.610392953481425,88500
2014-10-16,14.07654857635498,14.109376787162022,13.784381914459791,13.784381914459791,106200
2014-10-17,14.073265075683594,14.234120761782666,14.0010445195777,14.211142048918543,37800
2014-10-20,14.122506141662598,14.132354697610923,14.024022460599321,14.05028558953152,138000
2014-10-21,14.4310884475708,14.447503022882202,14.24725403265826,14.24725403265826,46800
2014-10-22,14.214424133300781,14.516439322066951,14.214424133300781,14.447501307259785,107400
2014-10-23,14.565680503845215,14.6411845324186,14.339169357335024,14.339169357335024,54600
2014-10-24,14.5985107421875,14.654318609872279,14.54270475292304,14.588662184453696,18600
2014-10-27,14.588664054870605,14.611644652002603,14.444222905903395,14.4967473016043,45600
2014-10-28,15.238652229309082,15.238652229309082,14.687145230465019,14.687145230465019,86700
2014-10-29,15.218955039978027,15.353549484468632,15.133603381725559,15.278045444253678,93900
2014-10-30,15.396222114562988,15.438898874031945,15.176276057520377,15.218951877779416,36900
2014-10-31,15.7737455368042,15.78031061589599,15.56036543895828,15.56036543895828,107400
2014-11-03,15.698238372802734,15.85909404911219,15.698238372802734,15.740914196050348,29400
2014-11-04,15.750763893127441,15.859095198147202,15.668694779579749,15.701522049314805,59700
2014-11-05,15.783594131469727,15.878794352993951,15.71137262603054,15.845967079038083,52200
2014-11-06,15.809852600097656,15.822984633637125,15.731066034120554,15.773741855888996,40200
2014-11-07,15.780309677124023,15.783593155684756,15.665413286171523,15.783593155684756,24300
2014-11-10,15.882076263427734,15.882076263427734,15.74748182371118,15.74748182371118,366300
2014-11-11,15.888638496398926,15.94444634935464,15.800003378607999,15.94444634935464,473100
2014-11-12,15.967427253723145,15.983840888396747,15.813137585055216,15.862378489076024,74700
2014-11-13,15.829553604125977,16.026519128298098,15.790159372239332,15.957581100916839,92100
2014-11-14,15.954301834106445,15.990412592477512,15.74748584329222,15.868948278674546,135600
2014-11-17,15.69167423248291,15.9739923176144,15.69167423248291,15.9608621612553,148800
2014-11-18,15.839399337768555,15.901774160670916,15.7803098718877,15.819704101421772,77100
2014-11-19,15.557079315185547,15.783590458238859,15.494705442922955,15.783590458238859,67800
2014-11-20,15.717935562133789,15.717935562133789,15.425767997326364,15.425767997326364,71400
2014-11-21,15.701523780822754,15.937883530136258,15.701523780822754,15.937883530136258,55500
2014-11-24,15.967427253723145,15.967427253723145,15.754047185336189,15.754047185336189,178800
2014-11-25,15.954301834106445,16.036370031840104,15.944453274694279,15.977280553787743,45600
2014-11-26,16.105304718017578,16.108588196611933,16.00353942263551,16.00353942263551,51000
2014-11-28,16.06262969970703,16.14141628416882,16.0462160627467,16.09217537328783,32700
2014-12-01,15.770461082458496,16.01010429947732,15.757330925087171,16.01010429947732,77400
2014-12-02,15.977277755737305,15.996974871112146,15.85581534162631,15.859096941908575,31500
2014-12-03,16.210351943969727,16.223483978672846,15.960862068811133,15.960862068811133,36600
2014-12-04,16.180809020996094,16.23004992732872,16.131566236243295,16.180809020996094,28200
2014-12-05,16.344955444335938,16.35152052611936,16.27930086965951,16.27930086965951,29400
2014-12-08,16.042930603027344,16.413884720037036,15.996971303542448,16.348228309570057,484800
2014-12-09,16.32525062561035,16.33838078147747,15.829550612436465,15.852529324413926,260700
2014-12-10,16.013381958007812,16.30554945516486,15.990403251749433,16.27600379418734,54000
2014-12-11,16.01667022705078,16.29242420908612,16.0068216692902,16.01338862674414,56100
2014-12-12,15.76717758178711,15.928032321508029,15.744197930736979,15.875509819933441,30000
2014-12-15,15.668697357177734,15.95101643155071,15.635870082042386,15.95101643155071,45000
2014-12-16,15.603038787841797,15.770459548563565,15.603038787841797,15.74748083618863,28500
2014-12-17,15.977277755737305,15.990409792127302,15.534102051904956,15.5899099193269,32700
2014-12-18,16.289140701293945,16.335098127567875,16.151262787211845,16.190657013641047,58200
2014-12-19,16.329225540161133,16.358794361494077,16.263513497177257,16.29636857866343,42000
2014-12-22,16.490211486816406,16.503354643368386,16.388360013585096,16.440928879771118,73500
2014-12-23,16.552642822265625,16.654496209793162,16.49678955814883,16.588784164935564,37800
2014-12-24,16.615062713623047,16.674204097021303,16.51320936222222,16.63149024900781,34800
2014-12-26,16.726774215698242,16.782629350478604,16.631493364610947,16.631493364610947,30300
2014-12-29,16.66106605529785,16.812202059248495,16.63478161461128,16.812202059248495,107100
2014-12-30,16.578927993774414,16.68077950577242,16.54935917029714,16.66435384384968,54900
2014-12-31,16.50006675720215,16.74648352815202,16.50006675720215,16.592061323950883,27600
2015-01-02,16.279945373535156,16.58221746774021,16.099238617212993,16.506650384194963,83700
2015-01-05,15.977666854858398,16.240513111094593,15.931670499027492,16.132089100897584,79200
2015-01-06,15.68525505065918,15.990812388401881,15.550547522840482,15.987526128206813,73500
2015-01-07,15.83639144897461,15.83639144897461,15.691826085601523,15.810107008362365,76500
2015-01-08,16.132095336914062,16.16495042663981,15.892249045889706,15.892249045889706,54000
2015-01-09,16.013811111450195,16.14523142808509,15.94481281320092,16.14523142808509,48000
2015-01-12,15.905386924743652,15.994097141536132,15.75424999020221,15.994097141536132,90600
2015-01-13,15.934957504272461,16.31608092762432,15.81010594972146,16.07952097795412,51000
2015-01-14,15.872530937194824,15.967813679588673,15.721395873416506,15.773963814725958,59100
2015-01-15,15.589974403381348,15.89224548516063,15.547261480299499,15.88238858444899,325800
2015-01-16,15.872530937194824,15.872530937194824,15.606401210538078,15.606401210538078,87900
2015-01-20,15.931672096252441,16.07952183770018,15.76082229457211,16.07952183770018,130800
2015-01-21,15.819961547851562,15.990811346645181,15.72468068852897,15.990811346645181,41700
2015-01-22,16.06637954711914,16.092665868810915,15.770680048219647,16.017096923973078,39300
2015-01-23,16.178089141845703,16.233942403018403,16.10252020024222,16.174802881771992,52800
2015-01-26,16.260231018066406,16.276656680718336,16.06638112660446,16.132093177270917,51900
2015-01-27,16.08938217163086,16.1813786721724,15.961244323020273,16.1288079004259,42000
2015-01-28,16.04994773864746,16.24708193884002,16.003951387945452,16.24708193884002,32400
2015-01-29,16.145231246948242,16.171517565993984,15.91524381540606,16.040093490810772,103800
2015-01-30,15.957951545715332,16.24379403911651,15.957951545715332,16.164940743004713,71100
2015-02-02,15.98423957824707,15.98423957824707,15.70168140019674,15.83967422947293,54300
2015-02-03,16.391647338867188,16.41793365669572,16.164944297694877,16.164944297694877,35700
2015-02-04,16.394935607910156,16.50993027245539,16.322652925051177,16.322652925051177,30000
2015-02-05,16.582210540771484,16.582210540771484,16.473786532270683,16.52635540669327,26100
2015-02-06,16.50664710998535,16.667638148215357,16.460648864771784,16.618355522636882,78900
2015-02-09,16.4442195892334,16.55264362248486,16.4277939272394,16.50664725687364,42600
2015-02-10,16.605213165283203,16.605213165283203,16.391651350744347,16.588785622628176,50400
2015-02-11,16.62163734436035,16.65120804316248,16.559211566896767,16.611780444759642,72300
2015-02-12,16.881196975708008,16.881196975708008,16.677492108549135,16.677492108549135,32400
2015-02-13,17.01262092590332,17.029048466564106,16.868055560069962,16.881198720605504,50100
2015-02-17,16.966625213623047,17.09804743851478,16.966625213623047,17.09804743851478,82500
2015-02-18,17.04218864440918,17.088184998204586,16.920623360786255,17.088184998204586,103200
2015-02-19,17.0684757232666,17.114472084182776,16.996193041810493,17.061903203125876,60000
2015-02-20,17.091474533081055,17.14404341607369,16.95348168522828,17.134186515511125,46800
2015-02-23,17.04218864440918,17.05861618219485,16.917337101224646,17.05532992263324,33600
2015-02-24,17.163759231567383,17.163759231567383,17.00605068406898,17.12761788526689,37500
2015-02-25,17.157188415527344,17.226184846847932,17.068478180968942,17.226184846847932,99600
2015-02-26,17.255752563476562,17.29518016742003,17.21632683954473,17.21632683954473,25200
2015-02-27,17.1407527923584,17.259033688986815,17.1407527923584,17.176894125216773,31500
2015-03-02,17.301748275756836,17.305034535608353,17.16704170202638,17.180182981409732,78000
2015-03-03,17.173608779907227,17.27874840473457,17.12761242655853,17.27874840473457,37500
2015-03-04,17.150619506835938,17.173617695449604,17.032340422519717,17.144048864376625,104400
2015-03-05,17.173608779907227,17.186751938014833,17.081614193198664,17.186751938014833,27000
2015-03-06,16.969911575317383,17.167045853834956,16.96662531467109,17.107904442272595,81300
2015-03-09,17.055334091186523,17.084902914423274,16.950196319652186,16.97319450217095,96300
2015-03-10,16.77606201171875,17.029049537830595,16.77606201171875,17.029049537830595,50100
2015-03-11,16.87791633605957,16.89105949961311,16.726780295259594,16.89105949961311,56700
2015-03-12,17.121042251586914,17.121042251586914,16.891052958564742,16.98633380738565,60600
2015-03-13,17.127620697021484,17.232758492605843,16.907488202515225,17.232758492605843,77700
2015-03-16,17.28203582763672,17.29517898805885,17.140756723159203,17.183468704510997,87300
2015-03-17,17.2623233795166,17.26560963988249,17.176899410120022,17.176899410120022,104100
2015-03-18,17.429885864257812,17.479170366651907,17.183468992321952,17.20646905344304,281400
2015-03-19,17.531736373901367,17.544877652376865,17.393743549852523,17.544877652376865,61800
2015-03-20,17.666440963745117,17.709154814044414,17.479165546328122,17.479165546328122,38100
2015-03-23,17.70587158203125,17.76501109869473,17.66973024406709,17.758440459067973,46800
2015-03-24,17.633583068847656,17.75186394303136,17.627012431395983,17.75186394303136,55800
2015-03-25,17.10133171081543,17.745299597906598,17.10133171081543,17.745299597906598,67500
2015-03-26,17.025760650634766,17.101329586782818,16.900910977019084,17.05861760896543,64200
2015-03-27,17.20975112915039,17.2130373888738,16.966620549934,17.098042738701142,38100
2015-03-30,17.38389015197754,17.403603953672224,17.272179862382057,17.32475062690509,32700
2015-03-31,17.32146453857422,17.42002978800292,17.199899226936186,17.42002978800292,44400
2015-04-01,17.213037490844727,17.291890804572144,16.99947760784003,17.13418417711731,51000
2015-04-02,17.239322662353516,17.374031117374454,17.193324424052296,17.295177800291523,37500
2015-04-06,17.285322189331055,17.32146353068994,17.245896467855964,17.24918084797217,44100
2015-04-07,17.22947120666504,17.3543228014982,17.22947120666504,17.3543228014982,56400
2015-04-08,17.331315994262695,17.39374364741074,17.153897453781028,17.153897453781028,33900
2015-04-09,17.34774398803711,17.42988167225337,17.249176886966513,17.42988167225337,78900
2015-04-10,17.459457397460938,17.459457397460938,17.380604069885358,17.433172954935745,33300
2015-04-13,17.370744705200195,17.541594497387702,17.370744705200195,17.541594497387702,24900
2015-04-14,17.370744705200195,17.492311879647204,17.28532074911212,17.492311879647204,41400
2015-04-15,17.54817008972168,17.584311438269463,17.387177151647347,17.423318500195133,39300
2015-04-16,17.51531219482422,17.597449901076207,17.498882773562233,17.498882773562233,72000
2015-04-17,17.19004249572754,17.48902826730806,17.11447354773874,17.48902826730806,90300
2015-04-20,17.410175323486328,17.462744210199684,17.272180585855004,17.272180585855004,24300
2015-04-21,17.443031311035156,17.475886396929614,17.374034878652086,17.475886396929614,27000
2015-04-22,17.452884674072266,17.475882853532937,17.265607338424868,17.452884674072266,32400
2015-04-23,17.528453826904297,17.567881430704233,17.364176531098355,17.492314363436524,32400
2015-04-24,17.288612365722656,17.554741215995428,17.265612299641592,17.554741215995428,70200
2015-04-27,17.245899200439453,17.48574358744369,17.183471528190264,17.377319546187433,43200
2015-04-28,17.38389015197754,17.39374705282488,17.13747327082879,17.301750564924088,22800
2015-04-29,17.27546501159668,17.439742295126486,17.23603929075458,17.351032073217404,43200
2015-04-30,16.900917053222656,17.186759721387073,16.864775702073356,17.186759721387073,67500
2015-05-01,17.13418960571289,17.13418960571289,16.923914035818534,16.986339830632406,59700
2015-05-04,17.117753982543945,17.226177977101003,17.075042012569924,17.137467777919955,49500
2015-05-05,16.77934455871582,17.117757896678352,16.723491299060427,17.117757896678352,138300
2015-05-06,16.756349563598633,16.897628689598232,16.726778858152745,16.897628689598232,27600
2015-05-07,17.01262092590332,17.045476007224895,16.805629777552056,16.805629777552056,35700
2015-05-08,17.1407527923584,17.229462994826942,17.08818392274823,17.229462994826942,34800
2015-05-11,17.176897048950195,17.291891705797422,17.140755709940088,17.150612609671153,39900
2015-05-12,17.127620697021484,17.190046498151208,16.92063136696931,17.12105005480048,61200
2015-05-13,17.199899673461914,17.275466742654704,17.13418762545854,17.21961159585242,27900
2015-05-14,17.38389015197754,17.390460792538565,17.23604039929061,17.242611039851635,51000
2015-05-15,17.337890625,17.436457746167722,17.301749284571454,17.436457746167722,42000
2015-05-18,17.54817008972168,17.54817008972168,17.351035803099563,17.36089270543186,21600
2015-05-19,17.581022262573242,17.610592964667333,17.5120258376986,17.610592964667333,33000
2015-05-20,17.531736373901367,17.57773272857683,17.47259686073918,17.57773272857683,30900
2015-05-21,17.564590454101562,17.590874889573325,17.48245276825926,17.48245276825926,50100
2015-05-22,17.50545310974121,17.5810201660661,17.469311771495416,17.551451347509616,22500
2015-05-26,17.29189109802246,17.42988392938441,17.229465321927453,17.42988392938441,30900
2015-05-27,17.551450729370117,17.551450729370117,17.265606293315493,17.370744044505404,35700
2015-05-28,17.561309814453125,17.56788045471754,17.50216841203883,17.50216841203883,36900
2015-05-29,17.498882293701172,17.52845299514794,17.337891265855077,17.475884112583596,20700
2015-06-01,17.544878005981445,17.581019342534304,17.324747486996106,17.489024751318063,29100
2015-06-02,17.498882293701172,17.604021938841395,17.436458390666107,17.49231353339505,28500
2015-06-03,17.755151748657227,17.77158116547351,17.61058829676477,17.62044519485011,61200
2015-06-04,17.541597366333008,17.72230220761398,17.485742219749525,17.719017827234264,53700
2015-06-05,17.673017501831055,17.673017501831055,17.410173101805373,17.505453961813252,45300
2015-06-08,17.472599029541016,17.643446950996477,17.459455869422886,17.623733150825014,25200
2015-06-09,17.416749954223633,17.472605114156487,17.295184610851766,17.44303440360166,33000
2015-06-10,17.73544692993164,17.75515885397963,17.47260247584017,17.475886856508918,35400
2015-06-11,17.623733520507812,17.781442045176227,17.610592240125488,17.781442045176227,43200
2015-06-12,17.620450973510742,17.64673541702132,17.515313199468427,17.515313199468427,24000
2015-06-15,17.73215675354004,17.781441252806314,17.50545369694942,17.692731034138436,28200
2015-06-16,17.81100845336914,17.870147967101587,17.676300007634605,17.676300007634605,190200
2015-06-17,17.781444549560547,17.942435596981685,17.774872028432192,17.93257869530092,49500
2015-06-18,17.98185920715332,18.008143645789602,17.804438776355575,17.804438776355575,46200
2015-06-19,17.962146759033203,18.02785880057152,17.8898640773445,18.018001900340195,41100
2015-06-22,17.96871566772461,17.998286365569154,17.886577973730834,17.9818588267704,23100
2015-06-23,18.040998458862305,18.057425997767062,17.935860705862797,18.024570919957547,54900
2015-06-24,17.86358070373535,18.126425125565515,17.847153162372415,18.126425125565515,35700
2015-06-25,17.77157974243164,17.935856977340435,17.712438358655294,17.932570718238107,48900
2015-06-26,17.56787872314453,17.768297331541376,17.51530984618761,17.768297331541376,39000
2015-06-29,17.13418960571289,17.594168354862738,17.107905159476097,17.594168354862738,77100
2015-06-30,17.173608779907227,17.3576017133467,17.137469325136443,17.219607013267094,116400
2015-07-01,17.196611404418945,17.34117488512205,17.081616743853672,17.34117488512205,54000
2015-07-02,17.127620697021484,17.186760237034665,17.055337992554218,17.150618884801034,17700
2015-07-06,16.976482391357422,17.12761842244181,16.894342794460904,16.943627304603545,37200
2015-07-07,16.90419578552246,16.910768305362076,16.592066893539524,16.841770007125874,56400
2015-07-08,16.6413516998291,16.8253427784994,16.569069020348625,16.8253427784994,41100
2015-07-09,16.572359085083008,16.828632902070236,16.555931541431654,16.828632902070236,183600
2015-07-10,16.77606201171875,16.77606201171875,16.628212256459186,16.628212256459186,53700
2015-07-13,16.871341705322266,16.937051867517965,16.818772823561105,16.937051867517965,29400
2015-07-14,16.99947738647461,17.012618665252408,16.871339578329096,16.871339578329096,32700
2015-07-15,16.87462615966797,17.04876032686613,16.85491236111425,17.04876032686613,30300
2015-07-16,16.99619483947754,17.05862062733674,16.92391215037618,16.986337938235383,60600
2015-07-17,16.93048095703125,17.071760059510506,16.85819827576066,17.071760059510506,103200
2015-07-20,16.799057006835938,17.01261876836534,16.792486367407214,17.01261876836534,66900
2015-07-21,16.782629013061523,16.933764995890574,16.74320329754725,16.910766818508183,39000
2015-07-22,16.67092514038086,16.838486826707637,16.618356252118257,16.838486826707637,93000
2015-07-23,16.687349319458008,16.9567643474976,16.684063059599573,16.78263017522769,50400
2015-07-24,16.50664710998535,16.772775920125422,16.48036078699618,16.749777737524465,40500
2015-07-27,16.371938705444336,16.509931561669482,16.34236800196252,16.46064893587812,117600
2015-07-28,16.532926559448242,16.559210997475837,16.23065646213654,16.54606971846769,67200
2015-07-29,16.592065811157227,16.60520896996767,16.490214320424194,16.549355715054283,34800
2015-07-30,16.756349563598633,16.79249091025079,16.565787808534346,16.565787808534346,32100
2015-07-31,16.77934455871582,16.904196117964354,16.749775738901622,16.828629058425207,35700
2015-08-03,16.618358612060547,16.776065299243992,16.55921719435775,16.743210209417107,45600
2015-08-04,16.585500717163086,16.75306427895733,16.542786851597835,16.75306427895733,75600
2015-08-05,16.8351993560791,16.937050853388538,16.736632238675888,16.736632238675888,24900
2015-08-06,16.624921798706055,16.910766216048838,16.57892356556877,16.910766216048838,22800
2015-08-07,16.73662757873535,16.776055166723463,16.572350348810257,16.572350348810257,27900
2015-08-10,16.923908233642578,17.009332184622526,16.75634471132884,16.75634471132884,99600
2015-08-11,16.687349319458008,16.881197290855813,16.670921780188547,16.828628413188998,46200
2015-08-12,16.667634963989258,16.726774479387597,16.444216301356988,16.641350526033186,38400
2015-08-13,16.651206970214844,16.769485997779128,16.611779374352583,16.769485997779128,41700
2015-08-14,16.75963020324707,16.762916463122565,16.57892539033354,16.59863918956378,24300
2015-08-17,16.914052963256836,16.917339223230655,16.670922365514198,16.785917024449304,36300
2015-08-18,16.710350036621094,16.927196219931325,16.70049313555995,16.927196219931325,26700
2015-08-19,16.608497619628906,16.71363538519665,16.486932313192646,16.65120960188936,44100
2015-08-20,16.31279754638672,16.54607315737226,16.309513165957714,16.506647432142348,5811600
2015-08-21,16.07295036315918,16.30951031319608,16.003953946066506,16.109089821627094,172500
2015-08-24,15.514404296875,16.007237985644895,12.948384359484567,15.225275475198321,262200
2015-08-25,15.274558067321777,15.823245917894914,15.274558067321777,15.823245917894914,102300
2015-08-26,15.718113899230957,15.744398345483694,15.392843641851869,15.478267622170288,90300
2015-08-27,15.967818260192871,16.056528507861543,15.691830614111215,15.852821684314486,99000
2015-08-28,16.092666625976562,16.132092350346092,15.954671890654074,15.987526974297293,100800
2015-08-31,16.095945358276367,16.181371177789178,16.01709205719523,16.089374719855687,415800
2015-09-01,15.695112228393555,15.980955770036681,15.63597176391307,15.790394035611792,269100
2015-09-02,15.76739501953125,15.810107943055641,15.698398593846479,15.78053724061434,159000
2015-09-03,16.033523559570312,16.125520040261573,15.94809959893661,15.94809959893661,123900
2015-09-04,15.813393592834473,16.003957223846616,15.770681605886919,16.003957223846616,136500
2015-09-08,16.181373596191406,16.197799254692523,16.01709445104497,16.036808249264343,79800
2015-09-09,16.07952117919922,16.34236557101132,16.07952117919922,16.34236557101132,77700
2015-09-10,16.122234344482422,16.20765830810581,16.056524181698745,16.15508942587426,24900
2015-09-11,16.145231246948242,16.15837440647111,15.964526433591232,16.010524671904218,61500
2015-09-14,16.04994773864746,16.22736814281855,16.04994773864746,16.22736814281855,34800
2015-09-15,16.273372650146484,16.289800193163433,16.13209352418659,16.13209352418659,48600
2015-09-16,16.35222625732422,16.381796963254917,16.260231638892858,16.365367539952203,43800
2015-09-17,16.388362884521484,16.55592640984481,16.329223369704806,16.411361062502614,74700
2015-09-18,16.102519989013672,16.312795510697228,16.09266496894478,16.217514649935797,69300
2015-09-21,16.151805877685547,16.362081417442578,16.145233357059425,16.240516106021996,58800
2015-09-22,15.931672096252441,16.059808037504094,15.895530755896766,16.059808037504094,60000
2015-09-23,15.849532127380371,15.984240585406802,15.803533888052879,15.911957906465233,63900
2015-09-24,15.852815628051758,15.862672527361754,15.668825500963896,15.83310370944308,60300
2015-09-25,15.964526176452637,16.082807090207844,15.898814139919446,15.971096816102554,26400
2015-09-28,15.731250762939453,15.92838404267441,15.691824106992463,15.892242706388261,64200
2015-09-29,15.609686851501465,15.701682390154264,15.537404172557126,15.63925661106701,192600
2015-09-30,15.944815635681152,15.948101896183303,15.773965809792202,15.875819205229835,59700
2015-10-01,15.708253860473633,15.895530256423172,15.573545403381821,15.895530256423172,38700
2015-10-02,15.964526176452637,15.964526176452637,15.520976039890474,15.540689838851565,59100
2015-10-05,16.45407485961914,16.45407485961914,16.076235790902523,16.076235790902523,54900
2015-10-06,16.447505950927734,16.51978864020718,16.36208197996749,16.460649112620217,48900
2015-10-07,16.753063201904297,16.756347582113147,16.52635824698456,16.598640931741244,64500
2015-10-08,16.848344802856445,16.90419995520234,16.716922573817744,16.776063986894055,33300
2015-10-09,16.8319149017334,16.94690767818196,16.8319149017334,16.91076821930496,609300
2015-10-12,16.9107723236084,16.9239136063874,16.785920737148665,16.85163091106736,46800
2015-10-13,16.733348846435547,16.946908753401,16.710348785677457,16.84834163017998,105300
2015-10-14,16.647920608520508,16.818770389524413,16.621636171443846,16.71034638157898,81300
2015-10-15,16.94691276550293,16.94691276550293,16.628215019654597,16.68078203380443,63600
2015-10-16,16.858196258544922,16.897623854524323,16.75634476895022,16.864768777882325,83700
2015-10-19,16.87791633605957,16.90748704404607,16.746494100583927,16.8384887254109,51300
2015-10-20,16.80891227722168,16.848337989984998,16.730058971683945,16.80891227722168,51600
2015-10-21,16.50992774963379,16.835197892784333,16.50992774963379,16.835197892784333,84900
2015-10-22,16.77277374267578,16.8154857219679,16.608496465395774,16.608496465395774,45600
2015-10-23,17.058618545532227,17.08490110562159,16.871341204809625,16.98962212526902,63900
2015-10-26,16.900917053222656,17.02248239071828,16.8516325380136,17.02248239071828,62400
2015-10-27,16.713632583618164,16.914051180635592,16.670920608517193,16.914051180635592,48900
2015-10-28,17.16703987121582,17.16703987121582,16.756343914098135,16.805626526546902,78300
2015-10-29,17.002763748168945,17.130899691239946,16.89105534549078,17.081617070061444,61500
2015-10-30,17.02247428894043,17.05532936343454,16.940334722694015,16.940334722694015,60300
2015-11-02,17.236042022705078,17.30832283570751,17.0093370418867,17.0093370418867,39600
2015-11-03,17.485734939575195,17.571160754079123,17.23931815314373,17.23931815314373,74700
2015-11-04,17.452884674072266,17.571165591326256,17.37403135590674,17.571165591326256,88800
2015-11-05,17.449596405029297,17.56459104911517,17.39045689321722,17.51202217639084,76200
2015-11-06,17.778154373168945,17.80443881185764,17.446313569725604,17.55145132448038,71400
2015-11-09,17.581022262573242,17.781442776747244,17.528453378858128,17.748585814416614,67200
2015-11-10,17.518598556518555,17.558026163988263,17.364178147289735,17.558026163988263,162600
2015-11-11,17.50216293334961,17.623728200239633,17.469307862300614,17.61387318293368,33000
2015-11-12,17.176897048950195,17.416743262375718,17.176897048950195,17.344460584355506,50700
2015-11-13,16.99619483947754,17.186756583461413,16.99619483947754,17.176899682219258,65100
2015-11-16,17.199899673461914,17.21961159585242,16.95676716386227,16.95676716386227,44100
2015-11-17,17.206464767456055,17.377312653168033,17.19989412877738,17.242606100205375,54600
2015-11-18,17.495594024658203,17.5317353583892,17.167039521667338,17.2130358736785,147000
2015-11-19,17.498882293701172,17.56130995675931,17.413460209548532,17.515311714512624,103200
2015-11-20,17.610593795776367,17.689447125070416,17.512026664155886,17.56459555035192,96300
2015-11-23,17.544878005981445,17.604019400346814,17.469310953196274,17.55802116473306,50700
2015-11-24,17.56787872314453,17.56787872314453,17.328032517024326,17.45288406979985,53100
2015-11-25,17.71573257446289,17.725589476186,17.58759473207424,17.58759473207424,39900
2015-11-27,17.80115509033203,17.85043959490804,17.70587422150058,17.71901738272472,22500
2015-11-30,17.81758689880371,17.919438421885996,17.81758689880371,17.86029888848376,39000
2015-12-01,17.94243621826172,17.978577565672047,17.837298436708704,17.93915183759558,67200
2015-12-02,17.93257713317871,18.054144323310492,17.90300831072394,17.939149653734525,56100
2015-12-03,17.72887420654297,18.02457371266663,17.68944660305362,17.99171674975497,51300
2015-12-04,17.91943359375,17.949002412478286,17.794582039086634,17.8405802771223,103800
2015-12-07,17.702585220336914,17.922717626662777,17.643445704013775,17.909576347484894,77700
2015-12-08,17.604022979736328,17.679590047886396,17.443030062359473,17.535026552292432,53700
2015-12-09,17.308317184448242,17.62044603872887,17.25903457167238,17.56459090690729,52200
2015-12-10,17.400314331054688,17.508736459401412,17.245893967645987,17.298460961988077,70500
2015-12-11,17.0651912689209,17.28203745622295,17.0651912689209,17.16047214091708,66600
2015-12-14,16.966625213623047,17.088190536646426,16.871344335578016,17.088190536646426,97800
2015-12-15,17.13418960571289,17.190044758970537,17.00276737452892,17.06519316934279,65400
2015-12-16,17.37403678894043,17.40360749750383,17.196616297584,17.364179886085964,56700
2015-12-17,17.27546501159668,17.52516813697209,17.27546501159668,17.52188187689713,63300
2015-12-18,17.086605072021484,17.237959886627397,16.97802595852448,17.237959886627397,94500
2015-12-21,17.14911460876465,17.18859927677455,17.050404821472497,17.089889489482395,210900
2015-12-22,17.29060173034668,17.313635085635653,17.080021811893097,17.188602788370595,34500
2015-12-23,17.49131202697754,17.540667876438988,17.412344550572367,17.412344550572367,100200
2015-12-24,17.613054275512695,17.688732621224396,17.514346336688607,17.514346336688607,76500
2015-12-28,17.50446891784668,17.56698505309273,17.389307814260018,17.56698505309273,81600
2015-12-29,17.685436248779297,17.685436248779297,17.517630185623517,17.672274066015863,36600
2015-12-30,17.48472785949707,17.685438463327927,17.478147708657634,17.606469122323844,56400
2015-12-31,17.214921951293945,17.455113447653552,17.18859946657422,17.38930817722055,202500
2016-01-04,16.78719139099121,16.938546250049452,16.625965358218966,16.938546250049452,146700
2016-01-05,16.737825393676758,16.83653517724632,16.632535459931233,16.760856860658894,82800
2016-01-06,16.48447608947754,16.59634620301168,16.412088770183026,16.471313902908978,95100
2016-01-07,16.027118682861328,16.31995514063142,15.984342998973554,16.23769855484547,158700
2016-01-08,15.730990409851074,16.17518256668718,15.717828226366427,16.0863439470467,104400
2016-01-11,15.87247371673584,15.875762850694361,15.648732591418371,15.783635093400557,125400
2016-01-12,15.96131420135498,16.086346491942905,15.727701881454584,15.921829527387056,94200
2016-01-13,15.57305908203125,16.142282733485057,15.477640284326254,15.990929817254033,304800
2016-01-14,15.865896224975586,15.99750867368922,15.461186768473052,15.536864161825013,109800
2016-01-15,15.582928657531738,15.635573635895483,15.29009025935856,15.61912137413196,122100
2016-01-19,15.454606056213379,15.783637166064173,15.303251274998788,15.701379623943087,156900
2016-01-20,15.582928657531738,15.684928538453109,15.007123029970202,15.257187618564455,417000
2016-01-21,15.596087455749512,15.783634926410388,15.513829925300541,15.62570001609253,87300
2016-01-22,15.941573143005371,15.948155177683207,15.790219293243178,15.80996069044411,70200
2016-01-25,15.704668045043945,15.885634430370283,15.691506802036592,15.865893977908785,51600
2016-01-26,16.056734085083008,16.089636727152254,15.783638013895649,15.806669486797519,48300
2016-01-27,15.760604858398438,16.066603538986755,15.71454003477955,15.987636076811292,82800
2016-01-28,15.790217399597168,15.96460270161949,15.763894912241646,15.85602361798597,81900
2016-01-29,16.37589454650879,16.412088204909445,15.823122267061692,15.823122267061692,50700
2016-02-01,16.385761260986328,16.428535059450173,16.171890385934667,16.33311629630276,443100
2016-02-02,16.040281295776367,16.313377341965456,15.994216471456232,16.237700895586748,98400
2016-02-03,16.13570213317871,16.16860477642553,15.87576635642286,16.086348168308486,135300
2016-02-04,16.27060317993164,16.34957064158767,16.129119575789655,16.254151860761567,42900
2016-02-05,15.737570762634277,16.211375513330246,15.737570762634277,16.211375513330246,40500
2016-02-08,15.497379302978516,15.635572834786048,15.352605619895892,15.592799027398696,147600
2016-02-09,15.286800384521484,15.724412478948057,15.286800384521484,15.408541663246506,193800
2016-02-10,15.507248878479004,15.79679527353798,15.507248878479004,15.589506409167337,264600
2016-02-11,15.372344970703125,15.500667317165876,15.2275722482404,15.313119851638037,292500
2016-02-12,15.619119644165039,15.655313298122936,15.398669527708671,15.517120715907494,94200
2016-02-16,16.132410049438477,16.13899208383924,15.842862665992264,15.842862665992264,107400
2016-02-17,16.323244094848633,16.379178189569753,16.26730811739518,16.26730811739518,82500
2016-02-18,16.23111343383789,16.444984281657707,16.23111343383789,16.323243051669635,111300
2016-02-19,16.458147048950195,16.49105156467364,16.2475671854361,16.29363200126293,165600
2016-02-22,16.55356788635254,16.652277669187036,16.514083220125734,16.514083220125734,52800
2016-02-23,16.550277709960938,16.64240734734467,16.468019239634934,16.468019239634934,211500
2016-02-24,16.74770164489746,16.75757281452455,16.267314764288994,16.267314764288994,94800
2016-02-25,16.82337760925293,16.849700099910258,16.672022817290042,16.734538967942825,60300
2016-02-26,16.925378799438477,16.97802378187966,16.895765290790404,16.954990425353465,45000
2016-02-29,17.010923385620117,17.172149321562443,16.879310953034363,16.879310953034363,46500
2016-03-01,17.36956787109375,17.379439039357795,17.086600656633884,17.149116800484283,129600
2016-03-02,17.379440307617188,17.40576279733124,17.264279179776583,17.346537666157865,60000
2016-03-03,17.455116271972656,17.47156947497573,17.330085861372922,17.379439822183375,90300
2016-03-04,17.488019943237305,17.60317917951786,17.441955119085385,17.448535270326282,62700
2016-03-07,17.547243118286133,17.59659895393561,17.386017193052197,17.386017193052197,54000
2016-03-08,17.165565490722656,17.45840382859182,17.165565490722656,17.428792211068203,269700
2016-03-09,17.28402328491211,17.330088117304744,17.116217160486432,17.122797312904474,410400
2016-03-10,17.129375457763672,17.392602233700106,17.027376517672177,17.382731064863357,165000
2016-03-11,17.435379028320312,17.448539333866968,17.280733200380876,17.29718452368083,101100
2016-03-14,17.412342071533203,17.461697913967736,17.356406077685026,17.356406077685026,81300
2016-03-15,17.195178985595703,17.32350038786716,17.182018685085445,17.32350038786716,127200
2016-03-16,17.310340881347656,17.330083215751127,17.096469985019514,17.096469985019514,67200
2016-03-17,17.63279151916504,17.682147357042776,17.32021270444777,17.32021270444777,59700
2016-03-18,17.82044792175293,17.82044792175293,17.672301213915606,17.685470772992584,48900
2016-03-21,17.748018264770508,17.79740175158979,17.682176127394673,17.780939333458424,468900
2016-03-22,17.69863510131836,17.817153575447914,17.659128315346095,17.69863510131836,267300
2016-03-23,17.425390243530273,17.659132503342448,17.42209738265591,17.659132503342448,130200
2016-03-24,17.487939834594727,17.487939834594727,17.27394910798748,17.323332597705505,43800
2016-03-28,17.49452018737793,17.583408567377948,17.40563180737791,17.557071339370058,57300
2016-03-29,18.047605514526367,18.0541912356601,17.392467545783287,17.392467545783287,83700
2016-03-30,18.083820343017578,18.169417767916258,18.04102257246204,18.14308053343688,96900
2016-03-31,18.123323440551758,18.208918964206443,18.07393995860696,18.080525678724413,85800
2016-04-01,18.152952194213867,18.152952194213867,17.882996058648505,17.998221674950287,62100
2016-04-04,17.988346099853516,18.179292441400957,17.988346099853516,18.179292441400957,53400
2016-04-05,17.807275772094727,17.98505064655812,17.807275772094727,17.89616415121998,138900
2016-04-06,17.978473663330078,17.978473663330078,17.761191922529914,17.82703407510482,69300
2016-04-07,17.701929092407227,17.88629161329325,17.632794088968748,17.84349384372598,45000
2016-04-08,17.77435874938965,17.94225884993341,17.695347048180086,17.81715651873805,51000
2016-04-11,17.738143920898438,18.004809133741407,17.731560083044794,17.850078583348665,62700
2016-04-12,17.708515167236328,17.790817847359666,17.6130410442331,17.715099004888675,58200
2016-04-13,18.162830352783203,18.199044282288874,17.803985801937163,17.803985801937163,60900
2016-04-14,18.087112426757812,18.208921895518767,18.050898495430904,18.208921895518767,81600
2016-04-15,18.01468276977539,18.103571158944643,17.97517786558202,18.060773394490436,48300
2016-04-18,18.096988677978516,18.13649358513147,17.93896528179176,17.93896528179176,38700
2016-04-19,18.083820343017578,18.169417767916258,18.011394361039994,18.14637151037955,42000
2016-04-20,18.027847290039062,18.093691297227853,17.95212847136961,18.054186399944182,35400
2016-04-21,17.88957977294922,18.04431217494289,17.866535403361222,17.978468158740053,42900
2016-04-22,18.077232360839844,18.080525220815176,17.89616462172725,17.89616462172725,67200
2016-04-25,17.96859359741211,18.103572622206386,17.91591913170519,18.103572622206386,60000
2016-04-26,18.208919525146484,18.268179705305794,18.04760328546938,18.152952205147336,38700
2016-04-27,18.343902587890625,18.343902587890625,18.14308140085756,18.14308140085756,34500
2016-04-28,17.958717346191406,18.231966379314247,17.952133508761197,18.199045308375663,41100
2016-04-29,17.744728088378906,17.962009788819927,17.662423529160154,17.942258276988916,60900
2016-05-02,17.866535186767578,17.876411883267632,17.6755907445325,17.777646802054328,1469100
2016-05-03,17.784231185913086,17.925794033792883,17.748017258893857,17.764479676092204,70500
2016-05-04,17.586702346801758,17.76447911609667,17.557072257323526,17.68875840424805,40500
2016-05-05,17.392465591430664,17.59657959652779,17.392465591430664,17.59657959652779,45000
2016-05-06,17.560365676879883,17.560365676879883,17.29040765424348,17.310161047858298,34500
2016-05-09,17.550491333007812,17.649256430535715,17.501107842350084,17.5801195436149,88500
2016-05-10,17.715099334716797,17.734852731829214,17.553783064611437,17.636087630054757,181500
2016-05-11,17.580116271972656,17.767769733974795,17.580116271972656,17.721679112534186,40500
2016-05-12,17.408926010131836,17.62950054718526,17.30686806636209,17.58999376023251,42600
2016-05-13,17.37929916381836,17.566952669295468,17.349670951860883,17.372715326026437,60900
2016-05-16,17.5076904296875,17.63608371483961,17.346374195394386,17.346374195394386,43200
2016-05-17,17.162017822265625,17.481357509513558,17.069836556009193,17.471480810715537,73800
2016-05-18,17.303579330444336,17.448435056310643,17.036914135347285,17.036914135347285,39900
2016-05-19,17.158721923828125,17.362835934015447,17.053373000349165,17.185059154697864,43200
2016-05-20,17.510982513427734,17.510982513427734,17.27394743707224,17.27394743707224,31200
2016-05-23,17.573535919189453,17.701929228881117,17.514277613469268,17.547198685115195,35100
2016-05-24,18.10027503967285,18.113442709400225,17.665709914293966,17.665709914293966,33600
2016-05-25,18.110151290893555,18.20562349726644,18.060769699806976,18.20562349726644,49200
2016-05-26,18.228675842285156,18.28464128747349,18.133203603987333,18.133203603987333,48600
2016-05-27,18.393280029296875,18.403156725933556,18.261593880453216,18.26488674059453,58800
2016-05-31,18.50521469116211,18.541426733824302,18.376819518516335,18.43607969840851,49200
2016-06-01,18.590808868408203,18.62043707241766,18.38998774121923,18.40644827317718,162000
2016-06-02,18.68628692626953,18.68628692626953,18.485465736294184,18.518386810502797,281700
2016-06-03,18.630313873291016,18.679697353230164,18.47229050506002,18.679697353230164,60000
2016-06-06,18.814672470092773,18.85747022563375,18.61714422268927,18.6303118934156,74700
2016-06-07,18.870643615722656,18.913441379962546,18.771878530052817,18.86076691877694,301200
2016-06-08,18.94965362548828,19.00891380190252,18.817967484213018,18.906855865047216,93900
2016-06-09,18.910146713256836,18.923314384089952,18.847593683545192,18.850886543146952,47100
2016-06-10,18.620437622070312,18.735663232964416,18.567763164735133,18.72578653674067,58200
2016-06-13,18.41961669921875,18.659944619974112,18.396572330291747,18.5578885641424,33300
2016-06-14,18.524965286254883,18.567763047095163,18.327437014393038,18.327437014393038,91500
2016-06-15,18.459123611450195,18.6039774298776,18.459123611450195,18.567763504323942,48000
2016-06-16,18.521677017211914,18.521677017211914,18.251720829112656,18.39328370286642,90900
2016-06-17,18.370534896850586,18.508833808365818,18.284922630785694,18.508833808365818,44100
2016-06-20,18.61749839782715,18.772259206224604,18.581277382211567,18.581277382211567,78000
2016-06-21,18.660303115844727,18.693230624200357,18.551641961439962,18.647132866164828,109800
2016-06-22,18.568103790283203,18.71627944667504,18.535174401186143,18.71627944667504,58200
2016-06-23,18.84140968322754,18.84140968322754,18.6570129839071,18.67347673939835,33300
2016-06-24,17.995162963867188,18.331028909854115,17.89967203494078,18.196023453561544,150300
2016-06-27,17.234519958496094,17.833809621726136,17.234519958496094,17.731733597746512,108900
2016-06-28,17.527578353881836,17.632947874293404,17.42550045338585,17.42550045338585,54000
2016-06-29,17.82064437866211,17.833814631320962,17.68563892604912,17.72185994709544,91500
2016-06-30,18.284923553466797,18.284923553466797,17.87003056629643,17.87003056629643,33000
2016-07-01,18.242116928100586,18.357363197515177,18.16638140435555,18.284923062142866,54000
2016-07-05,17.958938598632812,18.17297118565746,17.866739308046313,18.17297118565746,40800
2016-07-06,18.011619567871094,18.047840575517373,17.787708398100165,17.853565289499482,215100
2016-07-07,18.09723663330078,18.18285080325435,18.01491785240174,18.02479648294085,64800
2016-07-08,18.551637649536133,18.571393019464292,18.271750125254936,18.271750125254936,40200
2016-07-11,18.75250244140625,18.778844824979778,18.65371803196654,18.683353920045224,69600
2016-07-12,19.0751953125,19.108122819449203,18.877628386648965,18.877628386648965,163800
2016-07-13,19.05872917175293,19.226662073976943,19.025801668928185,19.17068569600599,66300
2016-07-14,19.078487396240234,19.236541678814394,19.068608768059892,19.236541678814394,57900
2016-07-15,19.108121871948242,19.157515014078637,19.03238823288926,19.114708880336106,40500
2016-07-18,19.164100646972656,19.295812555890134,19.14434338959609,19.1937365330375,42600
2016-07-19,19.02250862121582,19.141050272045796,18.999459745516813,19.088365512600387,42300
2016-07-20,19.223369598388672,19.27276273942366,19.065315315388066,19.065315315388066,89700
2016-07-21,18.996170043945312,19.246423643481915,18.946778778636983,19.18056862307081,226800
2016-07-22,19.15422248840332,19.1904434997641,18.95665556225593,18.98299794468597,50400
2016-07-25,19.24312400817871,19.269466384782,19.180562512381872,19.180562512381872,58800
2016-07-26,19.305692672729492,19.308986177264718,19.118002481495854,19.24312927565161,75600
2016-07-27,19.496675491333008,19.506554120338325,19.378133827425035,19.440697221688158,40500
2016-07-28,19.54606819152832,19.60533808576888,19.493383422390938,19.506555556753266,66600
2016-07-29,19.519723892211914,19.569115151874787,19.32874209386187,19.569115151874787,34800
2016-08-01,19.641551971435547,19.641551971435547,19.427521352091922,19.490082844100247,256800
2016-08-02,19.384719848632812,19.651437191645197,19.31886483109252,19.60863105341282,46200
2016-08-03,19.34520149230957,19.34520149230957,19.223368226709447,19.28593161145245,77100
2016-08-04,19.36166763305664,19.447279894769277,19.335325253748476,19.335325253748476,55800
2016-08-05,19.684364318847656,19.707415081864667,19.47362525215428,19.5394821525739,118800
2016-08-08,19.677783966064453,19.704126355789356,19.61522055494827,19.67449234494655,109800
2016-08-09,19.766681671142578,19.779851918532774,19.667897279093854,19.667897279093854,244200
2016-08-10,19.723876953125,19.78973196310234,19.611920421514405,19.77656171476915,93300
2016-08-11,19.779857635498047,19.83254429275353,19.717294231923027,19.793029770850943,35400
2016-08-12,19.8489990234375,19.855586030822142,19.74692301884071,19.763386768991456,40500
2016-08-15,20.026811599731445,20.05644748206467,19.885221079954153,19.908271838709616,72000
2016-08-16,19.8621768951416,20.02023120326029,19.8621768951416,20.02023120326029,44100
2016-08-17,19.766681671142578,19.85558743557087,19.75021791982705,19.85558743557087,54000
2016-08-18,19.9840087890625,19.9840087890625,19.8226628717566,19.85559037926933,30300
2016-08-19,20.04656982421875,20.089375955777914,19.895100669670896,19.993885064737377,31200
2016-08-22,20.247434616088867,20.247434616088867,19.984008902030343,20.076208184574206,534300
2016-08-23,20.27706527709961,20.33633515801933,20.211208388401165,20.237552651204975,201600
2016-08-24,20.17828369140625,20.300116974072868,20.16840694667614,20.263895962876447,85200
2016-08-25,20.286943435668945,20.31987093717926,20.125595663619606,20.174986915885075,73500
2016-08-26,20.296823501586914,20.4087781451506,20.158526478116734,20.352799881290938,98700
2016-08-29,20.313289642333984,20.4120740496392,20.267190001037438,20.267190001037438,215100
2016-08-30,20.319875717163086,20.392317744851216,20.23096993484692,20.309997087555075,292800
2016-08-31,20.217796325683594,20.28694483729493,20.12230543421291,20.2573089533948,81300
2016-09-01,20.41207504272461,20.41207504272461,20.168408459118652,20.257312357447244,114900
2016-09-02,20.66891098022461,20.66891098022461,20.438416540833465,20.517443690264795,95100
2016-09-06,20.672203063964844,20.744645083670566,20.570127042856402,20.744645083670566,948900
2016-09-07,20.71171760559082,20.721596234123442,20.632690461485574,20.688666844296122,274500
2016-09-08,20.64915657043457,20.66891194559821,20.553665662597815,20.66891194559821,52200
2016-09-09,20.07620620727539,20.45816978093687,20.069621083215353,20.435120904648908,89100
2016-09-12,20.23096466064453,20.24084328767719,19.862171377484035,19.954370640351886,150600
2016-09-13,19.993886947631836,20.217798138591984,19.904981172114997,20.11242860970622,102900
2016-09-14,19.947786331176758,20.07291311164207,19.888516445118977,19.997179473021333,58800
2016-09-15,20.323171615600586,20.362684254530855,19.931327426336857,19.931327426336857,123000
2016-09-16,20.257312774658203,20.349512063635864,20.161821865174474,20.349512063635864,62700
2016-09-19,20.474632263183594,20.573416645488987,20.342918497339483,20.342918497339483,528300
2016-09-20,20.47792625427246,20.642567538567782,20.47792625427246,20.6162251591792,589800
2016-09-21,20.807209014892578,20.807209014892578,20.560248947963025,20.576712701204222,127800
2016-09-22,21.06405258178711,21.070637707775283,20.882947485940708,20.965268155339636,171300
2016-09-23,20.938920974731445,21.031120254088176,20.896114839371457,21.021241625288827,718200
2016-09-26,20.705135345458984,20.863191554072387,20.705135345458984,20.813798400081897,258000
2016-09-27,20.840137481689453,20.85989474015162,20.68537668676617,20.728182823996953,162900
2016-09-28,20.96855926513672,20.96855926513672,20.826966825549924,20.905995865005256,75300
2016-09-29,20.738056182861328,20.94221007205639,20.695250056509288,20.94221007205639,95100
2016-09-30,20.892824172973633,20.981729960088263,20.711720978134668,20.82367564614137,445200
2016-10-03,20.909284591674805,20.93891859054282,20.810500199085087,20.826962066335202,72300
2016-10-04,20.850013732910156,20.998189386164768,20.757814460039572,20.925747369502975,87000
2016-10-05,20.991605758666992,21.11014742021507,20.879651105761877,20.896114859057707,166800
2016-10-06,21.113439559936523,21.11673306433905,20.87306461075957,20.935628005316747,86400
2016-10-07,20.879648208618164,21.14636549697629,20.787448941967625,21.090387236213072,153000
2016-10-10,20.975143432617188,21.176003874311892,20.975143432617188,21.044291954827173,115200
2016-10-11,20.54707908630371,20.925751105179867,20.454881681129653,20.80391781040201,129600
2016-10-12,20.514150619506836,20.580005636680596,20.36268144218892,20.500978485578543,423600
2016-10-13,20.21450424194336,20.34621615049437,20.14535572547355,20.342922646222185,93600
2016-10-14,20.333045959472656,20.448296010137,20.250727186363758,20.300118450229096,171900
2016-10-17,20.247434616088867,20.362680893034913,20.230968978083578,20.316583135918837,187800
2016-10-18,20.25072479248047,20.41536608754754,20.24743317243879,20.41536608754754,93900
2016-10-19,20.323171615600586,20.365977759506777,20.155238660795582,20.257314705175258,107700
2016-10-20,20.234264373779297,20.316585034876702,20.08608680697276,20.316585034876702,100200
2016-10-21,20.25401496887207,20.270480604529727,20.04327781915219,20.09266907365841,48900
2016-10-24,20.573421478271484,20.599761976641346,20.405488554150786,20.405488554150786,99000
2016-10-25,20.481220245361328,20.6557382774418,20.415365237401442,20.645859649416685,113700
2016-10-26,20.369266510009766,20.599760932307376,20.323166871887956,20.323166871887956,80100
2016-10-27,20.132183074951172,20.543784427227283,20.122306330700063,20.441706523127277,91500
2016-10-28,20.15194320678711,20.421952179857367,20.08608630273125,20.125600821995963,76800
2016-10-31,20.16840934753418,20.21121360420891,20.059746301009607,20.16182233805558,171000
2016-11-01,20.03998565673828,20.227675827906616,19.931322628563606,20.227675827906616,133800
2016-11-02,19.895097732543945,20.12888749582526,19.878633983156025,19.99388211302682,71700
2016-11-03,20.036693572998047,20.188162745512788,19.977423682589965,19.977423682589965,141600
2016-11-04,20.089380264282227,20.300119347404248,20.08279513897367,20.105844019631633,85800
2016-11-07,20.58988380432129,20.609641062692685,20.44829514374191,20.553664676181544,110100
2016-11-08,20.66232681274414,20.731475329875146,20.50097713251217,20.593176411457357,118800
2016-11-09,21.100269317626953,21.123318195984773,20.240847431398645,20.405488736774515,166800
2016-11-10,21.050874710083008,21.37027678543709,20.79732952913579,21.083802215208586,183300
2016-11-11,21.729198455810547,21.732490076599454,21.067345273566044,21.073928515143855,239400
2016-11-14,21.76212501525879,22.094697402205817,21.69297460353513,21.85432242396356,193500
2016-11-15,21.890539169311523,21.959687683388267,21.74894863699983,21.86419678851297,83100
2016-11-16,21.99261474609375,22.00249337421402,21.798341340247326,21.995908250185728,165900
2016-11-17,22.1868896484375,22.223112540349355,22.035422377654964,22.107862509011802,108000
2016-11-18,22.236286163330078,22.25604342222428,22.124331503189442,22.25604342222428,160500
2016-11-21,22.256038665771484,22.367993301985717,22.130911898390895,22.33506580030309,212400
2016-11-22,22.440441131591797,22.48983239692239,22.26921468696494,22.384462856892323,196200
2016-11-23,22.601787567138672,22.684108228684885,22.404220617246217,22.684108228684885,136800
2016-11-25,22.70056915283203,22.710447781717946,22.582029374512654,22.582029374512654,80400
2016-11-28,22.568857192993164,22.878380655518338,22.529344561689843,22.878380655518338,114600
2016-11-29,22.605077743530273,22.950822210129783,22.545807855705025,22.68739839295561,124500
2016-11-30,22.315311431884766,22.693983402678768,22.256041544358993,22.68410477406518,122100
2016-12-01,21.818098068237305,22.453608738275587,21.722607169347885,22.367996468120353,129300
2016-12-02,21.939931869506836,21.969567756412435,21.679801548573487,21.775292449728205,60600
2016-12-05,22.404218673706055,22.44702481106677,22.0650593109809,22.071644435769652,156300
2016-12-06,22.568857192993164,22.575442317517748,22.29226312140252,22.483244921706135,88800
2016-12-07,22.805940628051758,22.861918901796507,22.493125517981134,22.565565662399322,168000
2016-12-08,23.29985809326172,23.369008493302022,22.86850136088857,22.921186123863063,151500
2016-12-09,23.250465393066406,23.428276928120436,23.13850886556979,23.428276928120436,204000
2016-12-12,23.131927490234375,23.30644365115866,23.00021369619215,23.22083138077142,307500
2016-12-13,23.2372989654541,23.372304401906405,23.191201202509884,23.243885975151354,189000
2016-12-14,23.036434173583984,23.336078997157646,22.990334535152094,23.33278737708406,187500
2016-12-15,23.280105590820312,23.484257659402676,23.085830267877242,23.19119980681884,3249600
2016-12-16,23.10262107849121,23.485301104018344,23.0927239697289,23.39293123503761,296700
2016-12-19,23.267568588256836,23.37313522337745,23.168599395911176,23.208187827921574,138900
2016-12-20,23.41272735595703,23.42262446552395,23.260972934384725,23.406128024458663,131700
2016-12-21,23.287363052368164,23.45561011484421,23.25767172804403,23.45561011484421,471600
2016-12-22,23.023439407348633,23.34013924501353,22.960760882864065,23.34013924501353,203400
2016-12-23,23.1586971282959,23.1652964572809,23.04323341089728,23.04323341089728,152400
2016-12-27,23.343442916870117,23.402825562386365,23.14880420559857,23.14880420559857,106500
2016-12-28,23.04653549194336,23.416018671289283,22.99045251576974,23.40942122929242,107100
2016-12-29,23.165302276611328,23.17189971957375,22.99375554582562,23.08942507566211,89700
2016-12-30,22.977258682250977,23.274164350165005,22.884886939351382,23.274164350165005,92400
2017-01-03,23.053133010864258,23.2675659217588,22.851896871687593,23.218080387416915,186900
2017-01-04,23.43581771850586,23.455611936259043,23.138910115249622,23.145509446287686,244800
2017-01-05,23.171897888183594,23.422619577743756,23.07952614328872,23.422619577743756,177600
2017-01-06,23.09602165222168,23.208187616777114,23.069629993681634,23.17189885032451,105300
2017-01-09,23.049840927124023,23.221385788068023,23.01355026785592,23.092725254679436,107700
2017-01-10,23.244476318359375,23.29725963529216,23.02014627755488,23.02014627755488,83100
2017-01-11,23.33024787902832,23.33684532148237,23.1850928189577,23.234578356563706,124800
2017-01-12,23.138898849487305,23.359929139635614,22.80240674991546,23.359929139635614,153600
2017-01-13,23.326948165893555,23.376433703397588,23.16200077880067,23.16200077880067,129900
2017-01-17,22.960765838623047,23.31045484626685,22.907982520953027,23.251074085808163,175500
2017-01-18,23.082828521728516,23.158703837919663,23.000353874640385,23.000353874640385,162600
2017-01-19,22.990453720092773,23.22797863354328,22.9211758562964,23.115814563000594,70800
2017-01-20,23.066328048706055,23.18508954683913,23.05313127798017,23.05313127798017,165300
2017-01-23,23.043237686157227,23.13890720971044,22.94756816260401,23.006950808406916,316800
2017-01-24,23.571069717407227,23.597459484151127,23.17189523636537,23.17189523636537,150600
2017-01-25,23.848188400268555,23.904271390861332,23.706332978623788,23.795405075362623,407400
2017-01-26,23.63374900817871,23.90756455530962,23.571070478617756,23.90756455530962,132000
2017-01-27,23.6832332611084,23.706325250346513,23.604058299560588,23.706325250346513,123600
2017-01-30,23.4160213470459,23.613959731011185,23.17849641889575,23.613959731011185,143700
2017-01-31,23.55787467956543,23.57107145158832,23.247772245349328,23.40282440629746,169200
2017-02-01,23.528182983398438,23.772307216650923,23.369833047727703,23.722821681953732,125400
2017-02-02,23.485301971435547,23.57767373150846,23.300560338970264,23.524890407946955,135900
2017-02-03,23.77890968322754,23.81849811935037,23.60076549603586,23.656848484649693,233700
2017-02-06,23.541379928588867,23.75911061981964,23.488596616309884,23.75911061981964,212400
2017-02-07,23.58097267150879,23.68653742770296,23.455611809987506,23.57107556268548,201900
2017-02-08,23.604061126708984,23.722822639415227,23.478700283990012,23.604061126708984,98100
2017-02-09,24.09890365600586,24.138490195198198,23.683234612245787,23.726120816237525,148500
2017-02-10,24.201169967651367,24.270447825151738,24.049417481484824,24.267150048120318,125700
2017-02-13,24.30014419555664,24.41231016690073,24.247360875281927,24.303443860953973,182700
2017-02-14,24.310035705566406,24.34302480122074,24.102200250048107,24.28694371614437,127200
2017-02-15,24.432098388671875,24.50797369093031,24.154986947658355,24.270448789627245,123900
2017-02-16,24.504682540893555,24.557465866569128,24.339733232396913,24.5145796504178,203100
2017-02-17,24.441993713378906,24.5574574346091,24.349621981322763,24.37271585817679,119400
2017-02-21,24.610239028930664,24.672919438245298,24.445291676233115,24.544258955243738,2361000
2017-02-22,24.494779586791992,24.593748770739307,24.425501724332925,24.593748770739307,194700
2017-02-23,24.217670440673828,24.58055625283254,24.04282592179166,24.58055625283254,158400
2017-02-24,24.171476364135742,24.18467313405448,23.920756612478314,23.97353991679355,170400
2017-02-27,24.049421310424805,24.164886941548907,23.993340215161496,24.1582876110753,150000
2017-02-28,23.584266662597656,24.032924827027614,23.54138045636952,24.032924827027614,277500
2017-03-01,23.973546981811523,24.036227410117807,23.765711480021135,23.765711480021135,260700
2017-03-02,23.71953010559082,23.97354962450915,23.689838777010515,23.97354962450915,95100
2017-03-03,23.627153396606445,23.772308455710455,23.557875532099615,23.676637046202686,162600
2017-03-06,23.577669143676758,23.637049899208787,23.488597066538624,23.518286500464548,102900
2017-03-07,23.58097267150879,23.696434536526272,23.5578787883609,23.607362444796962,81000
2017-03-08,23.501792907714844,23.679935167254104,23.47869902926486,23.65684317648423,147600
2017-03-09,23.46550178527832,23.610656831995957,23.422617469431835,23.48529599849983,157800
2017-03-10,23.567771911621094,23.67004076038022,23.44241107129967,23.60406067527625,97500
2017-03-13,23.660144805908203,23.73931977928212,23.55457628706272,23.55457628706272,99900
2017-03-14,23.53478240966797,23.643646811088,23.452307776621158,23.577668614794664,262200
2017-03-15,23.937255859375,23.970244959129708,23.607359198787194,23.607359198787194,138300
2017-03-16,24.032928466796875,24.102206340248266,23.986744476282933,24.036228132268075,65100
2017-03-17,24.250652313232422,24.306735284242887,23.9966347744578,24.07580973417143,72000
2017-03-20,24.187978744506836,24.372720355024587,24.11870087652272,24.30674026457094,77100
2017-03-21,23.564470291137695,24.376014133256067,23.534780859832885,24.29354139332047,120600
2017-03-22,23.61395835876465,23.762411194271607,23.379731221761045,23.739319202145715,178200
2017-03-23,23.769006729125977,23.801995825995583,23.584265143904073,23.610656798935775,68100
2017-03-24,23.85807991027832,23.986740414340936,23.716224521926293,23.83168825401934,73200
2017-03-27,23.838285446166992,23.910862972038085,23.429213834602766,23.643646747338224,60300
2017-03-28,23.87787628173828,23.89767049764094,23.61395969530386,23.76900998195396,213600
2017-03-29,23.947153091430664,23.947153091430664,23.82509191155898,23.881173003897725,67800
2017-03-30,24.046117782592773,24.098901087677266,23.94055117242379,23.94055117242379,95400
2017-03-31,24.08571434020996,24.141797333079673,23.96365313236946,24.092311784170903,69000
2017-04-03,23.528182983398438,24.09230486518545,23.52488520620538,24.085707423119203,205200
2017-04-04,23.551279067993164,23.676638029713676,23.442412769142926,23.50509319384334,60300
2017-04-05,23.231279373168945,23.712926664692084,23.18179383411089,23.670042343642272,125100
2017-04-06,23.475400924682617,23.475400924682617,23.092720949209877,23.274164773318592,1304700
2017-04-07,23.396224975585938,23.475399944341483,23.277463466292694,23.432513738892247,667200
2017-04-10,23.356639862060547,23.600762225385168,23.29395943867282,23.369834747152556,227700
2017-04-11,23.4061222076416,23.442410971141715,23.155402415750135,23.303855246999586,76500
2017-04-12,23.043237686157227,23.35663980229389,22.977259485505463,23.330248144497133,104700
2017-04-13,22.81231117248535,23.152104960777294,22.81231117248535,23.04653832512938,187500
2017-04-17,23.138898849487305,23.145498177312316,22.878282030786842,22.878282030786842,193500
2017-04-18,23.1521053314209,23.19499154187939,23.026744477662003,23.05643580229344,74400
2017-04-19,23.40282440185547,23.49849392020267,23.30385521858313,23.30385521858313,49800
2017-04-20,23.706329345703125,23.706329345703125,23.40612399534609,23.50179540879727,110100
2017-04-21,23.541379928588867,23.666740767171493,23.541379928588867,23.656843660159165,58800
2017-04-24,23.97024917602539,23.98014628522897,23.805301760553714,23.950456845298795,123300
2017-04-25,24.135194778442383,24.263853403000105,23.999936823640464,24.131895113320283,151200
2017-04-26,24.072513580322266,24.224266080491308,23.920761080153223,24.1813779860051,256200
2017-04-27,24.201169967651367,24.25725294166597,24.128592445439537,24.13519177486246,47100
2017-04-28,23.933958053588867,24.197876535169225,23.88447440011276,24.197876535169225,41700
2017-05-01,24.12529945373535,24.191277659611238,23.834989307304117,23.99334115430316,189900
2017-05-02,23.881174087524414,24.138493231522514,23.801999111500407,24.138493231522514,123600
2017-05-03,23.653541564941406,23.732716525224927,23.43910867296022,23.732716525224927,73500
2017-05-04,23.986740112304688,24.105501620134593,23.772307200020528,23.772307200020528,73200
2017-05-05,24.161582946777344,24.161582946777344,23.864675422119202,24.108799638528787,96300
2017-05-08,24.13849449157715,24.23746368869353,24.102205723045124,24.161588373923212,82800
2017-05-09,24.310035705566406,24.349622242815606,24.145088339614738,24.220963637155705,132900
2017-05-10,24.481584548950195,24.524470754599914,24.240759976646206,24.30014073157042,85200
2017-05-11,24.461793899536133,24.48488589434956,24.20117507505102,24.42880290849924,49200
2017-05-12,24.30674171447754,24.395813803678966,24.191277965056447,24.376019586594108,63300
2017-05-15,24.603647232055664,24.70261453376984,24.435400176389173,24.435400176389173,237900
2017-05-16,24.702613830566406,24.71911026806278,24.488182795276238,24.643233073692226,210600
2017-05-17,23.848188400268555,24.343032543181817,23.76571374722281,24.336435099488725,148800
2017-05-18,23.871278762817383,23.95375151601474,23.610659954744897,23.778907014019957,72900
2017-05-19,23.947153091430664,24.0989055938442,23.907566549055094,23.950452756495395,51000
2017-05-22,24.30674171447754,24.366124365732116,23.947155579944646,23.966949797029507,61200
2017-05-23,24.29024314880371,24.46508763290565,24.171479753600813,24.43209853500267,65700
2017-05-24,24.422199249267578,24.448590902771453,24.293540646316174,24.40240692489964,39600
2017-05-25,24.527772903442383,24.5739587822508,24.428803702475925,24.53767001230708,90000
2017-05-26,24.540966033935547,24.610243898021416,24.37271898357834,24.488182719614862,76800
2017-05-30,24.550867080688477,24.659733391823327,24.47828953993191,24.60365040347861,92400
2017-05-31,24.445295333862305,24.67622090711919,24.247356970864825,24.67622090711919,52500
2017-06-01,24.860965728759766,24.860965728759766,24.484883196288273,24.484883196288273,178800
2017-06-02,25.09848976135254,25.253540034730495,24.877459403173642,24.877459403173642,65100
2017-06-05,24.943439483642578,25.213955397767457,24.933542375791152,25.098491656407873,67200
2017-06-06,25.14137840270996,25.270037032168,24.804884279290043,24.814781387353023,66300
2017-06-07,25.09519386291504,25.230451830065473,25.006121773289195,25.230451830065473,68400
2017-06-08,25.609827041625977,25.632919031911708,25.078694275933525,25.174363789517372,111000
2017-06-09,24.956636428833008,25.880344478401504,24.7158118366011,25.652716659289307,130800
2017-06-12,24.808183670043945,24.969831399469776,24.415606567837656,24.93684229807842,210300
2017-06-13,25.04570960998535,25.17766790856354,24.768596239130954,24.963234965493832,60300
2017-06-14,24.752099990844727,25.049005670370654,24.62343947875129,25.049005670370654,60600
2017-06-15,24.560758590698242,24.66632332453301,24.39251155169892,24.451892304381005,102300
2017-06-16,24.481584548950195,24.653129371549074,24.37271825852233,24.639934487201543,88200
2017-06-19,24.715808868408203,24.74220052379785,24.580550926656212,24.62343713070438,46500
2017-06-20,24.346324920654297,24.738901961922313,24.33972559125615,24.738901961922313,272700
2017-06-21,24.451894760131836,24.504678076190398,24.40241110920704,24.42220343696879,62700
2017-06-22,24.504682540893555,24.56406331035842,24.257260465829216,24.425507552380193,41400
2017-06-23,24.936843872070312,24.96653519780482,24.531071858767636,24.606947174293,45000
2017-06-26,24.88075828552246,25.088593768580463,24.709213455245,25.075396995962063,51600
2017-06-27,24.379318237304688,24.90055397686873,24.362823686313977,24.90055397686873,92400
2017-06-28,24.877460479736328,24.907151802333658,24.399110979189654,24.49807827915359,46200
2017-06-29,24.42550277709961,24.926944272983814,24.082409339603842,24.926944272983814,147900
2017-06-30,24.405704498291016,24.524467881908173,24.336426644380982,24.438693592975802,70800
2017-07-03,24.38261604309082,24.531068878366185,24.244060315191177,24.531068878366185,33900
2017-07-05,24.399110794067383,24.399110794067383,24.23086374265288,24.346327479415,43200
2017-07-06,24.131893157958984,24.32653185542555,24.089006953248067,24.194573576438057,44100
2017-07-07,24.735607147216797,24.735607147216797,24.204474287327315,24.204474287327315,110100
2017-07-10,24.70921516418457,24.85436834694457,24.521173883208725,24.689420947728085,115500
2017-07-11,24.920345306396484,24.963231511540542,24.682820401820077,24.788387026076258,48900
2017-07-12,25.28982925415039,25.33601512557568,25.167768077132273,25.167768077132273,66600
2017-07-13,25.276634216308594,25.332715306996246,25.06550096270758,25.25024067192828,60600
2017-07-14,25.418487548828125,25.467973084608996,25.256839832424404,25.2733343817913,52200
2017-07-17,25.408588409423828,25.494362702023487,25.312920785819635,25.48776337266042,109200
2017-07-18,25.40529441833496,25.42508863401386,25.180964378561466,25.38550020265606,76800
2017-07-19,25.853952407836914,25.88034406597544,25.471274308668438,25.59993293421364,53700
2017-07-20,25.863847732543945,25.880342281783353,25.65931192415101,25.853950625464268,77400
2017-07-21,25.705501556396484,25.83416019189998,25.6758102308124,25.787976202343096,38400
2017-07-24,25.89683723449707,25.913329895111087,25.652713011776733,25.74178508270874,39000
2017-07-25,25.992507934570312,26.10467389652783,25.77477722857795,26.10467389652783,86400
2017-07-26,25.919933319091797,26.041994505893694,25.88694421729244,26.038694840641618,33600
2017-07-27,25.695602416992188,26.081580180676998,25.425088393434677,26.078282403215255,53100
2017-07-28,25.401994705200195,25.596631518943635,25.342612062688474,25.56364242044612,104700
2017-07-31,25.42838478088379,25.497662643637117,25.273334505929213,25.497662643637117,67500
2017-08-01,25.563644409179688,25.59003606756688,25.3426140342269,25.38550024314605,129900
2017-08-02,24.950031280517578,25.576833497056853,24.89395019895683,25.576833497056853,152400
2017-08-03,24.973127365112305,25.27003300901095,24.933538939163125,25.10178597408704,154500
2017-08-04,24.481584548950195,24.7850876534252,24.432099013446546,24.7850876534252,125700
2017-08-07,24.785083770751953,24.821372528543144,24.455187173901056,24.455187173901056,77400
2017-08-08,24.643234252929688,24.933542496482357,24.62344003713102,24.689420127233145,60300
2017-08-09,24.465091705322266,24.60694711513423,23.90426939689762,24.009836037903696,124500
2017-08-10,23.914165496826172,24.385915696044915,23.914165496826172,24.385915696044915,180900
2017-08-11,24.12199592590332,24.14179013956876,23.957048549944915,23.976842763610357,47400
2017-08-14,24.527772903442383,24.527772903442383,24.214372636009184,24.214372636009184,57000
2017-08-15,24.29024314880371,24.590448470153117,24.267151157807653,24.590448470153117,112200
2017-08-16,24.3364315032959,24.46179235334307,24.286947851389005,24.286947851389005,86400
2017-08-17,23.805294036865234,24.286943127537484,23.785499824880358,24.194571396728026,205500
2017-08-18,23.805294036865234,23.881169332567325,23.607355692376373,23.693129981750854,74400
2017-08-21,23.65684700012207,23.7525165311747,23.55457813834274,23.742619422765056,105900
2017-08-22,23.986740112304688,23.9966372192372,23.67663579556627,23.67663579556627,49200
2017-08-23,23.963647842407227,23.999936607702704,23.755812358231324,23.755812358231324,46200
2017-08-24,24.023027420043945,24.095604947069127,23.940554673588206,24.032924527154666,92700
2017-08-25,24.036224365234375,24.115399335010338,23.940554846048446,24.075812793962445,74100
2017-08-28,24.0758113861084,24.095603711634883,23.93725378134261,24.003231975124354,52800
2017-08-29,24.17807960510254,24.214368368650998,23.78880220087016,23.834986183858955,98700
2017-08-30,24.392515182495117,24.405710068308473,24.15499024873138,24.15499024873138,124800
2017-08-31,24.517871856689453,24.61024359947018,24.412307117008933,24.412307117008933,73200
2017-09-01,24.63333511352539,24.653129327691637,24.527768488212292,24.527768488212292,76500
2017-09-05,24.392515182495117,24.65973144085946,24.250657890079133,24.56076224653781,49200
2017-09-06,24.432098388671875,24.567356332016164,24.336428872718155,24.567356332016164,38400
2017-09-07,24.41230583190918,24.51457278890132,24.329829313065034,24.46508725513085,91800
2017-09-08,24.27705192565918,24.445298993087963,24.273752260299247,24.3595246828534,28500
2017-09-11,24.729005813598633,24.761994911147333,24.432098272620017,24.432098272620017,77400
2017-09-12,24.86756134033203,24.956633413165896,24.745498282525563,24.874158782254515,58500
2017-09-13,24.95333480834961,25.042406884967136,24.827973968096778,24.847768182385156,38700
2017-09-14,24.950031280517578,25.039103343344518,24.890650534526245,24.97642482060248,46500
2017-09-15,25.078699111938477,25.08529655505231,24.86756583085234,24.86756583085234,71700
2017-09-18,25.499061584472656,25.56175355232942,25.080015670488592,25.080015670488592,70200
2017-09-19,25.42647361755371,25.55845622614543,25.33738512075078,25.55845622614543,56700
2017-09-20,25.208698272705078,25.42646906589062,25.142706036208594,25.42646906589062,43800
2017-09-21,25.149301528930664,25.251587303718797,25.070111993860916,25.208693208226112,20400
2017-09-22,25.475963592529297,25.502358221367338,25.073415294304162,25.1163093982077,408600
2017-09-25,25.0305233001709,25.485864670507507,24.875442570495196,25.439670290091684,90900
2017-09-26,25.08331871032715,25.202102113454202,24.93813689758503,25.19220506988374,47100
2017-09-27,25.852113723754883,25.974197379379408,25.291186319172905,25.291186319172905,67200
2017-09-28,25.974197387695312,25.984096317617745,25.703633559250882,25.80262097044737,71400
2017-09-29,26.079788208007812,26.145780456838807,25.92470934969865,25.95770453010006,82500
2017-10-02,26.459232330322266,26.495527775584936,25.957698529649658,26.102880310700336,67800
2017-10-03,26.607715606689453,26.607715606689453,26.393245070554745,26.58461936065278,62100
2017-10-04,26.617612838745117,26.6407109713358,26.482329979948318,26.61431445410919,53100
2017-10-05,26.5582218170166,26.673706818800003,26.50212850848447,26.673706818800003,46800
2017-10-06,26.60441780090332,26.63411459333509,26.396545917964936,26.396545917964936,48600
2017-10-09,26.670408248901367,26.74299914974763,26.624215755661027,26.647312002281197,42300
2017-10-10,26.723201751708984,26.77929317280481,26.627512721314876,26.742997724316265,111300
2017-10-11,26.696805953979492,26.818889626445095,26.637414254298836,26.818889626445095,52800
2017-10-12,26.726497650146484,26.838682369929707,26.564818283379687,26.564818283379687,90900
2017-10-13,26.710004806518555,26.841987408530347,26.710004806518555,26.799093298880024,40500
2017-10-16,26.64401626586914,26.874984419113993,26.591221333437286,26.83209030653955,95100
2017-10-17,26.601116180419922,26.713302798571554,26.55162341690214,26.644012174435492,47100
2017-10-18,26.673709869384766,26.726502911207636,26.525229675261457,26.663810938039465,203400
2017-10-19,26.380046844482422,26.54502650980998,26.14577843847766,26.48233265104196,222900
2017-10-20,26.521926879882812,26.690204920693365,26.521926879882812,26.620914295893947,48900
2017-10-23,26.60441780090332,26.69350629017063,26.48893279215044,26.624215662524502,59700
2017-10-24,26.726497650146484,26.812285854214377,26.68360354811254,26.749593893387,70500
2017-10-25,26.502132415771484,26.657213161271663,26.281061309824715,26.657213161271663,40500
2017-10-26,26.614315032958984,26.686904040890052,26.515327619199315,26.60441610278023,52800
2017-10-27,26.81888771057129,26.81888771057129,26.49883109935818,26.6341139665486,46200
2017-10-30,26.62751579284668,26.729801604547497,26.396547648229213,26.729801604547497,35100
2017-10-31,26.77599334716797,26.90467755541775,26.620914508334373,26.677007818394834,30300
2017-11-01,26.40974235534668,27.036660144285722,26.18537100316755,27.023460940967922,65700
2017-11-02,26.069883346557617,26.314050646836066,26.069883346557617,26.314050646836066,52500
2017-11-03,25.706933975219727,26.076485244062372,25.660739594607403,26.06328792847484,84300
2017-11-06,25.89171600341797,25.90161493584525,25.713538995783548,25.736635246094995,71400
2017-11-07,25.598051071166992,25.885112526957325,25.55515696085543,25.845518689757462,57000
2017-11-08,25.921409606933594,25.977502925186492,25.53865908714839,25.677242246121153,84300
2017-11-09,25.598051071166992,25.799324306334206,25.353881837660126,25.799324306334206,42000
2017-11-10,25.64094352722168,25.70363549610257,25.627744323654557,25.627744323654557,31500
2017-11-13,25.5683536529541,25.660740529516744,25.442969710164466,25.44626998319558,43200
2017-11-14,25.462770462036133,25.61784932759332,25.350585710611185,25.522162167140134,3028800
2017-11-15,25.22849464416504,25.363775605756366,25.1031107238379,25.281287675036705,90000
2017-11-16,25.79932403564453,25.87851359724149,25.390177023379536,25.396777569533672,56100
2017-11-17,25.81252098083496,26.000594993150116,25.710233292706807,25.81581936559528,72000
2017-11-20,26.129276275634766,26.129276275634766,25.96429663918681,25.96429663918681,386700
2017-11-21,26.57802391052246,26.607718817863656,26.274462962396047,26.274462962396047,142200
2017-11-22,26.459232330322266,26.752894276884394,26.459232330322266,26.752894276884394,64200
2017-11-24,26.64731216430664,26.66050948016184,26.498831976781567,26.597819397807623,16800
2017-11-27,26.320655822753906,26.640714342639413,26.320655822753906,26.640714342639413,41100
2017-11-28,26.670408248901367,26.670408248901367,26.380046533544323,26.465836638193547,32400
2017-11-29,26.007192611694336,26.710001533305004,25.947800920074283,26.696802330707307,76200
2017-11-30,25.91150665283203,26.073186035855766,25.868612546485064,25.941203444008202,96900
2017-12-01,25.535356521606445,25.91480670595502,24.89853981332988,25.87851125750113,82500
2017-12-04,25.093215942382812,25.835618769743085,25.093215942382812,25.697035624776777,99000
2017-12-05,25.00082778930664,25.390176937853873,24.915039569872594,25.155908526929185,41700
2017-12-06,24.855642318725586,25.119607464196125,24.80944794626133,24.915034004449545,86700
2017-12-07,25.06022071838379,25.132809731676314,24.766558728150315,24.92493784665259,73800
2017-12-08,24.997529983520508,25.198805123792074,24.987632939401944,25.18560591825356,41700
2017-12-11,25.109708786010742,25.142703957517174,24.92163290997428,24.92163290997428,35100
2017-12-12,25.0305233001709,25.1922026876123,25.0305233001709,25.12951071876825,52500
2017-12-13,25.15590476989746,25.218596732591017,24.974427538935117,24.98102808408123,59700
2017-12-14,25.096519470214844,25.34068874441366,25.0272288275464,25.22520371062345,45600
2017-12-15,25.43967056274414,25.601348063890367,25.113013399491493,25.284589831406343,90900
2017-12-18,25.94670295715332,25.996281885397327,25.636001531424,25.976449557573773,42600
2017-12-19,25.78144073486328,26.01281289106947,25.761608403459274,26.01281289106947,28500
2017-12-20,25.797964096069336,25.989671567536874,25.665751720692583,25.989671567536874,44700
2017-12-21,25.65583610534668,25.867375910477975,25.652531977963406,25.844239453534883,45900
2017-12-22,25.45421028137207,25.71202486958763,25.45421028137207,25.71202486958763,52800
2017-12-26,25.328611373901367,25.374886181187236,25.216231320191504,25.371580162339985,53700
2017-12-27,25.265811920166016,25.477351748768633,25.255895754285863,25.279034105111307,51300
2017-12-28,25.388105392456055,25.427770051672905,25.322000148848034,25.355052770652044,46200
2017-12-29,25.265811920166016,25.517016412289255,25.25259162653598,25.517016412289255,86700
2018-01-02,25.678974151611328,25.678974151611328,25.30547347832574,25.398021196324766,194700
2018-01-03,25.844240188598633,25.88059883005407,25.662446981321448,25.718637952900778,120600
2018-01-04,25.867374420166016,25.953311988220673,25.77813272491845,25.953311988220673,540900
2018-01-05,26.08883285522461,26.08883285522461,25.90704153764023,26.009505425336222,75300
2018-01-08,26.16486167907715,26.27724175563872,25.82110941035342,26.06570189796258,223800
2018-01-09,26.0128173828125,26.343349361797866,25.989679028407352,26.343349361797866,86700
2018-01-10,25.847545623779297,25.953313635650026,25.639309944810375,25.8078809644271,121500
2018-01-11,26.323511123657227,26.34003743520297,25.92026193494359,25.92026193494359,125100
2018-01-12,26.475555419921875,26.58132532519764,26.240877260519344,26.429280613534957,87000
2018-01-16,26.33342933654785,26.835836433603372,26.1714684447012,26.835836433603372,132300
2018-01-17,26.65073585510254,26.706924933660787,26.39953139133376,26.574712555707496,78900
2018-01-18,26.49538230895996,26.736670582286894,26.452413527112807,26.720144273216054,77700
2018-01-19,26.8721923828125,26.87549651025807,26.525134174232424,26.68048490362659,77100
2018-01-22,26.41936492919922,26.706926155156694,26.32681531474145,26.706926155156694,94800
2018-01-23,26.425973892211914,26.584628745907686,26.326814135823295,26.584628745907686,94500
2018-01-24,26.128498077392578,26.601158539374794,25.93679059053749,26.601158539374794,117600
2018-01-25,26.08883285522461,26.310288833410738,25.976452802378176,26.25079373382323,259800
2018-01-26,26.31028938293457,26.34003787900722,26.121886023771445,26.277236759286176,73800
2018-01-29,26.267318725585938,26.369782608133967,26.161548824382155,26.369782608133967,78300
2018-01-30,26.00289535522461,26.174772399477455,25.873987099206197,26.00289535522461,101400
2018-01-31,25.71863555908203,26.18798994420907,25.712025413427686,26.154937324622427,131700
2018-02-01,25.854154586791992,25.90373351739841,25.602950132563553,25.602950132563553,117300
2018-02-02,25.39141273498535,25.840934845427622,25.29886311953084,25.840934845427622,376200
2018-02-05,24.45931625366211,25.384802965369968,24.413041445247924,25.15343081461421,331200
2018-02-06,24.803068161010742,24.96172303605484,23.656125390423377,23.99326747272091,226500
2018-02-07,24.687381744384766,24.968332823871393,24.565083634327113,24.922058016658912,88200
2018-02-08,24.0858154296875,24.85595329161042,24.08250941077616,24.773319840663397,94200
2018-02-09,24.191585540771484,24.505589252620947,23.586712684384167,24.363460699290926,145800
2018-02-12,24.48906135559082,24.588221112873224,23.999874606628673,24.23455276190753,143100
2018-02-13,24.624574661254883,24.6344908248256,24.254380047417264,24.254380047417264,72600
2018-02-14,24.991466522216797,25.08401612642226,24.495669664309478,24.495669664309478,64800
2018-02-15,25.533540725708008,25.533540725708008,25.057576148620143,25.22945130024432,39900
2018-02-16,25.470741271972656,25.672364932083028,25.43438262798821,25.56329089144492,45000
2018-02-20,25.616172790527344,25.7021122593582,25.262506315164213,25.262506315164213,33300
2018-02-21,25.57981300354004,25.90042870870807,25.57981300354004,25.60956149591019,46500
2018-02-22,25.566591262817383,25.781437076135834,25.523622478416684,25.781437076135834,33300
2018-02-23,25.801271438598633,25.804575566080715,25.566593278191334,25.791355273522186,25500
2018-02-26,26.072309494018555,26.12188843406585,25.814494844878908,25.90704446921225,735300
2018-02-27,25.854154586791992,26.227655249568237,25.827712112205575,26.085526712251877,42600
2018-02-28,25.444297790527344,25.93679058309537,25.411245166868397,25.93679058309537,35100
2018-03-01,25.232755661010742,25.64591909283623,25.027826008735026,25.4178529843822,95100
2018-03-02,25.78144073486328,25.794661028255806,25.02121901665165,25.02121901665165,72300
2018-03-05,25.89051628112793,25.92356890543278,25.57981669524283,25.57981669524283,57900
2018-03-06,26.267318725585938,26.27723489023817,25.887207906720473,26.085527417135072,28200
2018-03-07,26.501998901367188,26.51191506677726,26.07561324530982,26.07561324530982,123000
2018-03-08,26.37969970703125,26.55157674823198,26.340036938332673,26.478859465750322,45000
2018-03-09,26.93168830871582,26.948214620396644,26.465639888845168,26.465639888845168,31800
2018-03-12,27.291967391967773,27.344854238294463,27.133312526933246,27.176283207780877,56700
2018-03-13,27.0870418548584,27.47706701190862,27.017630582067124,27.40104559202183,48000
2018-03-14,26.984573364257812,27.232471823034132,26.984573364257812,27.232471823034132,37200
2018-03-15,27.03415298461914,27.139924786822636,26.95152142380965,27.106870271183645,38100
2018-03-16,27.11017417907715,27.11017417907715,26.958129471186112,26.997794130338143,21900
2018-03-19,26.771638870239258,26.980119199530144,26.311654764229527,26.980119199530144,43200
2018-03-20,26.870914459228516,26.960263707577433,26.728615754863394,26.728615754863394,33900
2018-03-21,27.119108200073242,27.218385359686174,26.907316042573637,26.907316042573637,59100
2018-03-22,26.41424560546875,26.953649242825428,26.357988098997687,26.761714763831147,39900
2018-03-23,25.61341094970703,26.440718160579486,25.61341094970703,26.427482214705424,48900
2018-03-26,26.21238136291504,26.21238136291504,25.788800808352747,26.046920682177756,45600
2018-03-27,25.477733612060547,26.3513685143099,25.47111563922,26.338132568628808,63600
2018-03-28,25.22623062133789,25.61671940541719,25.093861702459684,25.37845535143642,68100
2018-03-29,25.679595947265625,25.884768253453927,25.28248917410494,25.40493019246851,28800
2018-04-02,24.928396224975586,25.76232120003586,24.819191177855735,25.550530970630586,525000
2018-04-03,25.292415618896484,25.33543528014252,24.961492380270617,25.150116903152902,357600
2018-04-04,25.53730010986328,25.596865654764954,24.944948913504277,24.944948913504277,389400
2018-04-05,25.722614288330078,25.772251922339855,25.58693543772725,25.732542193842907,23700
2018-04-06,25.246089935302734,25.755709870301956,25.070699436594644,25.543919570712188,29100
2018-04-09,25.193140029907227,25.696141944902607,25.189830096699332,25.434714028112932,48000
2018-04-10,25.907928466796875,26.00720561953382,25.471112024441023,25.58362512098066,60000
2018-04-11,26.07670021057129,26.142883719617416,25.93109535453725,25.937713326731007,17700
2018-04-12,26.275257110595703,26.410934074914092,26.195835755791844,26.255401298506122,21900
2018-04-13,26.21238136291504,26.41755366741976,26.13296000893461,26.41755366741976,38400
2018-04-16,26.298419952392578,26.37453326462817,26.116413398039583,26.305039818537857,19800
2018-04-17,26.847749710083008,26.847749710083008,26.473808719837084,26.49697256918805,28200
2018-04-18,26.87753677368164,26.880846706953115,26.655818583355266,26.76833169837694,25500
2018-04-19,26.374530792236328,26.74185379958149,26.354674982770586,26.721999883669962,22200
2018-04-20,26.248783111572266,26.493665146831592,26.13957803952473,26.391078047575117,34200
2018-04-23,26.01051902770996,26.387769986252476,26.01051902770996,26.26532896872352,24900
2018-04-24,25.904619216918945,26.41093100502505,25.851673546758335,26.348057429973625,31200
2018-04-25,25.759014129638672,25.950948572974056,25.626645221553193,25.950948572974056,26400
2018-04-26,25.745779037475586,25.901313704532978,25.639885793269414,25.901313704532978,27000
2018-04-27,25.371835708618164,25.77225047839339,25.29572240180235,25.77225047839339,48000
2018-04-30,25.272560119628906,25.540607889414485,25.20306667417806,25.401619104958424,29400
2018-05-01,25.51744270324707,25.5637722990789,25.150117763261413,25.275868711853057,53700
2018-05-02,25.778873443603516,25.917860342598498,25.52406160404007,25.52406160404007,30600
2018-05-03,25.745779037475586,25.78880059405095,25.408237812475075,25.659739711433705,47400
2018-05-04,26.202455520629883,26.291804787589154,25.659741945576613,25.659741945576613,27300
2018-05-07,26.516830444335938,26.573087950013797,26.245474609560922,26.245474609560922,26100
2018-05-08,26.62603187561035,26.69883525097411,26.506900800973554,26.506900800973554,25500
2018-05-09,26.808040618896484,26.82458839119878,26.57639642287212,26.77494886140078,37500
2018-05-10,27.12572479248047,27.12572479248047,26.837821233604764,26.837821233604764,27300
2018-05-11,26.904010772705078,27.079399366395204,26.761713937774328,27.079399366395204,45900
2018-05-14,26.887462615966797,27.135654590228366,26.82458903264327,27.03306938211683,56700
2018-05-15,26.78818702697754,26.821278784876505,26.57308681352533,26.67236398077669,52200
2018-05-16,27.132341384887695,27.175361041181326,26.774944404057337,26.9337870858588,30300
2018-05-17,27.191909790039062,27.294496883012314,27.099252495975897,27.099252495975897,28800
2018-05-18,26.917245864868164,27.05954269528471,26.917245864868164,27.052924722453685,20700
2018-05-21,27.23162269592285,27.284570264614754,27.072779989847135,27.158819315582875,36600
2018-05-22,27.132341384887695,27.367297368523694,27.132341384887695,27.33751365560312,28200
2018-05-23,27.10256004333496,27.10256004333496,26.970193023806274,27.003284778688446,82800
2018-05-24,26.94371795654297,27.092634643986738,26.79480316265354,27.092634643986738,28800
2018-05-25,27.10917854309082,27.165434144844863,26.910624236694588,26.910624236694588,14400
2018-05-29,27.115798950195312,27.181982462568293,26.930482464574848,26.930482464574848,19200
2018-05-30,27.311044692993164,27.486433281726704,27.225003471674032,27.225003471674032,14400
2018-05-31,27.25147819519043,27.48974225157281,27.19853062710546,27.32758961422968,49500
2018-06-01,27.559236526489258,27.668441599030388,27.357374153791113,27.397083884271417,41400
2018-06-04,27.926563262939453,27.926563262939453,27.562548200030903,27.575786040972613,71100
2018-06-05,28.15159034729004,28.204537921947768,27.817359018957458,27.906708287886705,212400
2018-06-06,28.35344696044922,28.35344696044922,28.062235359181628,28.25086176554007,85500
2018-06-07,28.088708877563477,28.442795944294875,27.92986618745337,28.442795944294875,38100
2018-06-08,28.01259994506836,28.065547513125487,27.827283456868415,27.972888322248316,48900
2018-06-11,28.138349533081055,28.227698792567534,28.022528382617995,28.02914635536214,21900
2018-06-12,28.204538345336914,28.317051469784907,28.072169406705555,28.21777429242272,40200
2018-06-13,28.3104305267334,28.48912904853054,28.135041938137856,28.363378096632218,58500
2018-06-14,28.456037521362305,28.502365225233405,28.297192916823974,28.297192916823974,45300
2018-06-15,28.422945022583008,28.422945022583008,28.19130081316854,28.28065007841529,136800
2018-06-18,28.563024520874023,28.56964735085532,28.14244544542668,28.440493638971162,48900
2018-06-19,28.298091888427734,28.377571531677184,27.887446117500172,28.344455487392622,66600
2018-06-20,28.506731033325195,28.5530946417102,28.357706908821918,28.5464718104965,54900
2018-06-21,28.142446517944336,28.476923131549256,28.0629668703072,28.443805190492245,79200
2018-06-22,28.019916534423828,28.314654301114064,27.8775152479861,28.314654301114064,145800
2018-06-25,27.278106689453125,27.814595791167733,27.062848576176684,27.814595791167733,67800
2018-06-26,27.516544342041016,27.715244420934713,27.221806586494974,27.32777945658644,62700
2018-06-27,27.115833282470703,27.79803409650341,27.115833282470703,27.59271119025086,39000
2018-06-28,27.198623657226562,27.244985363147105,26.83102910779434,26.943626694886582,48600
2018-06-29,27.25492286682129,27.413882173312516,27.19200313274487,27.268170423167764,27900
2018-07-02,27.72186851501465,27.72186851501465,27.04629048991961,27.04629048991961,50100
2018-07-03,27.64901351928711,27.82784323128584,27.602649909705107,27.82784323128584,28500
2018-07-05,28.106019973754883,28.109330441619207,27.642387717642762,27.74504822538031,52800
2018-07-06,28.367639541625977,28.450431556627354,28.036473376564846,28.036473376564846,64500
2018-07-09,28.735233306884766,28.735233306884766,28.45043263021946,28.48685914745248,38400
2018-07-10,28.69217872619629,28.85113991309053,28.529908966670796,28.81139914263091,79200
2018-07-11,28.24180030822754,28.67893940518724,28.24180030822754,28.506732520038067,59700
2018-07-12,28.715362548828125,28.771659449160932,28.347767988093665,28.453740853360483,46200
2018-07-13,28.635883331298828,28.827958678752616,28.546468488014813,28.705427788309876,52800
2018-07-16,28.48354721069336,28.705428140277153,28.430560776611987,28.579584885597804,37200
2018-07-17,28.678936004638672,28.824647756384653,28.394133436976094,28.394133436976094,41400
2018-07-18,28.784902572631836,28.811395784869244,28.61600810775036,28.665682170091493,293100
2018-07-19,28.844512939453125,28.89749936597253,28.68886602215641,28.71867159767761,119100
2018-07-20,28.814708709716797,28.92399393012124,28.718672938977146,28.894188353207984,220200
2018-07-23,28.738544464111328,28.788220430880383,28.48023701668974,28.788220430880383,28200
2018-07-24,28.37425994873047,28.894189059068708,28.23186057540622,28.87763293141579,91200
2018-07-25,28.463674545288086,28.463674545288086,28.122575113802842,28.351078855616013,33600
2018-07-26,28.655752182006836,28.72198617209927,28.39413237426096,28.457054001618246,31800
2018-07-27,28.106019973754883,28.74185719703249,28.00004520826422,28.74185719703249,23100
2018-07-30,27.64238739013672,28.06958933512464,27.612581810044567,28.06958933512464,103800
2018-07-31,27.80797004699707,27.92387811182898,27.572841554501558,27.72849039353614,35700
2018-08-01,27.672189712524414,27.80796815522065,27.53972363243453,27.77816257659632,55500
2018-08-02,28.122577667236328,28.185499295251375,27.533102160545635,27.629139836480903,204900
2018-08-03,27.920562744140625,28.155691211331227,27.74504543183858,28.155691211331227,28200
2018-08-06,28.311344146728516,28.3477706645269,27.920566800481804,27.920566800481804,30000
2018-08-07,28.46698570251465,28.5828937497484,28.40737455026132,28.430557296674547,42900
2018-08-08,28.53321647644043,28.65574734774876,28.463672030289437,28.65574734774876,36000
2018-08-09,28.437183380126953,28.632571091110318,28.437183380126953,28.450430936013724,33300
2018-08-10,28.450429916381836,28.563025610134527,28.21199097346446,28.274910703102528,34800
2018-08-13,28.235170364379883,28.536530916271328,28.13250986876718,28.38088399164352,39600
2018-08-14,28.450429916381836,28.55640277990067,28.228548996521244,28.357702713330717,41100
2018-08-15,28.129201889038086,28.29809639470648,27.88082772746365,28.29809639470648,112500
2018-08-16,28.334522247314453,28.450430305240435,28.23186174498153,28.235172212671568,31500
2018-08-17,28.298091888427734,28.3411431249865,28.023224551988708,28.25835111933093,27300
2018-08-20,28.440494537353516,28.51666182190489,28.344456867286382,28.35107969747688,15600
2018-08-21,28.82133674621582,28.963738027367924,28.529911353262406,28.529911353262406,34200
2018-08-22,28.874324798583984,28.930623599616588,28.76835192248344,28.791532778526246,21300
2018-08-23,28.940553665161133,29.099514856495794,28.88425676536305,28.917372811708308,79200
2018-08-24,29.145877838134766,29.22535938475047,29.079645742547502,29.119384620910985,52800
2018-08-27,29.37769317626953,29.61944448757005,29.17237027454473,29.17237027454473,46800
2018-08-28,29.569772720336914,29.636006718499114,29.35120412679637,29.569772720336914,56400
2018-08-29,29.473735809326172,29.62938276193223,29.473735809326172,29.589641985555225,47700
2018-08-30,29.536651611328125,29.738662144475104,29.384317042033203,29.526716418557715,46200
2018-08-31,29.708864212036133,29.708864212036133,29.453867198048467,29.470425224222968,18000
2018-09-04,29.443927764892578,29.602887067219115,29.225359197929677,29.602887067219115,49200
2018-09-05,29.30152702331543,29.46048632855494,29.039905315768493,29.46048632855494,63300
2018-09-06,28.827957153320312,29.324705414193023,28.82133432322788,29.324705414193023,20700
2018-09-07,28.755102157592773,29.016723859718184,28.652441652357147,28.75841452032077,50100
2018-09-10,28.804779052734375,28.89419200488591,28.67562343139827,28.741857423483733,58800
2018-09-11,28.678936004638672,28.78159651393824,28.599456350519656,28.705429222678344,173400
2018-09-12,28.586206436157227,28.662375616078904,28.261665015676442,28.659063253492995,40800
2018-09-13,28.69217872619629,28.867697935800628,28.69217872619629,28.76172507450062,18900
2018-09-14,28.784902572631836,28.910745804495527,28.695487744462582,28.76834455185146,27300
2018-09-17,28.380889892578125,28.804781412834213,28.33121392070776,28.804781412834213,30000
2018-09-18,28.523286819458008,28.582897980534867,28.423938674218718,28.423938674218718,30000
2018-09-19,28.231861114501953,28.394130876019048,28.099393141306876,28.380885215666094,29100
2018-09-20,28.60276985168457,28.60276985168457,28.351083322819097,28.410692592044523,29100
2018-09-21,28.414005279541016,28.546471376523975,28.407380553483474,28.546471376523975,41100
2018-09-24,28.402061462402344,28.42526773549772,28.216405586572613,28.34901502942875,205200
2018-09-25,28.249563217163086,28.415326948678256,28.246247221664195,28.415326948678256,27600
2018-09-26,27.82520866394043,28.30923970208304,27.82520866394043,28.30923970208304,40800
2018-09-27,27.91472053527832,28.007547544581318,27.851728001182405,27.94455690750805,31800
2018-09-28,27.848413467407227,28.007547106887746,27.81526110010444,27.8252071896998,24900
2018-10-01,27.569929122924805,28.17994141806837,27.569929122924805,28.01749367728343,34200
2018-10-02,27.304704666137695,27.656126193320738,27.211877662539038,27.530144926915924,103800
2018-10-03,27.41411018371582,27.59313599701808,27.23508437041356,27.347805451098726,70200
2018-10-04,27.032855987548828,27.331231119291854,26.857144248565717,27.331231119291854,62400
2018-10-05,26.383058547973633,26.989756782428298,26.197402620467273,26.989756782428298,94200
2018-10-08,25.998485565185547,26.35653724422994,25.782991358573803,26.293546600804618,458100
2018-10-09,25.91228675842285,26.124464953691042,25.83603593088186,25.962015311555323,260400
2018-10-10,25.083463668823242,25.83603532156706,24.947536304301742,25.819457240557846,204000
2018-10-11,24.861339569091797,25.312218192269725,24.705520035736818,24.874599756556357,75000
2018-10-12,24.980693817138672,25.119935298347237,24.708839052750736,25.010532090407466,103500
2018-10-15,25.053627014160156,25.28238138583338,24.73204373678098,24.884547283570676,113400
2018-10-16,25.98190689086914,26.091311981658173,25.242597323186512,25.295641870777075,39900
2018-10-17,26.021690368652344,26.074734914446154,25.799566096012946,25.905655187600566,45600
2018-10-18,25.444828033447266,25.905654649611293,25.39841547960849,25.899024555780404,36000
2018-10-19,25.11661720275879,25.68684896109908,25.020476089982758,25.531029409751202,66300
2018-10-22,25.31553077697754,25.468034305836742,25.159713149961615,25.159713149961615,55200
2018-10-23,25.07020378112793,25.29232806385269,24.559648581914256,24.84144940413356,59100
2018-10-24,24.03583526611328,25.066887967914873,24.03583526611328,25.02047541066713,39000
2018-10-25,24.55301856994629,24.649161576757304,24.131976281540418,24.131976281540418,42000
2018-10-26,24.271217346191406,24.60606078901501,23.684411373903007,24.098821631764572,127500
2018-10-29,23.92974281311035,24.725412890451967,23.608161442537185,24.54307108015641,70500
2018-10-30,24.669052124023438,24.669052124023438,24.02588749173646,24.02588749173646,38100
2018-10-31,24.904434204101562,25.073512001965817,24.785083050113705,24.785083050113705,21000
2018-11-01,25.657007217407227,25.657007217407227,25.023786801515357,25.023786801515357,30600
2018-11-02,25.759780883789062,25.759780883789062,25.454773807079448,25.686846058508532,27000
2018-11-05,25.448152542114258,25.710061254788226,25.0934167936865,25.710061254788226,71700
2018-11-06,25.491243362426758,25.587388262888126,25.345371808009475,25.345371808009475,25800
2018-11-07,25.998485565185547,26.041584027103326,25.537660776723584,25.617227605730914,62100
2018-11-08,25.958702087402344,26.084683369342624,25.899027442228494,25.899027442228494,24300
2018-11-09,25.375211715698242,25.720003213142537,25.186241678029656,25.720003213142537,19800
2018-11-12,24.56627655029297,25.222703201056664,24.430349206400326,25.219387205953538,37500
2018-11-13,24.63258171081543,25.043677847827855,24.56627698376192,24.576221175202022,107400
2018-11-14,24.5032901763916,24.974061020578294,24.5032901763916,24.751936735666103,30900
2018-11-15,25.023788452148438,25.123247450805387,24.360731622806473,24.360731622806473,50700
2018-11-16,25.030420303344727,25.14976958344808,24.73867340304186,24.73867340304186,45900
2018-11-19,24.28779411315918,25.007211461151336,24.185021019312824,25.007211461151336,27600
2018-11-20,23.787189483642578,24.23475216557662,23.644630120509344,23.664522301134703,96300
2018-11-21,24.07893180847168,24.450243648293416,23.986104797027593,24.002680981320367,28500
2018-11-23,24.24469566345215,24.397199203568405,23.807077221601702,23.807077221601702,11400
2018-11-26,24.579540252685547,24.66573716747333,24.373992158403205,24.373992158403205,51600
2018-11-27,24.357412338256836,24.592798666527784,24.261269348112414,24.443611137198694,58500
2018-11-28,25.100040435791016,25.15308498058007,24.320946550051424,24.43366763049508,156900
2018-11-29,25.050310134887695,25.259174216846635,24.85802413316635,25.060256224221224,61500
2018-11-30,25.322162628173828,25.338740708197943,24.90112226827092,24.967427000277183,42300
2018-12-03,25.550922393798828,25.650381402485728,25.216077001318844,25.570812677917964,33300
2018-12-04,24.490028381347656,25.640434179616488,24.450244020820676,25.477984535835862,42300
2018-12-06,24.48008155822754,24.48008155822754,23.880015348753805,23.880015348753805,126600
2018-12-07,23.744089126586914,24.55964956199816,23.700990666580523,24.214859984924267,51300
2018-12-10,23.82697105407715,24.02920315745485,23.60153077516619,23.67446750337468,177900
2018-12-11,23.88001251220703,24.310998937355183,23.647942169041706,24.025885949747217,67800
2018-12-12,24.168445587158203,24.483398791072926,24.025890017728422,24.025890017728422,52500
2018-12-13,23.836917877197266,24.367363376806026,23.833601881441183,24.271220367129782,49500
2018-12-14,23.43244743347168,23.97283892352639,23.33962043669482,23.482177875514992,87900
2018-12-17,22.8986873626709,23.548483965826126,22.7727079952517,23.309783521263032,129900
2018-12-18,23.100919723510742,23.42581705379099,22.93184001667552,22.93184001667552,114000
2018-12-19,22.606943130493164,23.372774934702885,22.520746219108823,22.961678762370145,93600
2018-12-20,22.298620223999023,22.74618472351509,22.030081524289383,22.474330028615547,141900
2018-12-21,21.61236000061035,22.331777454793297,21.516216986396355,22.232318444666706,231600
2018-12-24,21.257568359375,21.70230129202533,21.237654490965937,21.377047771647348,84000
2018-12-26,22.342851638793945,22.346169351119112,21.280801977409453,21.36045555958145,140100
2018-12-27,22.671417236328125,22.697968423749465,21.884836647266482,21.92134476735717,85500
2018-12-28,22.72452163696289,23.08628136044164,22.48887864066023,22.60504033337025,150600
2018-12-31,22.907062530517578,22.980078784143775,22.571853964985962,22.900425207212763,282300
2019-01-02,23.019906997680664,23.185851478275442,22.43246114352035,22.588448689406686,94200
2019-01-03,22.093935012817383,22.717889052524203,22.093935012817383,22.717889052524203,44400
2019-01-04,22.917016983032227,23.039815996781613,22.283106148345638,22.283106148345638,55200
2019-01-07,23.371707916259766,23.451361488319773,22.870553005117024,22.870553005117024,75600
2019-01-08,23.59407615661621,23.59407615661621,23.36175274579847,23.448043647270968,63900
2019-01-09,23.92928695678711,24.045448673020434,23.560889836031834,23.560889836031834,100500
2019-01-10,24.191478729248047,24.257855760846684,23.716874977135245,23.716874977135245,43500
2019-01-11,24.380653381347656,24.42047921508774,23.985703260168023,24.03216831544048,131100
2019-01-14,24.042129516601562,24.221350547974293,23.932605130964635,24.138377355907725,61800
2019-01-15,24.208072662353516,24.32091475401187,23.98902390319834,23.98902390319834,58800
2019-01-16,24.241260528564453,24.460309281853846,24.15165002023534,24.15165002023534,97500
2019-01-17,24.3740177154541,24.53664448308599,24.085274206671897,24.085274206671897,105600
2019-01-18,24.695951461791992,24.841983970303236,24.47026727475419,24.520050048606063,53400
2019-01-22,24.181522369384766,24.579790265715015,24.04212908044196,24.500136686448965,48900
2019-01-23,24.098546981811523,24.44703207148904,23.969110639463793,24.25121680292566,52500
2019-01-24,24.712541580200195,24.86189177582959,24.164923563195487,24.164923563195487,51300
2019-01-25,25.319904327392578,25.38296364429859,24.812112080154257,24.812112080154257,63000
2019-01-28,25.190467834472656,25.296674506457,24.958146318087135,25.027842962911905,56100
2019-01-29,25.087583541870117,25.226976836347934,25.087583541870117,25.210382577394977,37200
2019-01-30,25.356409072875977,25.419468381376095,25.011243630990062,25.193782335213005,54600
2019-01-31,25.754680633544922,25.81773995120989,25.273439571891274,25.273439571891274,31200
2019-02-01,25.797826766967773,25.86088608630543,25.60201148562744,25.67170812829246,37800
2019-02-04,26.083251953125,26.109803144907723,25.70157833386194,25.70157833386194,42600
2019-02-05,26.083251953125,26.18281939708298,26.05006343816935,26.056700761342274,139500
2019-02-06,26.322214126586914,26.421781576019953,26.02351367737894,26.02351367737894,38400
2019-02-07,25.897390365600586,26.222641949410907,25.814417189517297,26.03346591859539,26700
2019-02-08,25.99696159362793,26.119760620782788,25.65179419420472,25.65179419420472,52500
2019-02-11,26.159584045410156,26.192774457081796,25.99031997252112,26.10980127653905,97200
2019-02-12,26.541259765625,26.581085601247587,26.285702899092154,26.285702899092154,47100
2019-02-13,26.6640567779541,26.770261530417955,26.391905675447397,26.391905675447397,200700
2019-02-14,26.836645126342773,26.966081487961937,26.54458198550951,26.54458198550951,27000
2019-02-15,27.214996337890625,27.214996337890625,26.909658581122358,27.022500671726434,54900
2019-02-19,27.2979736328125,27.400858797411317,27.02914208138236,27.02914208138236,61200
2019-02-20,27.613264083862305,27.636495662866214,27.294649805055503,27.29796941595216,29100
2019-02-21,27.507061004638672,27.619903093836765,27.447321298485683,27.54688874146801,38100
2019-02-22,27.815719604492188,27.82235692789495,27.573439258925788,27.573439258925788,86700
2019-02-25,27.98830223083496,28.24717682450364,27.968388362300978,28.031447679931233,101100
2019-02-26,27.868818283081055,28.024807706390135,27.822353227259786,28.01816848477935,54000
2019-02-27,27.65972900390625,27.755976829432534,27.517016121511485,27.6464524594763,40200
2019-02-28,27.480506896972656,27.64645135160636,27.380939464556107,27.6099432297506,32400
2019-03-01,27.57012176513672,27.702877729699015,27.387581126931615,27.60662989277774,33600
2019-03-04,27.281375885009766,27.659731801808604,27.082242891144503,27.646455256035676,186600
2019-03-05,27.10879135131836,27.354389381998548,27.10879135131836,27.264778879109095,101400
2019-03-06,26.607637405395508,27.115429640165726,26.607637405395508,27.115429640165726,50700
2019-03-07,26.26910972595215,26.567810152257664,26.25583507989417,26.567810152257664,43800
2019-03-08,26.28238868713379,26.355403045346588,26.05670259158276,26.129718848886725,83700
2019-03-11,26.843280792236328,27.065647270840753,26.34544544906496,26.34544544906496,71700
2019-03-12,26.879789352416992,27.02581995630046,26.810090812939432,26.886424776436357,25800
2019-03-13,26.946165084838867,27.178488474340103,26.903019638061366,26.939527762047927,41400
2019-03-14,26.846595764160156,27.075599526662995,26.766942198981308,26.926249329339004,26700
2019-03-15,27.075603485107422,27.278057987906887,26.836642754634898,26.836642754634898,39900
2019-03-18,27.074607849121094,27.230725507618565,26.805555346636456,27.097858525613375,31500
2019-03-19,27.008174896240234,27.22076093129296,27.008174896240234,27.12775442216664,36600
2019-03-20,26.838769912719727,27.154325654389975,26.656081146969974,26.951706652186953,42300
2019-03-21,27.37023162841797,27.513061819376826,26.732479278453905,26.732479278453905,49500
2019-03-22,26.31395149230957,27.2473273588955,26.264125906475535,27.2473273588955,33000
2019-03-25,26.267454147338867,26.303992284942378,25.918682570748054,26.104693698132717,54600
2019-03-26,26.36709976196289,26.60293647047185,26.22759190099549,26.22759190099549,69000
2019-03-27,26.250844955444336,26.3870323896046,25.848929233808146,26.3870323896046,66600
2019-03-28,26.350492477416992,26.480037123317032,26.09804976601411,26.177768817086406,27300
2019-03-29,26.649438858032227,26.80223417256153,26.549789574586857,26.612900724080525,28500
2019-04-01,27.077924728393555,27.21079169293112,26.85537740945521,26.85537740945521,19200
2019-04-02,27.200824737548828,27.200824737548828,27.014813660677856,27.041386671659424,28500
2019-04-03,27.45659065246582,27.669174747455454,27.330368370902796,27.330368370902796,29100
2019-04-04,27.430021286010742,27.62931985187594,27.290513430296297,27.426698946340597,17400
2019-04-05,27.675823211669922,27.689110670662746,27.436666055668198,27.436666055668198,16500
2019-04-08,27.70903968811035,27.70903968811035,27.459917424002068,27.532991792960892,18000
2019-04-09,27.586139678955078,27.875122437052053,27.486490386485357,27.54960344234661,101700
2019-04-10,27.911659240722656,27.91830201972934,27.486489073209512,27.486489073209512,37500
2019-04-11,27.851869583129883,28.054488591575417,27.815331448723835,27.888407717535934,30900
2019-04-12,28.03123664855957,28.081062242354374,27.885086008282958,27.994698513327403,26700
2019-04-15,28.03788185119629,28.20728507195461,27.888408868327677,28.1807120549857,24900
2019-04-16,28.310253143310547,28.406580086604496,28.0877039016375,28.0877039016375,17700
2019-04-17,28.247140884399414,28.522836146069288,28.110953473008877,28.386650635330664,32400
2019-04-18,28.03455924987793,28.267073621350477,27.948197420697408,28.257108502498557,35100
2019-04-22,28.024587631225586,28.027909970289695,27.871792345354432,27.871792345354432,23100
2019-04-23,28.453086853027344,28.64906310349181,27.961485056825385,27.961485056825385,30600
2019-04-24,28.57598114013672,28.778600129789833,28.33682401946638,28.33682401946638,46200
2019-04-25,28.091022491455078,28.144168515188483,27.96147787069758,28.00798111662724,19500
2019-04-26,28.203960418701172,28.207282758294312,27.825293532464702,27.994696739327978,32400
2019-04-29,28.253782272338867,28.426507807569028,28.200636246214483,28.200636246214483,18900
2019-04-30,28.383331298828125,28.519518724627684,28.130886685278135,28.130886685278135,39300
2019-05-01,28.532804489135742,28.811822121884017,28.426512419641565,28.502909131845957,27600
2019-05-02,28.326862335205078,28.566021385514453,28.17738935425077,28.353435351833667,20100
2019-05-03,28.79521369934082,28.87825318921369,28.456407258833654,28.456407258833654,30000
2019-05-06,28.64906120300293,28.79521374646169,28.13088642247907,28.13088642247907,57900
2019-05-07,28.48297882080078,28.715495098039735,28.303612379477226,28.413224887955156,52200
2019-05-08,28.054487228393555,28.466369904728143,28.054487228393555,28.466369904728143,24900
2019-05-09,27.958162307739258,27.97477020547073,27.61935587219151,27.851870241736204,9300
2019-05-10,27.924943923950195,27.98473273444155,27.456594757239216,27.778793287121104,30600
2019-05-13,26.70590591430664,27.340337862203413,26.70590591430664,27.340337862203413,80700
2019-05-14,27.09121322631836,27.154324371671155,26.78230217849288,26.78230217849288,60900
2019-05-15,27.320411682128906,27.37687815794461,26.838773113445004,26.90188616995772,33600
2019-05-16,27.280550003051758,27.516384816647992,27.051357968555617,27.154327696889446,32700
2019-05-17,26.699262619018555,27.147683445365498,26.689297500582846,27.008173687917562,21300
2019-05-20,26.17776870727539,26.423568638554187,26.16448124849303,26.36045748580518,29400
2019-05-21,26.5198917388916,26.705902830287318,26.353810882451235,26.353810882451235,45300
2019-05-22,26.357131958007812,26.499960233267736,26.323916168442793,26.33720172400811,17700
2019-05-23,25.65959358215332,26.224271609443516,25.619733106994264,26.041580932717956,30000
2019-05-24,25.965187072753906,25.978472632163744,25.795783836038687,25.81239173562712,19800
2019-05-28,25.885461807250977,26.13126170326298,25.885461807250977,26.01500453336902,11700
2019-05-29,25.726024627685547,25.74927530221614,25.546656307829327,25.57987210020214,51600
2019-05-30,25.795780181884766,25.951895936422975,25.682843439638052,25.70941645534575,27000
2019-05-31,25.314144134521484,25.6031249741632,25.314144134521484,25.483547351088024,20400
2019-06-03,25.21449089050293,25.42375264836461,25.055052817660197,25.304175044058436,58200
2019-06-04,26.041582107543945,26.054869566747097,25.433723138510192,25.433723138510192,54300
2019-06-05,25.978469848632812,26.23423679671626,25.792458732259806,26.23423679671626,37500
2019-06-06,26.23090934753418,26.240872563757208,25.892102976400075,26.078114056541114,28800
2019-06-07,26.54314422607422,26.63282838242703,26.32391734424058,26.32391734424058,24000
2019-06-10,26.875308990478516,27.197507522072218,26.672689981154857,26.672689981154857,35100
2019-06-11,26.672691345214844,27.177578674798813,26.652763007694045,27.031428029718988,24300
2019-06-12,26.5198917388916,26.96499018275145,26.430207582244332,26.612898234915367,13800
2019-06-13,26.765695571899414,26.862022513977898,26.52653843619188,26.52653843619188,32400
2019-06-14,26.470067977905273,26.709225094743203,26.406956834491563,26.649436290696674,45600
2019-06-17,26.493322372436523,26.622867016825317,26.49000003260273,26.573043323230905,12900
2019-06-18,26.99488639831543,27.22075796684384,26.596291189722834,26.695940467033953,66600
2019-06-19,27.06131935119629,27.094535142762787,26.80223199554356,26.994885867411455,22200
2019-06-20,27.343658447265625,27.46655840137645,27.247329606922843,27.386839358116568,26100
2019-06-21,27.14436149597168,27.22076010485997,27.104502922307724,27.214115425372622,31500
2019-06-24,26.96085548400879,27.193563495887837,26.940908648194025,27.16364514440065,17700
2019-06-25,26.774690628051758,27.01737206847097,26.70487860187631,26.827880924398293,22200
2019-06-26,26.91431427001953,27.080533456261275,26.87109549349589,26.87109549349589,15000
2019-06-27,27.34649085998535,27.34649085998535,26.924293540568936,26.924293540568936,17100
2019-06-28,27.798601150512695,27.798601150512695,27.51602797588393,27.562569954662788,71100
2019-07-01,28.014690399169922,28.470133013970464,27.841822891338186,28.16761297302992,24000
2019-07-02,27.81522560119629,27.93490471516747,27.569220964222456,27.93490471516747,48900
2019-07-03,27.888362884521484,27.928254654573628,27.765360565361128,27.855119425772195,20400
2019-07-05,27.901660919189453,27.901660919189453,27.59581577781108,27.7653600775829,15600
2019-07-08,27.41962242126465,27.858441383371833,27.36643212875257,27.858441383371833,15900
2019-07-09,27.46283721923828,27.46283721923828,27.23012923153806,27.23012923153806,13200
2019-07-10,27.678922653198242,27.891685717660987,27.668951138174293,27.675599448935206,23100
2019-07-11,27.442890167236328,27.632381281811114,27.40299840230386,27.632381281811114,29400
2019-07-12,27.898334503173828,27.898334503173828,27.496082210653416,27.496082210653416,12000
2019-07-15,27.8252010345459,27.98809703689982,27.718820437637653,27.93822994320213,19200
2019-07-16,27.778656005859375,27.92825346610011,27.755385966172117,27.778656005859375,19500
2019-07-17,27.715492248535156,27.978118586583573,27.682246891303823,27.70884203574802,74700
2019-07-18,27.80525016784668,27.815223585140984,27.592490907095957,27.74208836204083,14700
2019-07-19,27.77200698852539,27.92160634719634,27.708843279855067,27.708843279855067,23100
2019-07-22,27.885032653808594,27.958169771405892,27.82187085468508,27.8285191647663,18900
2019-07-23,28.11441993713379,28.15763680987857,27.868413419781835,27.968145688857774,28200
2019-07-24,28.819196701049805,28.819196701049805,27.988096866099664,27.988096866099664,27000
2019-07-25,28.68621826171875,28.898981350599453,28.65629990874362,28.892331136840482,17700
2019-07-26,29.161605834960938,29.251364692532707,28.73608348927843,28.73608348927843,27600
2019-07-29,29.09844207763672,29.09844207763672,28.84246402974926,29.08847056213124,47700
2019-07-30,29.078495025634766,29.101765063843573,28.79591994953895,28.79591994953895,11700
2019-07-31,28.779296875,29.301226326058487,28.779296875,29.115060322396587,13800
2019-08-01,28.908954620361328,29.58380674356247,28.649651449911445,29.337802098327092,21600
2019-08-02,28.214153289794922,28.682892499548842,27.99474190895424,28.682892499548842,50100
2019-08-05,27.296621322631836,27.848469205332208,26.96418102851638,27.592493051238144,28500
2019-08-06,27.53929901123047,27.755385283057063,27.170292078534306,27.565894156890597,12900
2019-08-07,27.718814849853516,27.722139956174768,27.286644237593016,27.519350319742678,25800
2019-08-08,28.45018196105957,28.476777104648463,27.778653158764065,27.778653158764065,43500
2019-08-09,27.991418838500977,28.41029286492288,27.868414623395143,28.41029286492288,18900
2019-08-12,27.685571670532227,27.885034300389243,27.60578623814247,27.821872497536095,89400
2019-08-13,28.06123161315918,28.283966205397927,27.6423575754828,27.6423575754828,36600
2019-08-14,27.293292999267578,27.619083041451503,27.19023562618696,27.59581300352221,31800
2019-08-15,27.107131958007812,27.3830568685354,27.024021403480425,27.250081122632654,17700
2019-08-16,27.7686824798584,27.7686824798584,27.34648524709829,27.42627068573102,8100
2019-08-19,28.004714965820312,28.160962635216034,27.97811982020347,28.03131011143715,9600
2019-08-20,27.76535987854004,27.888362194657734,27.76535987854004,27.841822114453972,13500
2019-08-21,27.974796295166016,28.031311696134864,27.908309378482635,27.974796295166016,14100
2019-08-22,27.931575775146484,28.077850016344115,27.735436352941324,28.077850016344115,15900
2019-08-23,26.977474212646484,27.71881504193961,26.964177591738814,27.53929734404278,28500
2019-08-26,27.117103576660156,27.243431002440758,27.04064133894479,27.206862436965586,132000
2019-08-27,26.784664154052734,27.35978399783187,26.77469073566829,27.206863321897224,29100
2019-08-28,27.103805541992188,27.15367263319424,26.60514604338182,26.784663767239156,9900
2019-08-29,27.592496871948242,27.675605530308847,27.246758005121194,27.246758005121194,15600
2019-08-30,27.602460861206055,27.758706618099644,27.39634802066098,27.645677732214182,29100
2019-09-03,27.20020866394043,27.270020678989972,27.080531467351143,27.143695171975665,76800
2019-09-04,27.649005889892578,27.702196183501105,27.496083320209326,27.55924703164882,12000
2019-09-05,28.340482711791992,28.50005359882662,28.230777013617555,28.240750431836595,21600
2019-09-06,28.300586700439453,28.426912215560662,28.2075027395766,28.39366875906744,15000
2019-09-09,28.456832885742188,28.539943430430895,28.23742340653526,28.25736833938324,21600
2019-09-10,28.732757568359375,28.732757568359375,28.17758270981295,28.21082806880346,9600
2019-09-11,29.470773696899414,29.487397327712696,28.93222246246737,28.93222246246737,16200
2019-09-12,29.470773696899414,29.75334688720163,29.407611889195543,29.504017154056168,17100
2019-09-13,29.464122772216797,29.620370431015974,29.30455190933768,29.610397014306688,68100
2019-09-16,29.450830459594727,29.543912525439872,29.111741850814887,29.19817560529288,13500
2019-09-17,29.494047164916992,29.507343787573788,29.258014041526334,29.258014041526334,11400
2019-09-18,29.454151153564453,29.507341444437877,29.181551388396862,29.507341444437877,18600
2019-09-19,29.424232482910156,29.80986306358425,29.410935860594645,29.789918130110983,101100
2019-09-20,29.2779598236084,29.56385812502092,29.201499490497227,29.394313827723607,26100
2019-09-23,29.24403953552246,29.393684568998907,29.101044927284118,29.101044927284118,16200
2019-09-24,28.838333129882812,29.470169153515315,28.838333129882812,29.470169153515315,33900
2019-09-25,29.23406410217285,29.23406410217285,28.715292856291548,28.94474871021754,13500
2019-09-26,29.01457977294922,29.230734752315612,28.921468117562267,29.097718645431318,9300
2019-09-27,28.49248504638672,29.041186015420756,28.322886841825618,29.041186015420756,45900
2019-09-30,28.532394409179688,28.788453873537517,28.532394409179688,28.63880883087852,23400
2019-10-01,28.133342742919922,28.81838611712381,28.116713823117006,28.66874106161852,7800
2019-10-02,27.92383575439453,27.930488082882718,27.637846520281045,27.930488082882718,10800
2019-10-03,28.016948699951172,28.016948699951172,27.727635191236843,27.767539649786386,23400
2019-10-04,28.452585220336914,28.452585220336914,28.043554525681277,28.043554525681277,6900
2019-10-07,28.445932388305664,28.628833372101848,28.386074749445108,28.386074749445108,15000
2019-10-08,27.774188995361328,28.156616037681633,27.73760880229662,28.156616037681633,28800
2019-10-09,27.973716735839844,28.11338517882649,27.827395964833016,28.040224793323077,33900
2019-10-10,28.056852340698242,28.193196525104792,27.947111760358347,27.947111760358347,19500
2019-10-11,28.831682205200195,28.948073207546596,28.31623715316891,28.43262815551531,17100
2019-10-14,28.529067993164062,28.642132839511277,28.495813962386634,28.51576523914913,23100
2019-10-15,29.08441734313965,29.08441734313965,28.59557589517615,28.735244336640065,34800
2019-10-16,28.901517868041992,29.064465660024972,28.78512685988842,28.848312561602537,24600
2019-10-17,29.320528030395508,29.363758654375804,29.034538776390377,29.051167695927496,26100
2019-10-18,29.047840118408203,29.290598736623945,28.755200452527856,29.290598736623945,22200
2019-10-21,29.2839412689209,29.559953870475244,29.230734066280053,29.290593596380752,20400
2019-10-22,29.247365951538086,29.327176763602445,29.187506415359923,29.187506415359923,9900
2019-10-23,29.104368209838867,29.200807935327827,29.0544871679706,29.200807935327827,12300
2019-10-24,29.45021629333496,29.470169470773037,29.25401448848659,29.25401448848659,14100
2019-10-25,29.70627784729004,29.819342689440433,29.426940954584378,29.426940954584378,43200
2019-10-28,30.18514060974121,30.28490459422607,29.779436149766443,29.779436149766443,94800
2019-10-29,30.11530876159668,30.1618655450657,30.0088943438617,30.03882411241462,12000
2019-10-30,30.278255462646484,30.311509491281928,30.03217070336068,30.22504825569385,17100
2019-10-31,30.25830078125,30.27825395857602,30.078725990995267,30.251650356421234,100500
2019-11-01,30.683958053588867,30.743817584860455,30.457828389361875,30.457828389361875,42300
2019-11-04,30.9732723236084,31.059733550840406,30.87018218082596,30.943342559025183,22200
2019-11-05,31.36235237121582,31.39893256337392,31.06971273679081,31.1229199430499,25800
2019-11-06,31.053083419799805,31.116267210401755,30.940016687754394,31.116267210401755,34500
2019-11-07,31.20273208618164,31.478744718303663,31.19940592208335,31.28254289898175,31800
2019-11-08,31.09964370727539,31.16615367316218,30.943348236843402,31.11294646158874,27000
2019-11-11,31.036462783813477,31.08966999705891,30.923397931376936,30.923397931376936,12600
2019-11-12,31.18277931213379,31.339076678504878,31.132898267051043,31.132898267051043,162600
2019-11-13,31.066389083862305,31.176129669206695,30.986578268022733,31.02315846313753,44400
2019-11-14,30.949995040893555,31.066386040445686,30.943344615935086,31.053085190528748,22200
2019-11-15,31.19940757751465,31.22268692175813,31.036461682010156,31.169479710401568,48600
2019-11-18,30.83693504333496,31.19275852277598,30.79703058448366,31.19275852277598,39300
2019-11-19,30.946678161621094,31.053092597698935,30.72719696008038,30.856890743325387,25500
2019-11-20,30.72054100036621,31.006530221525086,30.607476158108007,30.88348878982647,39900
2019-11-21,30.434551239013672,30.803677430397638,30.434551239013672,30.803677430397638,21600
2019-11-22,30.394649505615234,30.594177503063214,30.22172511430432,30.52101520763628,24900
2019-11-25,31.169479370117188,31.186106385629596,30.514363922456567,30.514363922456567,66000
2019-11-26,31.05974006652832,31.245965311930934,31.05974006652832,31.08966983739018,24900
2019-11-27,31.265918731689453,31.28254574801545,31.089670075225825,31.22268810867385,51000
2019-11-29,30.97992706298828,31.189429735731295,30.969950473404342,31.102968496457024,19200
2019-12-02,30.378021240234375,31.07304113554509,30.354741896546884,31.07304113554509,206100
2019-12-03,30.12196159362793,30.12196159362793,29.81269490523138,29.919109331468473,39000
2019-12-04,30.4644832611084,30.521014733997372,30.411276049659964,30.411276049659964,18300
2019-12-05,30.481109619140625,30.51436364986838,30.361392444544798,30.461156439567997,29400
2019-12-06,30.833606719970703,30.986576012063082,30.737166992867508,30.737166992867508,125400
2019-12-09,30.640731811523438,30.876840000832953,30.640731811523438,30.876840000832953,15300
2019-12-10,30.594175338745117,30.757121225532376,30.550942816845772,30.550942816845772,20700
2019-12-11,30.903444290161133,30.916745141854253,30.677312685817938,30.737170324117017,21900
2019-12-12,31.41223907470703,31.535280516047624,30.913420980636506,30.913420980636506,20100
2019-12-13,31.325775146484375,31.64834457855139,31.239313903833,31.46876976470625,41100
2019-12-16,31.508670806884766,31.837892531813477,31.508670806884766,31.691571765178495,29400
2019-12-17,31.628387451171875,31.628387451171875,31.445488398722524,31.51199645312602,38700
2019-12-18,31.827917098999023,31.87114771720968,31.681596327049267,31.7713837275021,59100
2019-12-19,31.9742374420166,31.9742374420166,31.6982248027116,31.6982248027116,14100
2019-12-20,31.954282760620117,32.16046306791134,31.88112427755142,32.16046306791134,23100
2019-12-23,32.09968185424805,32.139607745678354,31.833515590616976,32.05310418594107,19200
2019-12-24,32.03314208984375,32.08637534398188,31.956618097163112,32.02981429754587,11100
2019-12-26,32.10633087158203,32.17952705505172,32.06307719678929,32.17952705505172,14100
2019-12-27,31.95993995666504,32.24939691216563,31.939977014126175,32.24939691216563,26100
2019-12-30,31.943307876586914,32.04644658333436,31.680467517947058,32.00652069441847,59700
2019-12-31,31.92667007446289,32.08636980933029,31.823529472504145,31.90670713166171,39900
2020-01-02,32.30595779418945,32.309281778311785,31.986554522631288,32.23941338352961,26700
2020-01-03,32.15956497192383,32.21944999087636,31.913359794023375,31.94663199888838,25800
2020-01-06,31.88009262084961,31.939979549448907,31.80689642824428,31.939979549448907,23700
2020-01-07,32.049774169921875,32.086372266603156,31.79358749315289,31.79358749315289,20700
2020-01-08,32.24939727783203,32.402441428976026,32.0763863763808,32.0763863763808,25500
2020-01-09,32.34587860107422,32.53884862706192,32.329243450948134,32.465656251032215,24600
2020-01-10,32.20614242553711,32.37914951313413,32.13294624058255,32.37914951313413,21300
2020-01-13,32.68524169921875,32.73514715067346,32.23941281264792,32.23941281264792,39600
2020-01-14,32.77174758911133,33.00797131195657,32.542179449953224,32.6918996225765,53100
2020-01-15,32.86823654174805,33.06453438965988,32.721844151940765,32.72849973603833,24300
2020-01-16,33.3672981262207,33.42718695937378,33.12442261670526,33.157692921498416,50700
2020-01-17,33.3806037902832,33.53365175360487,33.290772448889825,33.53365175360487,37200
2020-01-21,33.10445785522461,33.3107352566366,33.10445785522461,33.26415759399128,25200
2020-01-22,33.16767120361328,33.403894927534274,33.12109354021769,33.36396904031396,38400
2020-01-23,33.36397171020508,33.36397171020508,33.02460925675988,33.12442398279816,21000
2020-01-24,32.928123474121094,33.33069871529659,32.76176814917194,33.33069871529659,21300
2020-01-27,32.256046295166016,32.50224955564489,32.05309670823637,32.50224955564489,36300
2020-01-28,32.61869812011719,32.678586940921825,32.312606048573834,32.35585972041188,31500
2020-01-29,32.1961669921875,32.7185161136432,32.1961669921875,32.7185161136432,19800
2020-01-30,31.92667007446289,32.18950850751803,31.657176057960022,31.92667007446289,22500
2020-01-31,31.108211517333984,31.85680481207564,31.084920780517912,31.85680481207564,44100
2020-02-03,31.351085662841797,31.450898478537578,31.287870943026842,31.357741246653667,54000
2020-02-04,31.88009262084961,31.969922061862988,31.65052257097188,31.65052257097188,20700
2020-02-05,32.039791107177734,32.2128020238815,31.756991610670386,32.2128020238815,18000
2020-02-06,31.939977645874023,32.28931962835895,31.91003323147345,32.28931962835895,24900
2020-02-07,31.311159133911133,31.710408460472873,31.27455913723398,31.710408460472873,31200
2020-02-10,31.663829803466797,31.663829803466797,31.277887824849355,31.277887824849355,26400
2020-02-11,31.986557006835938,32.1495845431697,31.81354990227621,31.826859166196027,27900
2020-02-12,32.28599166870117,32.2893156524958,32.02314945872335,32.192832548995426,73800
2020-02-13,32.31261444091797,32.36584769294528,32.07639069518974,32.152914684836034,22800
2020-02-14,31.823532104492188,32.295977668491616,31.74701002245354,32.295977668491616,25800
2020-02-18,31.4808406829834,31.753660583201064,31.3876815538724,31.753660583201064,48900
2020-02-19,31.79691505432129,31.820203886689804,31.620580156152307,31.7137373893975,376200
2020-02-20,31.773622512817383,31.883416795825784,31.254599319893664,31.697100436150674,425100
2020-02-21,31.04499053955078,31.680463564505455,30.948505525072736,31.680463564505455,690300
2020-02-24,30.156661987304688,30.25980258982187,29.777373687112753,30.026904762165493,259500
2020-02-25,29.088668823242188,30.259802103562212,29.075359560259546,30.259802103562212,65700
2020-02-26,29.028779983520508,29.54115138837792,29.028779983520508,29.331546202598286,33000
2020-02-27,28.10385513305664,28.955587083612293,28.10385513305664,28.389982407368123,97500
2020-02-28,28.063926696777344,28.063926696777344,27.10905422721385,27.10905422721385,106500
2020-03-02,28.59293556213379,28.59293556213379,27.658024054257226,28.28684344335287,116700
2020-03-03,28.077238082885742,29.121942036276053,27.628083252370445,28.556339234048377,63600
2020-03-04,28.716039657592773,28.726021130119246,27.997388865856454,28.46318076364537,74100
2020-03-05,27.76449203491211,28.22362830243395,27.478362863766773,28.047293414292113,58500
2020-03-06,27.35525894165039,27.478360573914724,26.69316931458,26.872830075744478,38400
2020-03-09,24.99968719482422,26.197437122527603,19.769516064225375,25.638486140921476,76800
2020-03-10,25.77157211303711,25.824805364449357,24.76014033620443,25.824805364449357,52200
2020-03-11,24.487316131591797,25.36233880708827,24.231131371866425,25.079537424225574,53100
2020-03-12,21.8555965423584,23.12654078551378,21.8555965423584,22.82044866456133,216000
2020-03-13,23.106576919555664,23.106576919555664,21.592755334422613,23.030054844258025,147900
2020-03-16,20.338449478149414,21.745804794346878,16.63540869824906,16.63540869824906,158100
2020-03-17,21.71585464477539,21.858919212444924,19.852689377493334,20.780945171670872,269400
2020-03-18,19.88263511657715,21.13029042784888,19.207238114213183,20.47152857579908,97800
2020-03-19,20.70109748840332,21.186852272758983,19.010941022025165,19.430153298806644,104400
2020-03-20,20.07560920715332,21.78905668903066,20.07560920715332,20.88741727164644,87300
2020-03-23,20.412769317626953,20.635770691266913,19.557383493175653,20.146501579023095,113400
2020-03-24,22.383155822753906,22.403124476052533,21.318082895774634,21.318082895774634,79500
2020-03-25,22.755929946899414,23.588016180260123,22.010378350703704,22.61281079480585,67500
2020-03-26,24.240373611450195,24.286970944264308,22.173468516131326,23.13203432967609,46200
2020-03-27,23.165313720703125,23.48150591346224,22.902373165669506,23.168640876781463,42900
2020-03-30,23.66789436340332,23.674550580352797,22.965613006063307,23.23188072901227,37800
2020-03-31,23.61131477355957,23.960791890560238,23.245196161153693,23.88091156991698,33900
2020-04-01,22.066957473754883,22.865760588620596,21.967106608272456,22.696014688649527,75900
2020-04-02,22.40977668762207,22.885731406018056,21.98374835479035,21.98374835479035,15600
2020-04-03,21.940481185913086,22.483001906156755,21.517779988013174,22.466360411636618,38400
2020-04-06,24.037342071533203,24.097251833202645,22.942315344339985,22.942315344339985,54300
2020-04-07,24.113893508911133,25.129041831164944,23.977430585392337,24.842801645602524,76500
2020-04-08,24.859447479248047,24.962625518806984,24.09059815618947,24.263671242481514,32400
2020-04-09,25.408620834350586,25.62163500507746,25.02253169765967,25.34871107495788,36000
2020-04-13,25.052488327026367,25.14568107743725,24.746279494611386,25.14568107743725,38700
2020-04-14,25.768081665039062,26.01104974874346,25.461872860607507,25.50181396748849,32700
2020-04-15,24.739625930786133,25.085774006356413,24.639775048247333,25.025864238632003,63900
2020-04-16,24.94265365600586,24.94265365600586,24.39014762422344,24.935997438688464,15000
2020-04-17,25.68154525756836,25.837978732510077,25.368682116678823,25.68154525756836,51900
2020-04-20,25.54175567626953,25.82466489461662,25.265502674890175,25.545082832504903,31200
2020-04-21,24.623130798339844,25.032517656920348,24.453384888355465,24.902712857283806,30900
2020-04-22,25.292133331298828,25.381998939903106,24.989253511039156,25.232223560395067,24900
2020-04-23,25.458547592163086,25.654918367230614,25.358696722054606,25.358696722054606,41400
2020-04-24,25.87459373474121,25.931174441073473,25.365355950767853,25.515131321466566,18900
2020-04-27,26.700021743774414,26.77990206242569,25.924516269348565,25.924516269348565,37200
2020-04-28,26.839811325073242,27.229229537675476,26.80985739644791,27.092766615003104,23400
2020-04-29,28.39748191833496,28.5905255525695,27.4788572685169,27.4788572685169,51900
2020-04-30,27.245872497558594,28.164497146577197,27.245872497558594,28.164497146577197,26100
2020-05-01,25.971113204956055,26.603499527498638,25.79470917083607,26.603499527498638,19200
2020-05-04,25.957799911499023,26.00439533342485,25.578366987838333,25.648262025224007,29700
2020-05-05,26.157499313354492,26.623468760876715,26.154170252773344,26.333901434217452,45600
2020-05-06,26.453723907470703,26.713333508205597,26.32724626331967,26.370514530108817,29700
2020-05-07,26.85645294189453,26.986257734482656,26.729975305323418,26.809855617184613,40800
2020-05-08,27.681884765625,27.681884765625,27.15267647225126,27.15267647225126,31500
2020-05-11,27.44890022277832,27.59867558097305,27.192617773912048,27.375678026314393,24600
2020-05-12,26.553573608398438,27.445573359025207,26.54358833047943,27.415617525268186,33000
2020-05-13,25.41860580444336,26.34055751291532,25.21224785292162,26.34055751291532,30000
2020-05-14,25.368684768676758,25.37201192519549,24.40678991628131,25.089102682754145,39000
2020-05-15,25.458547592163086,25.535098846697988,25.11239765518743,25.11239765518743,27300
2020-05-18,26.849796295166016,26.849796295166016,26.090932338567626,26.090932338567626,33300
2020-05-19,26.942991256713867,27.329080408557335,26.926349762034828,26.956305595155293,50100
2020-05-20,27.542089462280273,27.588686784630525,27.15267319973887,27.15267319973887,27900
2020-05-21,27.159337997436523,27.625307526502116,27.12605500378819,27.39897897979954,18300
2020-05-22,27.35237693786621,27.35237693786621,27.039511899732105,27.159333322537535,12600
2020-05-26,28.340898513793945,28.347554730943383,28.04134588810471,28.097928495117543,28500
2020-05-27,28.717002868652344,28.736973424925043,27.708512630845874,28.533944514811456,24000
2020-05-28,27.755111694335938,28.68372166955307,27.755111694335938,28.68372166955307,17400
2020-05-29,27.898229598999023,27.898229598999023,27.498827988978764,27.528781919419593,24300
2020-06-01,28.217750549316406,28.53394467710905,27.844975717758714,27.844975717758714,25800
2020-06-02,28.38083839416504,28.437421002519578,28.227735873612314,28.320928629405405,29700
2020-06-03,29.2229061126709,29.369354292013632,28.70368507794829,28.70368507794829,54000
2020-06-04,29.30611801147461,29.469205792705466,28.94332849651604,28.94332849651604,51900
2020-06-05,30.11823272705078,30.484351269148604,29.95514305620353,29.95514305620353,62100
2020-06-08,30.24471664428711,30.271343418260056,30.051671104610424,30.258029079025032,34800
2020-06-09,29.822011947631836,30.094935872978,29.675563755570018,29.971787295742498,19800
2020-06-10,29.286148071289062,30.02171429826288,29.286148071289062,30.02171429826288,22500
2020-06-11,27.232555389404297,28.610493175072552,27.17597469110181,28.610493175072552,42900
2020-06-12,27.625303268432617,28.21109034164266,27.272497114850026,28.011390506036477,18300
2020-06-15,28.03468894958496,28.31094002813352,26.95963094401865,26.95963094401865,16500
2020-06-16,28.94998550415039,29.222909436838677,28.434091566503636,29.133043844655365,33900
2020-06-17,28.75693702697754,29.206264941725863,28.63711751937581,29.206264941725863,24600
2020-06-18,28.39082145690918,28.70035934375632,28.39082145690918,28.610493751380947,15300
2020-06-19,28.31760025024414,28.963299009098417,28.27100292211113,28.9499865750587,18600
2020-06-22,28.513032913208008,28.549654676671878,27.820515232749155,28.18675001330009,14100
2020-06-23,28.75275230407715,29.065716666402768,28.706140185198542,28.96583409883476,25500
2020-06-24,27.95369529724121,28.506376673202478,27.78722371790729,28.506376673202478,25500
2020-06-25,28.326589584350586,28.326589584350586,27.634073730124143,27.853813861439832,17400
2020-06-26,27.7639217376709,28.33990828515051,27.7639217376709,28.33990828515051,17100
2020-06-29,28.34323501586914,28.34323501586914,27.793883761118796,27.97033997620123,21900
2020-06-30,28.97582244873047,29.002457672985663,28.559645402779214,28.632894650857892,15600
2020-07-01,28.419811248779297,28.992469528802594,28.419811248779297,28.94252919721516,19800
2020-07-02,28.802692413330078,29.18557399847201,28.802692413330078,28.965833875597124,10800
2020-07-06,29.148950576782227,29.35870415936503,29.0590564564041,29.305433710629956,31500
2020-07-07,28.456436157226562,29.145623812670767,28.456436157226562,28.88260167338484,26100
2020-07-08,28.666189193725586,28.67950585376178,28.41648371958199,28.56963483550609,10200
2020-07-09,28.61957550048828,28.809350278734417,28.28996436893794,28.709469618647596,23700
2020-07-10,28.682832717895508,28.74276149146395,28.533009831423723,28.533009831423723,16500
2020-07-13,28.24335289001465,29.295445202912454,28.24335289001465,29.01910451253171,49500
2020-07-14,28.306610107421875,28.32658700074714,27.913740095831567,28.07688154948555,16500
2020-07-15,29.285459518432617,29.36203698624402,28.96916500919318,28.975825244725787,22800
2020-07-16,28.865949630737305,28.865949630737305,28.752750411000722,28.819337514927632,11400
2020-07-17,29.20888328552246,29.298775507031404,28.975824579872892,28.975824579872892,65400
2020-07-20,29.67167091369629,29.698306140210807,29.225530393302723,29.225530393302723,98100
2020-07-21,29.918045043945312,29.96798537717916,29.81483425988806,29.81483425988806,6900
2020-07-22,29.728267669677734,29.918044360815987,29.711622797414773,29.711622797414773,14400
2020-07-23,29.94135284423828,30.134457757275825,29.764892804281466,29.818163256505727,14700
2020-07-24,29.19889259338379,29.851456538027445,29.162268922016395,29.851456538027445,17400
2020-07-27,29.911386489868164,29.921374937460453,29.37535186805876,29.37535186805876,27600
2020-07-28,29.515188217163086,29.86144807223184,29.515188217163086,29.86144807223184,10500
2020-07-29,30.201045989990234,30.2975965388974,29.468574433295714,29.468574433295714,17100
2020-07-30,30.65384292602539,30.683806362080677,29.994620661388414,29.994620661388414,13800
2020-07-31,30.647184371948242,30.653844607082643,30.041234426726813,30.653844607082643,19200
2020-08-03,31.143266677856445,31.143266677856445,30.650514065317317,30.650514065317317,33600
2020-08-04,31.313066482543945,31.313066482543945,31.07667767112469,31.179890358188572,20700
2020-08-05,31.632688522338867,31.672640406262822,31.452900281927292,31.646005181946347,10500
2020-08-06,31.42293357849121,31.749216491055158,31.42293357849121,31.6892877152154,18300
2020-08-07,31.649335861206055,31.649335861206055,31.33637149365668,31.446242510325526,12000
2020-08-10,31.532808303833008,31.852431019440175,31.512831407832145,31.596067204434632,21300
2020-08-11,31.479534149169922,32.0322155061862,31.479534149169922,31.699276169133956,36600
2020-08-12,31.62602996826172,31.715922182728526,31.619371638505196,31.679300416516902,11100
2020-08-13,31.506174087524414,31.719255904759947,31.496185639203784,31.569432990153928,15000
2020-08-14,31.29974937438965,31.489526074842207,31.29974937438965,31.40629027883284,28800
2020-08-17,31.536136627197266,31.59606540668838,31.279772826778256,31.279772826778256,22500
2020-08-18,31.143266677856445,31.469547706167937,31.053372555801957,31.469547706167937,29400
2020-08-19,31.11330223083496,31.343030813762315,31.05337344944122,31.309737257999306,6000
2020-08-20,30.663829803466797,30.92352179312647,30.61388757076195,30.806992456950336,40500
2020-08-21,30.264301300048828,30.4873715386691,30.221019299286908,30.4540779850217,28200
2020-08-24,30.630538940429688,30.803666948733028,30.484044251771586,30.484044251771586,20700
2020-08-25,30.760385513305664,30.820314293814516,30.563950489041815,30.797007281043264,13500
2020-08-26,30.870256423950195,30.870256423950195,30.70711495552784,30.70711495552784,38700
2020-08-27,30.29759407043457,30.82364211099173,30.134454518718936,30.82364211099173,26700
2020-08-28,30.59724235534668,30.59724235534668,30.327560000290916,30.327560000290916,17100
2020-08-31,30.260974884033203,30.713773717861024,30.174408972269326,30.713773717861024,9900
2020-09-01,30.40414047241211,30.434103911431194,29.96465828414945,30.10782286422359,11400
2020-09-02,31.133277893066406,31.14659455280346,30.600573401553543,30.670490627926917,26100
2020-09-03,29.548480987548828,30.920197995075227,29.391999747971475,30.920197995075227,25500
2020-09-04,29.06904411315918,29.67832604468587,28.356551404428124,29.67832604468587,37800
2020-09-08,28.030269622802734,28.4131511903172,28.016951058795442,28.4131511903172,47700
2020-09-09,28.273317337036133,28.363211454383983,28.073552208462804,28.279975666628186,49200
2020-09-10,28.05357551574707,28.619575447362433,27.973669844765055,28.503046105709313,12300
2020-09-11,27.887104034423828,28.213386931919192,27.733951032038387,28.156786370900278,19500
2020-09-14,28.366540908813477,28.456435030097833,28.160117441608712,28.160117441608712,23100
2020-09-15,28.65620231628418,28.83599057233482,28.556319740133638,28.726119548059053,25500
2020-09-16,28.95917510986328,29.142291558651987,28.786045203012698,28.786045203012698,32400
2020-09-17,28.646211624145508,28.72944551016606,28.226706361256706,28.226706361256706,17400
2020-09-18,28.46975326538086,28.979152679148527,28.356554030688592,28.809352874559305,12600
2020-09-21,28.096073150634766,28.146029842669037,27.786335561700216,28.146029842669037,36300
2020-09-22,28.409133911132812,28.409133911132812,27.942865804319375,28.27924538772719,13800
2020-09-23,27.639789581298828,28.53569200079228,27.639789581298828,28.3924824627945,10500
2020-09-24,27.79299545288086,28.01946805639311,27.380013308981386,27.46660566292869,10800
2020-09-25,27.97949981689453,28.06609407234298,27.393334899420775,27.673095384903128,32100
2020-09-28,28.768827438354492,28.86208220088253,28.3525160262783,28.3525160262783,23100
2020-09-29,28.968660354614258,28.968660354614258,28.735525334936,28.735525334936,19500
2020-09-30,28.782154083251953,29.211788476517434,28.67557828700553,28.975322237517204,23400
2020-10-01,29.308372497558594,29.31836421730296,28.758841251698072,28.945348906899703,12900
2020-10-02,29.151836395263672,29.161828113771982,28.56566955142944,28.56566955142944,19500
2020-10-05,29.714691162109375,29.724682880840415,29.29171920160651,29.29171920160651,17400
2020-10-06,29.994457244873047,30.573963662206623,29.857906279783442,29.857906279783442,70500
2020-10-07,30.264225006103516,30.287537746568578,30.057732021524806,30.12434284613654,8400
2020-10-08,30.737152099609375,30.737152099609375,30.5839508316893,30.62724700790371,15900
2020-10-09,31.33331298828125,31.3566257278728,31.000262689152855,31.000262689152855,15900
2020-10-12,31.66303253173828,31.7063287091558,31.406582863939487,31.49317712450002,57900
2020-10-13,31.579769134521484,31.649709259257314,31.383269781346787,31.556454489125894,28800
2020-10-14,31.260042190551758,31.736302049213737,31.203423086070753,31.736302049213737,14100
2020-10-15,31.443218231201172,31.443218231201172,30.77378832737235,30.77378832737235,18300
2020-10-16,31.436559677124023,31.649711273014514,31.436559677124023,31.60308388498207,17100
2020-10-19,31.250049591064453,31.732971852449758,31.19010118583175,31.633056573244964,17700
2020-10-20,31.170116424560547,31.509827215988725,31.170116424560547,31.386599202685932,8700
2020-10-21,31.376609802246094,31.563117439942282,31.256711082292934,31.300009165696505,9900
2020-10-22,31.579769134521484,31.579769134521484,31.100178074282532,31.369948760313992,17400
2020-10-23,31.65970230102539,31.686346249929954,31.429898479939222,31.5797704543117,6600
2020-10-26,30.90367889404297,31.329982061085378,30.580620310621583,31.329982061085378,13200
2020-10-27,30.66721534729004,31.0035968869657,30.66721534729004,30.89701918015784,11700
2020-10-28,29.724681854248047,30.074384374854873,29.561486963486445,30.071053166817748,27000
2020-10-29,30.210935592651367,30.340824121396672,29.691377666219264,29.691377666219264,72900
2020-10-30,29.881216049194336,30.097696927128357,29.81127402092675,29.984460628999376,15300
2020-11-02,30.367467880249023,30.494027105866778,29.99778192181036,30.287536038657613,19200
2020-11-03,31.369951248168945,31.373280550828447,30.907010474643833,30.907010474643833,8700
2020-11-04,31.839550018310547,31.97276976528419,31.33997549072798,31.469865935105776,18000
2020-11-05,33.035194396972656,33.05517783415814,32.25585940399351,32.25585940399351,24000
2020-11-06,32.875335693359375,33.05518284383451,32.80539555833588,32.90864396801716,26700
2020-11-09,33.571407318115234,34.500616260641664,33.571407318115234,33.638020051359426,27600
2020-11-10,33.801212310791016,33.92777153915322,33.571404687997145,33.6313549997848,15300
2020-11-11,34.32410430908203,34.36073998260437,34.00437687367889,34.00437687367889,15600
2020-11-12,33.64801025390625,34.11428033474793,33.5880637481803,34.04100899534841,20100
2020-11-13,34.54391098022461,34.54391098022461,34.13759126085346,34.453987419987065,18300
2020-11-16,35.269954681396484,35.269954681396484,34.94689613716116,34.94689613716116,59700
2020-11-17,35.37653732299805,35.39652076183723,34.73042010918577,35.09011438538853,40500
2020-11-18,35.05015182495117,35.569705996462304,35.05015182495117,35.39319006419545,9300
2020-11-19,35.2166748046875,35.2166748046875,34.856980516422794,34.96355631950483,7200
2020-11-20,35.2866096496582,35.453135746314736,35.16671284201991,35.16671284201991,16200
2020-11-23,35.96936798095703,35.982689003530446,35.529743744423385,35.61633610832764,21300
2020-11-24,36.59883117675781,36.65877768109744,36.15920315052753,36.30241461759627,30600
2020-11-25,36.59883117675781,36.67876111969438,36.41898404083655,36.62880442892762,9000
2020-11-27,36.95186233520508,36.965183356868145,36.71539609629283,36.7520317644546,14400
2020-11-30,36.62546920776367,37.14502712000582,36.512231005271545,37.14502712000582,24300
2020-12-01,36.95186233520508,37.24494768049926,36.785336224337826,37.24494768049926,27000
2020-12-02,37.18832778930664,37.218301040278774,36.80198767762196,36.97850359814859,28800
2020-12-03,37.411468505859375,37.67458058918195,37.22496277557163,37.22496277557163,33600
2020-12-04,38.28072738647461,38.29738342734825,37.69456052560553,37.69456052560553,26100
2020-12-07,38.597129821777344,38.61711326064493,38.300713258601284,38.60711963548552,64200
2020-12-08,38.74034118652344,38.8502443828225,38.47057047971394,38.63376538715064,29100
2020-12-09,38.16416549682617,39.289873848089194,37.99763937493298,39.22326492391247,106800
2020-12-10,38.583805084228516,38.583805084228516,38.164160531321684,38.164160531321684,34200
2020-12-11,38.46390914916992,38.73367986359767,38.09755625777444,38.2141218741203,50400
2020-12-14,38.780303955078125,39.16664408342794,38.65041732096208,39.12667720610706,84300
2020-12-15,39.466392517089844,39.499696981484554,39.04008927451494,39.11002941203416,765900
2020-12-16,39.3431510925293,39.789437624236676,39.199939657471326,39.789437624236676,784200
2020-12-17,39.95929718017578,39.95929718017578,39.549646246770884,39.549646246770884,115500
2020-12-18,40.02923583984375,40.562118584887614,39.96928934197127,40.01924602734859,227100
2020-12-21,39.632850646972656,39.77275420022408,39.17649821735864,39.639514173160215,59700
2020-12-22,40.269073486328125,40.33236553835861,39.899327898025255,40.24242701016761,56400
2020-12-23,40.49225616455078,40.662137934705584,40.305715581552064,40.33902939515458,42600
2020-12-24,40.572200775146484,40.805374605722186,40.39232371121422,40.66213930711262,21300
2020-12-28,41.0052375793457,41.30503140895837,40.93528581283893,40.93528581283893,65400
2020-12-29,40.112518310546875,41.29504251401307,39.86935299388203,41.29504251401307,108000
2020-12-30,40.722103118896484,40.848683427126176,40.305720425717624,40.305720425717624,28500
2020-12-31,40.79871368408203,40.91529868987418,40.34902103757021,40.6188366254773,50400
2021-01-04,40.55554962158203,41.28838118547887,40.01925014158441,41.28838118547887,96300
2021-01-05,41.33168029785156,41.51155735194375,40.638822369389366,40.638822369389366,28500
2021-01-06,42.584163665771484,43.00720608774419,41.45493614072941,41.561529686994305,99600
2021-01-07,44.276329040527344,44.276329040527344,43.09713672183519,43.15709701013801,77100
2021-01-08,44.166404724121094,44.812629423527724,43.70005708149951,44.46953031061659,90900
2021-01-11,44.149749755859375,44.15641328096197,43.257027996376756,43.52018005664973,58500
2021-01-12,44.57279968261719,44.61277321585354,44.229700511162726,44.35294906190319,47700
2021-01-13,44.26634216308594,44.56946780049467,44.213045389608425,44.519502790125614,32400
2021-01-14,45.52880859375,45.74865537793018,44.54614824813359,44.54614824813359,41700
2021-01-15,44.37959289550781,45.189039671345895,44.30297760330347,45.189039671345895,39000
2021-01-19,45.488834381103516,45.488834381103516,45.02581848047598,45.17904525575775,79500
2021-01-20,45.38557434082031,46.04845409559262,45.21902050839988,45.95518379695375,56400
2021-01-21,45.065792083740234,45.68203476067613,44.90922973341542,45.68203476067613,45600
2021-01-22,45.59209442138672,45.60874942215278,44.636084416324536,44.636084416324536,35400
2021-01-25,45.35892105102539,46.47149341130577,45.09910074923192,45.7386619340331,58500
2021-01-26,44.80929946899414,45.482170671770746,44.702705935641696,45.482170671770746,57600
2021-01-27,43.730037689208984,44.46620095688752,43.123786483376186,44.029835341481544,66900
2021-01-28,43.55016326904297,44.04315740139508,43.32364915453706,44.04315740139508,38400
2021-01-29,42.544185638427734,43.74336481326653,42.52753063683869,43.34696891369334,39600
2021-02-01,43.89659118652344,43.96654295497108,42.664102019843504,42.74404907640395,138600
2021-02-02,44.782649993896484,44.85593352591948,43.98319847921674,44.77932204323813,97800
2021-02-03,44.68605041503906,45.02581777516241,44.36293805605316,45.02581777516241,28200
2021-02-04,45.70867919921875,45.718670673961235,44.93254250860597,44.93254250860597,25800
2021-02-05,46.46149444580078,46.48148120775442,45.92519888373253,46.14837740339223,37500
2021-02-08,48.08039474487305,48.08039474487305,47.081079376506345,47.081079376506345,57000
2021-02-09,49.03640365600586,49.19629395866317,47.71730770606168,48.04042007411436,39300
2021-02-10,47.88052749633789,49.45611573304901,47.8505454452055,49.45611573304901,55800
2021-02-11,48.65999221801758,49.04972457404895,48.05374103928314,48.48344692210885,38100
2021-02-12,48.94979476928711,48.959786244983874,48.420158879395416,48.55006712388014,22800
2021-02-16,48.76325607299805,49.51940610353847,48.68664459079549,49.35285227615568,27600
2021-02-17,48.22029495239258,48.49011054064587,47.60071672214337,48.27359171752587,39300
2021-02-18,47.7372932434082,47.80058148546261,47.13770176479051,47.79392177224317,29100
2021-02-19,48.50676727294922,48.92647788382352,47.48746517385888,47.97712755321223,43800
2021-02-22,47.4375,48.127026206294516,47.31091970223183,47.91383913891348,66900
2021-02-23,46.17170333862305,46.35490836378138,44.97252411352198,46.35490836378138,68700
2021-02-24,47.71397399902344,47.71397399902344,46.1683678029848,46.175031328189384,24000
2021-02-25,46.04844665527344,47.65734093942871,45.68202904556986,47.65734093942871,47400
2021-02-26,46.28495788574219,46.79461088139915,45.10576539283624,46.04845608423608,121500
2021-03-01,47.93049621582031,47.93049621582031,47.024451140216655,47.45415705628003,144900
2021-03-02,46.364898681640625,48.007106890855624,46.364898681640625,48.007106890855624,247500
2021-03-03,45.69535827636719,46.674690664166846,45.69535827636719,46.471495071034504,81300
2021-03-04,43.803321838378906,45.67204429898854,43.22372091412508,45.302294872529735,132300
2021-03-05,44.3596076965332,44.3596076965332,42.39428700346761,44.282992401626345,79200
2021-03-08,43.816646575927734,44.865926882013305,43.60678746504234,44.35960570514461,55800
2021-03-09,45.32561492919922,45.75198908889919,44.70937221778464,44.782651940908096,59700
2021-03-10,45.84525680541992,46.038457109134086,45.592096209345314,45.84858856812086,26400
2021-03-11,47.16768264770508,47.1810058858992,46.35157236192898,46.35157236192898,49200
2021-03-12,47.12771224975586,47.167685779077296,46.694674576973306,46.80793163935552,23700
2021-03-15,47.51410675048828,47.51410675048828,46.797934138124134,47.22097646806946,33900
2021-03-16,47.347564697265625,47.94048888630901,47.18767438582375,47.7639435723473,16200
2021-03-17,47.85054397583008,47.863871025739826,46.588076654931875,46.97114928604757,28200
2021-03-18,46.011810302734375,47.54076547094223,45.89855704692748,47.14436954540369,25800
2021-03-19,46.20834732055664,46.59474796663849,45.63873401636486,46.04512524065208,22200
2021-03-22,46.362579345703125,46.625756063041635,46.052765019417876,46.625756063041635,21900
2021-03-23,44.43705368041992,46.30261911239573,44.14056382870387,46.24931735183765,78300
2021-03-24,43.55757522583008,45.24991098626751,43.55757522583008,44.933428667173494,23700
2021-03-25,43.94401168823242,44.21052048095459,42.56815837786063,43.03454971823505,51000
2021-03-26,45.5463981628418,45.5463981628418,44.35377079581901,44.48036295348541,17100
2021-03-29,44.137229919433594,45.59303395589361,43.86405697826082,45.31320067770454,30600
2021-03-30,44.52033615112305,44.58030206096058,43.83407741882575,43.993982699283215,42300
2021-03-31,45.742942810058594,45.809569049037044,44.826816774336265,44.826816774336265,21000
2021-04-01,46.835636138916016,46.835636138916016,46.08274735067547,46.08274735067547,21000
2021-04-05,47.68513107299805,47.81505530100848,47.2054152454701,47.43194676646989,51000
2021-04-06,47.238731384277344,47.69845860512358,47.07882609822462,47.69845860512358,30300
2021-04-07,46.265968322753906,46.805650057324335,46.25597591097704,46.805650057324335,23100
2021-04-08,46.78566360473633,46.78566360473633,46.322604317800796,46.322604317800796,14100
2021-04-09,46.53247833251953,46.822304007194234,46.40255411201152,46.822304007194234,17100
2021-04-12,46.52248764038086,46.612434601820745,46.309280592885244,46.612434601820745,55800
2021-04-13,46.68238830566406,46.769003183581205,46.2959515234361,46.52581511048914,21900
2021-04-14,46.71903610229492,47.302027195152725,46.71903610229492,47.0355145848824,11400
2021-04-15,47.10880661010742,47.10880661010742,46.665735956672755,46.73902635516547,12300
2021-04-16,47.16543960571289,47.21540929131012,46.712376548033575,47.168771680574565,16200
2021-04-19,46.116065979003906,46.66240813007659,45.70297633736419,46.639091228391656,28200
2021-04-20,45.113319396972656,45.776261226355814,44.76685605179928,45.776261226355814,22800
2021-04-21,46.38923645019531,46.38923645019531,44.846813574859794,44.846813574859794,33300
2021-04-22,46.059425354003906,46.69571438021006,45.75960343949367,46.49250357076453,9900
2021-04-23,47.265380859375,47.27870915935254,46.106066570110585,46.106066570110585,14100
2021-04-26,47.5851936340332,47.771747890523315,47.22207372081192,47.22207372081192,21600
2021-04-27,47.332008361816406,47.92832394294532,47.222072767604715,47.92832394294532,12900
2021-04-28,47.10547637939453,47.215411981437654,47.02552564037226,47.142121580075575,10500
2021-04-29,46.45586013793945,47.56187262009747,45.99280085587389,47.56187262009747,15900
2021-04-30,45.563053131103516,46.29595326501288,45.563053131103516,46.01278791070921,12900
2021-05-03,45.513084411621094,45.99613232403397,45.45645057707184,45.99613232403397,12300
2021-05-04,44.12723159790039,45.09665942618251,44.03062430999466,44.973399354150935,27600
2021-05-05,44.06727600097656,44.630274688311935,43.88738207204793,44.630274688311935,24000
2021-05-06,44.013973236083984,44.013973236083984,43.141156399350095,43.9806601111058,52200
2021-05-07,44.68024444580078,44.810164862797116,44.24383414784989,44.24383414784989,29400
2021-05-10,43.21111297607422,44.46037417442791,43.204448826371085,44.46037417442791,24300
2021-05-11,43.07785415649414,43.1578086984977,41.66535568478456,42.02181142425857,76500
2021-05-12,41.672019958496094,42.67476093653675,41.64203891137646,42.67476093653675,21000
2021-05-13,42.5181884765625,42.714742778534074,41.68202064286288,42.31164557440539,25800
2021-05-14,43.35102844238281,43.41099435075376,42.7980222177702,42.8513239766191,14400
2021-05-17,43.00123596191406,43.04454149559424,42.74138751006324,43.04454149559424,22800
2021-05-18,42.947933197021484,43.61420711874832,42.947933197021484,43.264415501996275,15900
2021-05-19,43.06453323364258,43.20111780635076,41.98850177687089,41.98850177687089,11100
2021-05-20,43.86738967895508,43.86738967895508,43.391005921801536,43.391005921801536,8700
2021-05-21,43.90070724487305,44.33711758619849,43.90070724487305,44.33711758619849,8700
2021-05-24,44.58030319213867,44.58030319213867,44.17720981214573,44.17720981214573,9000
2021-05-25,44.217185974121094,44.75686777198122,44.16721628449174,44.64027182951272,8700
2021-05-26,44.93009948730469,44.93009948730469,44.420398762054965,44.420398762054965,6000
2021-05-27,45.43646240234375,45.62968080678388,44.793509204198294,44.98339553378827,10200
2021-05-28,45.359840393066406,45.63967749669339,45.33319141887869,45.63967749669339,20700
2021-06-01,45.48643493652344,45.65633645253843,45.293216519982295,45.65633645253843,17100
2021-06-02,45.329856872558594,45.53973182950421,45.32652479785613,45.35983791999584,10500
2021-06-03,44.923431396484375,45.166619475306874,44.716884702021986,45.166619475306874,16500
2021-06-04,45.6496696472168,45.67632243369439,45.29321388551151,45.29321388551151,11400
2021-06-07,45.79291915893555,45.87620196978858,45.579712113197616,45.742949472423724,12300
2021-06-08,46.20934295654297,46.22266744440177,45.78625710815079,45.96282277516217,15900
2021-06-09,45.762935638427734,46.15270450959313,45.736282852928326,46.15270450959313,21600
2021-06-10,45.86288070678711,45.922846622282634,45.626352932404906,45.922846622282634,9900
2021-06-11,46.4158821105957,46.4158821105957,46.0727508419738,46.0727508419738,12000
2021-06-14,46.75901412963867,46.93890804763071,46.67239924550225,46.838968676498524,16800
2021-06-15,46.52248764038086,46.86895099878261,46.485842440814885,46.74902298767701,11700
2021-06-16,46.63241958618164,46.779000372963324,46.35591457362143,46.37923528400282,15900
2021-06-17,46.55913543701172,46.752353858026986,46.18269100794621,46.70238416831591,10500
2021-06-18,45.59636688232422,45.88952846490686,45.306537374533214,45.88952846490686,9000
2021-06-21,45.766265869140625,45.986137062308046,45.75960553181118,45.75960553181118,11100
2021-06-22,46.04276657104492,46.04276657104492,45.439790696386545,45.439790696386545,29400
2021-06-23,46.485843658447266,46.72237142434658,46.345927006418684,46.345927006418684,37500
2021-06-24,47.39863586425781,47.45526970027137,46.792327855063576,46.792327855063576,68400
2021-06-25,47.40530014038086,47.7717483193302,47.37864735353294,47.37864735353294,10500
2021-06-28,47.95830535888672,48.001610894474865,47.60517786228915,47.68846448351096,64200
2021-06-29,48.024932861328125,48.27145303171293,47.98828766201881,48.11487982213801,21600
2021-06-30,47.83171081542969,47.95830296592311,47.63849242123734,47.63849242123734,8700
2021-07-01,47.61851119995117,47.86503138997492,47.538556645109416,47.86503138997492,20400
2021-07-02,47.265380859375,47.51523310975477,47.265380859375,47.51523310975477,59100
2021-07-06,46.848960876464844,47.27204288309472,46.58245207554336,47.27204288309472,13200
2021-07-07,46.45919418334961,47.12546431083811,46.08274976947049,46.93891004762074,17100
2021-07-08,45.80291748046875,46.156041189582155,45.00671928498312,45.333194018380695,56700
2021-07-09,46.46918487548828,46.505830074263294,45.869541020460616,45.869541020460616,16800
2021-07-12,46.32593536376953,46.369244711561,46.05609448988462,46.369244711561,13500
2021-07-13,45.87287139892578,46.102734995267284,45.86620724941581,46.102734995267284,12300
2021-07-14,45.34651565551758,46.18268726201079,45.34651565551758,46.17269484985625,9900
2021-07-15,44.64692687988281,45.18994068856542,44.237169373540155,45.10998614467295,22200
2021-07-16,43.797428131103516,45.00337986539922,43.797428131103516,45.00337986539922,68400
2021-07-19,43.39100646972656,43.760786713342775,42.91129063173842,42.98124895316736,36300
2021-07-20,44.54698944091797,44.95008281523885,43.49094663801713,43.49094663801713,9600
2021-07-21,45.60635757446289,45.61302172379485,44.796838802980666,44.796838802980666,65400
2021-07-22,44.87346649169922,45.506423503955176,44.78018745241052,45.506423503955176,16200
2021-07-23,45.253238677978516,45.253238677978516,44.61361752262717,44.980069525657306,15000
2021-07-26,45.56971740722656,45.84288653805226,45.37316693355215,45.393151757196826,27600
2021-07-27,44.553653717041016,45.12997686233933,43.94068156039941,45.12997686233933,12000
2021-07-28,45.85954666137695,45.889531524057965,44.89012251672779,44.98339774245617,18900
2021-07-29,46.33926773071289,46.52582200021186,46.305950792018116,46.309282867131884,17100
2021-07-30,46.7390251159668,46.772338239408846,46.059426722909635,46.059426722909635,4800
2021-08-02,46.725704193115234,47.58186449318508,46.725704193115234,47.312023597791026,21300
2021-08-03,47.002201080322266,47.022189716552475,46.33593099738044,46.33593099738044,8100
2021-08-04,46.82897186279297,47.04551097663119,46.7023797068192,46.7023797068192,9300
2021-08-05,47.1521110534668,47.17209968847089,46.965553001723535,46.965553001723535,18000
2021-08-06,47.861698150634766,47.861698150634766,47.32534843101989,47.32534843101989,20400
2021-08-09,47.76841735839844,47.871692620844506,47.765085283409405,47.871692620844506,9600
2021-08-10,47.861698150634766,48.05158830754371,47.82172087418626,47.895011276860885,18600
2021-08-11,47.67180633544922,47.99161688545062,47.332007149517416,47.99161688545062,7500
2021-08-12,47.32867431640625,47.70845076811341,47.30202534388773,47.70845076811341,51600
2021-08-13,47.072166442871094,47.32868286501718,47.072166442871094,47.32868286501718,15000
2021-08-16,46.835636138916016,46.95223207075163,46.665734634738726,46.858953037817585,18300
2021-08-17,45.93616485595703,46.475846584606614,45.78958406855456,46.475846584606614,29700
2021-08-18,46.012794494628906,46.452533112919234,45.789591204039745,45.789591204039745,23400
2021-08-19,45.77293014526367,45.80291500687824,45.539734464351,45.539734464351,67500
2021-08-20,46.50916290283203,46.50916290283203,45.9061869631548,45.9061869631548,6900
2021-08-23,47.268714904785156,47.29536769340847,46.838972523665326,46.99887781807639,18600
2021-08-24,47.39863586425781,47.52189594854959,47.305356829202694,47.351998252951596,13800
2021-08-25,48.03159713745117,48.12820443592591,47.511904008343706,47.511904008343706,23700
2021-08-26,47.80506134033203,47.97163077355444,47.80506134033203,47.97163077355444,5400
2021-08-27,49.2042350769043,49.39078933332914,47.788404435767454,47.788404435767454,18600
2021-08-30,49.28085708618164,49.45741892874885,49.03433310911471,49.45741892874885,16200
2021-08-31,49.08097457885742,49.287517470376486,48.681209470342466,49.27752505826279,44400
2021-09-01,49.447418212890625,49.447418212890625,48.971034488714004,49.140932166151536,30000
2021-09-02,49.63397979736328,49.653968433622026,49.38745963757636,49.53070835372856,18300
2021-09-03,49.590667724609375,49.67728641445097,49.48739628665035,49.67728641445097,12300
2021-09-07,49.18758010864258,49.5140510210745,49.1709235461443,49.5140510210745,14400
2021-09-08,48.381385803222656,48.654558744620466,48.311427483617756,48.654558744620466,6300
2021-09-09,48.4013786315918,48.661223296568224,48.4013786315918,48.481329369875766,6000
2021-09-10,47.9982795715332,48.541289550057506,47.9982795715332,48.541289550057506,4200
2021-09-13,48.381385803222656,48.381385803222656,47.72510814136397,48.241469164012855,13500
2021-09-14,47.948307037353516,48.44135115611396,47.81505454913457,48.31809107953446,79500
2021-09-15,48.36139678955078,48.36139678955078,47.83171128455289,48.06823902693481,7500
2021-09-16,48.461341857910156,48.47133426997561,48.014935328506,48.25146308010955,28500
2021-09-17,47.61518096923828,48.00828198340421,47.571871614947476,47.88835395893891,11400
2021-09-20,46.48917770385742,46.86229006256171,46.06609565480258,46.732365817695886,38100
2021-09-21,46.70904541015625,46.88893933186903,46.50583077638656,46.88893933186903,14100
2021-09-22,47.738433837890625,47.758422474347604,46.96555641547175,46.96555641547175,10200
2021-09-23,48.39804458618164,48.50464810784876,47.78840450525951,47.80506106724233,21000
2021-09-24,48.368064880371094,48.524638092334996,48.318095193034885,48.511313604867226,11700
2021-09-27,48.52463150024414,48.67454435432982,47.91165941068605,47.92165563426096,27900
2021-09-28,47.31201934814453,47.98495358242069,47.31201934814453,47.98495358242069,28200
2021-09-29,46.86228561401367,47.37531458197582,46.86228561401367,47.37531458197582,5400
2021-09-30,46.51581954956055,47.38530804062874,46.51581954956055,47.03551263691229,36000
2021-10-01,47.25205612182617,47.49191595839646,46.359250650194554,46.71570642385185,16200
2021-10-04,46.19268035888672,47.038844320240436,46.1860162096065,47.038844320240436,7500
2021-10-05,46.602439880371094,46.73569237223214,46.27596517540346,46.27596517540346,11100
2021-10-06,46.02611541748047,46.06276061720272,45.74961419452418,45.74961419452418,4800
2021-10-07,46.86228561401367,47.13545856608507,46.86228561401367,47.03884745729072,7500
2021-10-08,46.52248764038086,47.0121997220964,46.52248764038086,47.0121997220964,4800
2021-10-11,46.31261444091797,46.64908158735099,46.31261444091797,46.38257276777816,15300
2021-10-12,45.97281265258789,46.302619442894155,45.90951847941703,46.302619442894155,8700
2021-10-13,46.08607482910156,46.30594218398017,45.88619229630466,45.88619229630466,10200
2021-10-14,47.145450592041016,47.145450592041016,46.64907819001387,46.64907819001387,8100
2021-10-15,47.34199905395508,47.59185128174396,47.34199905395508,47.551877822754,6600
2021-10-18,46.838966369628906,47.00553197997901,46.68572143317588,46.68572143317588,85200
2021-10-19,47.198753356933594,47.34200207834898,46.842297590848105,46.842297590848105,593100
2021-10-20,47.16876983642578,47.371984458173934,47.132124639265335,47.195418809392024,10500
2021-10-21,47.381980895996094,47.38864504602515,47.03218926832667,47.18876248202427,12000
2021-10-22,47.198753356933594,47.70512199424641,47.13545918349083,47.38197935233529,9900
2021-10-25,47.411964416503906,47.68846947047422,47.342006087325046,47.342006087325046,8700
2021-10-26,47.142120361328125,47.68513420740235,47.138792098805496,47.68513420740235,8700
2021-10-27,46.63241958618164,47.072158134084255,46.63241958618164,46.96222635644043,12600
2021-10-28,47.88834762573242,47.88834762573242,46.86561794660352,46.86561794660352,10200
2021-10-29,47.78840255737305,47.82837982947938,47.35865641333623,47.52522583881761,72000
2021-11-01,48.8577766418457,48.98436881293437,47.97163525666806,47.97163525666806,7500
2021-11-02,49.63397979736328,49.80387748689878,49.52071212937792,49.61065908632099,26700
2021-11-03,50.33357238769531,50.433511767608024,49.55070247438351,49.55070247438351,21000
2021-11-04,50.823272705078125,51.23303019827806,50.783295434414136,51.009830759881815,54000
2021-11-05,51.646121978759766,51.975928757203874,51.233032393232946,51.233032393232946,19500
2021-11-08,51.61614227294922,52.102518453891264,51.61614227294922,51.892643487119614,21900
2021-11-09,51.00316619873047,51.489546154701394,50.966521002991485,51.24302600833495,21900
2021-11-10,50.300254821777344,50.95320043362212,50.1370174657055,50.853257250087,14700
2021-11-11,50.550106048583984,50.64338126809007,50.33023486165705,50.513457038320276,11100
2021-11-12,50.676700592041016,50.82660965274004,50.60340638050167,50.60340638050167,24000
2021-11-15,50.78996658325195,51.15308651901524,50.596748165004264,51.086460267021465,10500
2021-11-16,51.36628723144531,51.36628723144531,50.66670023458326,50.66670023458326,7200
2021-11-17,50.93988037109375,51.30299650088961,50.60008114244579,51.30299650088961,8400
2021-11-18,50.60673904418945,51.13975666887236,50.0870497194557,51.13975666887236,31500
2021-11-19,50.27360153198242,50.72333632228089,50.27360153198242,50.51678962000479,7800
2021-11-22,50.52345275878906,51.47289200543569,50.513456534514326,50.886572658587504,16200
2021-11-23,50.33357238769531,50.46349281909325,49.807215074469994,50.46349281909325,9900
2021-11-24,50.5001335144043,50.51012973896931,50.32690374637024,50.356884795180044,8400
2021-11-26,48.92106628417969,49.454083854401574,48.368060078519186,49.35414067720848,10200
2021-11-29,49.430763244628906,49.59400059067357,49.27085797323783,49.59400059067357,14700
2021-11-30,48.617916107177734,49.2442127543066,48.1382002564404,49.017677409904174,18000
2021-12-01,48.371395111083984,50.0903759270549,48.371395111083984,49.603995934819324,12900
2021-12-02,48.924400329589844,49.08763768187874,48.40470722457873,48.40470722457873,9600
2021-12-03,48.42469787597656,48.65789355860173,47.97163099796241,48.65789355860173,12900
2021-12-06,49.077640533447266,49.26086651852998,48.06823920301814,48.60125678467469,15000
2021-12-07,50.62672805786133,50.94653863504748,49.81720920230261,49.81720920230261,38700
2021-12-08,51.07979202270508,51.11643722085305,50.809951148827054,50.81661529846944,113100
2021-12-09,50.1536750793457,50.69335303198267,50.110365730165114,50.6567116451011,9000
2021-12-10,49.9837760925293,50.7100159658097,49.757244547737656,50.7100159658097,5400
2021-12-13,49.41077423095703,49.917142826040845,49.04765815778463,49.917142826040845,12600
2021-12-14,48.717857360839844,49.2208939429107,48.51131445790781,48.647899034850425,114300
2021-12-15,49.953792572021484,50.023750895814,48.304766225614586,48.804470716956956,27300
2021-12-16,48.39804458618164,48.68787410210244,48.174845130634786,48.64123267859642,17400
2021-12-17,48.89441680908203,49.38412887937056,48.134867673213,48.134867673213,15600
2021-12-20,48.44468307495117,48.44468307495117,47.90833719445582,48.081566967192735,27900
2021-12-21,49.8904914855957,49.8904914855957,48.77448663674973,48.77448663674973,21300
2021-12-22,50.43683624267578,50.43683624267578,49.76056996148471,49.79055100845223,40500
2021-12-23,50.879913330078125,50.986516857787855,50.62006866095174,50.62006866095174,66000
2021-12-27,51.969268798828125,51.995921586709585,51.00650498402628,51.00650498402628,156600
2021-12-28,51.4962158203125,52.13583696451919,51.37961607140078,52.10585210233012,67500
2021-12-29,51.949275970458984,51.949275970458984,51.636129565880054,51.7160802981894,11400
2021-12-30,51.6561164855957,52.12250400219483,51.55950538263789,52.115843665315175,47400
2021-12-31,51.51286697387695,51.732738165050385,51.51286697387695,51.732738165050385,12000
2022-01-03,52.1858024597168,52.33238324660064,51.84267120290481,52.025897186509624,162300
2022-01-04,51.969268798828125,52.029234712229275,51.19305924942511,51.902642547788744,50400
2022-01-05,50.103702545166016,51.96260389683143,50.103702545166016,51.68277059656104,81900
2022-01-06,50.24028778076172,50.62006424476129,49.72725882497163,50.157004973392645,50100
2022-01-07,48.967708587646484,50.18365670426155,48.91107475054658,50.18365670426155,25800
2022-01-10,48.727848052978516,48.727848052978516,47.64848461037117,48.40137336047001,48600
2022-01-11,49.357479095458984,49.45409021042206,48.63457511432354,48.63457511432354,30900
2022-01-12,49.32416534423828,49.903824401781776,49.174256279745975,49.67062871123981,26400
2022-01-13,48.68788146972656,50.05373882121754,48.65456834071986,50.05373882121754,22800
2022-01-14,49.2708625793457,49.2708625793457,48.21815182449743,48.21815182449743,9900
2022-01-18,47.325340270996094,48.12819867443077,47.30535163621836,47.971625483187836,40800
2022-01-19,46.68238830566406,47.561869195759186,46.632418623685986,47.528556074440466,31800
2022-01-20,46.032779693603516,47.595187361200544,46.032779693603516,46.93557757683456,17100
2022-01-21,45.45978546142578,46.80232576217113,45.40315162337641,45.64967180082161,25800
2022-01-24,46.32926940917969,46.36591460888728,44.51034534853757,44.756865521601696,51900
2022-01-25,44.89012145996094,45.50975396243477,44.726884100114866,45.50975396243477,20400
2022-01-26,44.67691421508789,46.0027941002545,44.23051148680499,45.73628529325297,35400
2022-01-27,43.43431091308594,45.18660860446007,43.27107356304141,45.18660860446007,42600
2022-01-28,44.31712341308594,44.31712341308594,42.89462869998722,43.261080667919835,21900
2022-01-31,46.1860237121582,46.1860237121582,44.147228319656094,44.147228319656094,19500
2022-02-01,45.956153869628906,46.46252248029494,45.47310596963479,46.46252248029494,17100
2022-02-02,45.95281982421875,46.595772971727754,45.802910779751635,46.37923387283293,17700
2022-02-03,44.77685546875,45.45312183319837,44.77685546875,45.19993750280207,7800
2022-02-04,45.2598991394043,45.48643066035191,44.31379197110927,44.720217403893734,19800
2022-02-07,45.04003143310547,45.35318167184716,44.96341277025357,45.04336350810833,6600
2022-02-08,46.16936492919922,46.16936492919922,45.006718555584634,45.006718555584634,21000
2022-02-09,46.935577392578125,46.935577392578125,46.47918224651546,46.75568346914427,14100
2022-02-10,46.10606384277344,47.075491736883535,45.89952095465283,46.08607901887488,17700
2022-02-11,45.17994689941406,46.24598203586381,45.01670574186988,45.97614117711702,41700
2022-02-14,45.36650085449219,45.726288663873866,45.27988597676,45.50308541409576,10800
2022-02-15,46.749019622802734,46.84229484003631,46.07274951698336,46.086077815824545,15000
2022-02-16,47.0121955871582,47.09547839137272,46.28928788427205,46.4625214544576,21900
2022-02-17,45.87287139892578,46.545805626617856,45.87287139892578,46.545805626617856,12300
2022-02-18,45.389827728271484,45.89286050235258,45.26323556287406,45.89286050235258,15900
2022-02-22,44.64692687988281,45.306536617225696,44.477029192775056,44.96007709353832,14400
2022-02-23,43.787437438964844,45.07667594963996,43.71081877727491,45.07667594963996,26100
2022-02-24,45.149967193603516,45.149967193603516,42.1117628954961,42.1117628954961,31200
2022-02-25,45.47311019897461,45.47311019897461,44.85347767693412,45.16662410677348,23100
2022-02-28,45.31653594970703,45.62968237239884,45.013381939465916,45.196604125642175,15600
2022-03-01,44.5603141784668,45.06668281470628,44.42706168205178,44.95008306790047,8400
2022-03-02,45.68964385986328,45.81956808379702,45.406478514387935,45.43645956127942,11700
2022-03-03,45.189945220947266,45.556393417361136,44.97340609070335,45.32652979927958,20100
2022-03-04,43.96732711791992,44.25715661171251,43.96732711791992,44.25715661171251,6900
2022-03-07,43.03122329711914,44.140567960519206,42.91462354048491,44.140567960519206,44100
2022-03-08,43.53425598144531,43.96067006743456,42.79469166828104,42.87131414074556,33900
2022-03-09,44.6968994140625,44.80017467525022,44.243836344586846,44.243836344586846,8700
2022-03-10,44.553653717041016,44.61694789017336,44.04728508221163,44.100586843117746,10800
2022-03-11,43.98731994628906,44.883457485250666,43.95400682169132,44.883457485250666,13500
2022-03-14,42.80801773071289,43.86072849734978,42.80801773071289,43.61087624636811,7200
2022-03-15,43.72080993652344,43.72080993652344,42.93127975537434,42.95126457963003,18900
2022-03-16,45.54306411743164,45.54306411743164,44.29047089441352,44.29047089441352,99900
2022-03-17,46.20934295654297,46.232659857185155,45.636348041742785,45.636348041742785,8700
2022-03-18,46.98221206665039,46.98221206665039,46.36257959826198,46.51582072487245,8400
2022-03-21,46.612430572509766,46.97888253649242,46.37923490791419,46.97888253649242,8700
2022-03-22,46.875606536865234,47.34532993322993,46.875606536865234,47.34532993322993,3300
2022-03-23,45.84955596923828,46.86895365246009,45.84955596923828,46.19601553481352,50700
2022-03-24,46.90226745605469,46.90226745605469,46.23266140388031,46.23266140388031,83700
2022-03-25,46.62575912475586,46.845630322319515,46.30594855326841,46.712377823754444,6000
2022-03-28,46.68572235107422,46.72569962332122,46.14604061306721,46.72569962332122,6600
2022-03-29,47.948307037353516,48.071567113933014,47.17876553051574,47.17876553051574,13200
2022-03-30,46.972225189208984,47.788408227263645,46.868953734383666,47.788408227263645,22200
2022-03-31,46.4292106628418,47.00553379683711,46.4292106628418,47.00553379683711,5400
2022-04-01,46.20600891113281,46.91892044915737,45.966149077688165,46.91892044915737,20400
2022-04-04,46.53247833251953,46.60909698504893,46.325931647039845,46.40921826111942,28200
2022-04-05,45.01670837402344,46.40255794488193,45.01670837402344,46.40255794488193,20100
2022-04-06,43.96732711791992,44.51367298408289,43.96732711791992,44.51367298408289,208800
2022-04-07,43.94401168823242,44.123905599875194,43.58755593968886,44.03395864405381,13500
2022-04-08,43.297733306884766,43.65085703672151,43.297733306884766,43.65085703672151,7800
2022-04-11,42.81468200683594,43.06120218354137,42.59148254277328,42.70141433107709,16200
2022-04-12,42.761375427246094,43.56756592946766,42.7313943803988,43.001235239351615,32700
2022-04-13,43.544254302978516,43.544254302978516,43.0312252627055,43.0312252627055,6900
2022-04-14,42.78470230102539,43.28773508283681,42.78470230102539,43.28773508283681,7500
2022-04-18,42.95793151855469,43.10118024715809,42.60147573458277,42.60147573458277,10200
2022-04-19,43.5042724609375,43.68749846054706,42.724734662515395,42.724734662515395,16800
2022-04-20,43.80409622192383,44.07393328417322,43.790767922598846,43.89737144254314,391200
2022-04-21,43.1711311340332,43.97398952837784,43.097840744825405,43.97398952837784,10800
2022-04-22,42.218360900878906,43.14447938683459,42.16505914494219,43.01122690321396,27000
2022-04-25,42.66476821899414,42.66476821899414,41.88189835533606,41.91188321736245,18300
2022-04-26,41.36886978149414,42.25501110236902,41.308903869295236,42.25501110236902,19500
2022-04-27,40.999088287353516,41.462147571260616,40.98575998785953,41.285585727391805,10200
2022-04-28,42.30165481567383,42.441571472598135,41.12235183239327,41.3222344047607,19200
2022-04-29,41.36553955078125,42.65144605209479,41.36553955078125,42.65144605209479,7200
2022-05-02,41.9551887512207,41.9551887512207,41.05905121428962,41.455484258501386,27300
2022-05-03,42.11509323120117,42.11509323120117,41.95185587420884,41.95852002396297,5700
2022-05-04,43.36435317993164,43.47428877302665,41.78528904145045,42.235020013286345,87300
2022-05-05,41.76862716674805,42.66809670298582,41.178979574866226,42.66809670298582,54900
2022-05-06,41.2789192199707,41.79528023503348,41.03905940453317,41.258930584314044,30600
2022-05-09,39.989681243896484,40.905807357069165,39.93971156043815,40.62930234202509,25500
2022-05-10,40.04298400878906,40.66594856142676,39.55327576116624,40.66594856142676,14100
2022-05-11,39.26344680786133,40.469398657448586,39.18349607367539,39.96303384109069,16200
2022-05-12,39.546607971191406,39.699849086031826,38.820372041173584,38.913651064853156,22500
2022-05-13,40.859169006347656,41.02573844283516,40.302834484618316,40.302834484618316,9300
2022-05-16,40.356136322021484,40.77588627032795,40.29950248476361,40.522701946376706,11400
2022-05-17,41.7053337097168,41.7053337097168,41.18897268934352,41.208961325205756,12000
2022-05-18,40.49272155761719,41.60206617117223,40.27618242997715,41.075708877264574,16800
2022-05-19,40.419429779052734,40.8458438697386,40.186234096653564,40.186234096653564,11400
2022-05-20,40.326148986816406,41.01907185399411,39.346728688384914,41.01907185399411,9300
2022-05-23,40.479393005371094,40.479393005371094,40.36612534037928,40.36612534037928,7200
2022-05-24,39.6965217590332,39.79646112161684,39.24012285337309,39.773140412037066,28200
2022-05-25,40.232872009277344,40.27284546745844,39.66653750862463,39.76314861055759,12600
2022-05-26,41.41550827026367,41.572085297800626,41.1090221777211,41.1090221777211,6000
2022-05-27,42.57815170288086,42.57815170288086,41.78195738237918,41.78195738237918,15900
2022-05-31,42.04180145263672,42.341627182641126,41.76862850833065,42.341627182641126,21900
2022-06-01,42.025146484375,42.334964637984626,41.62871344573667,42.334964637984626,10500
2022-06-02,43.16447448730469,43.20445176335584,42.36494802849604,42.36494802849604,9900
2022-06-03,42.50486755371094,42.64145595403932,42.50486755371094,42.524856193086876,8100
2022-06-06,42.561492919921875,42.961258002936525,42.48487045298155,42.72139819063926,6000
2022-06-07,42.984580993652344,42.984580993652344,42.408257809912676,42.408257809912676,10500
2022-06-08,42.195045471191406,42.55150121469282,42.12508715236907,42.55150121469282,24300
2022-06-09,41.465476989746094,42.01847938515491,41.465476989746094,42.01847938515491,5400
2022-06-10,40.37945556640625,40.95911464765729,40.362799003003644,40.95911464765729,6000
2022-06-13,38.48057556152344,39.403362014275565,38.43726621493946,39.403362014275565,20700
2022-06-14,38.527217864990234,38.73376458645049,38.31401080570412,38.73376458645049,9000
2022-06-15,39.063560485839844,39.31008062676198,38.64381059385496,38.97694561030847,14700
2022-06-16,36.851539611816406,37.65773017249244,36.61501185719786,37.65773017249244,38400
2022-06-17,37.41786575317383,37.62441243343542,37.051417622785216,37.051417622785216,15600
2022-06-21,38.06748580932617,38.31400596391732,37.82429772944835,37.82429772944835,42000
2022-06-22,37.97087478637695,38.08747452693869,37.847614708816735,37.847614708816735,10500
2022-06-23,38.2973518371582,38.2973518371582,37.954220556282024,38.180755901877866,18000
2022-06-24,39.65321731567383,39.673205953149655,38.960294403763854,38.960294403763854,18900
2022-06-27,39.98634719848633,40.24286356501639,39.58325386352423,39.86308712705355,18900
2022-06-28,39.0335807800293,40.32614743320244,39.01359214461394,40.32614743320244,6300
2022-06-29,38.77040481567383,38.77040481567383,38.51056014960898,38.51056014960898,3600
2022-06-30,38.62049102783203,38.71377005518176,38.21739768411543,38.21739768411543,7200
2022-07-01,37.83762741088867,38.35065642634626,37.48783195437073,38.35065642634626,12000
2022-07-05,38.1607666015625,38.16409867642971,37.04142581762255,37.21132732386667,5700
2022-07-06,37.954219818115234,38.044166777130634,37.85761252182183,37.91757461953701,5700
2022-07-07,38.943641662597656,38.99694343028248,38.26737524681881,38.26737524681881,9300
2022-07-08,39.063560485839844,39.20014504197291,38.623821959125834,38.623821959125834,5700
2022-07-11,38.45725631713867,38.570523987567285,38.43393941803597,38.5205504896212,10500
2022-07-12,38.08747482299805,38.52388130371053,38.08747482299805,38.52388130371053,3000
2022-07-13,38.2640380859375,38.2640380859375,37.820967439222436,37.820967439222436,4200
2022-07-14,38.31400680541992,38.32400302977943,37.437857946254496,37.437857946254496,9900
2022-07-15,39.2967643737793,39.2967643737793,38.86035401772344,38.86035401772344,26100
2022-07-18,39.05357360839844,39.796466210957675,39.05357360839844,39.796466210957675,3000
2022-07-19,40.67927551269531,40.67927551269531,40.159582421510144,40.159582421510144,7500
2022-07-20,41.87190628051758,41.91188355524657,41.44216010828782,41.44216010828782,8100
2022-07-21,42.598140716552734,42.598140716552734,42.075115527042065,42.075115527042065,7200
2022-07-22,41.765296936035156,42.09509987548303,41.44215433315213,41.89521734213529,31800
2022-07-25,41.59207534790039,41.76197305649761,41.335558934982906,41.76197305649761,3900
2022-07-26,41.29890823364258,41.38552311398597,41.255598887249654,41.26892337366191,8700
2022-07-27,42.61479949951172,42.61479949951172,41.86524274336428,41.91854450630219,6900
2022-07-28,43.237762451171875,43.25109075073263,43.14781549135012,43.14781549135012,6300
2022-07-29,43.75745391845703,43.80409534027053,43.21111184284948,43.31105121111979,6900
2022-08-01,43.90070724487305,44.02729941211085,43.60754563391332,43.630866347269546,13500
2022-08-02,43.914031982421875,44.28048399820385,43.58089690552794,43.58089690552794,18000
2022-08-03,44.92009735107422,45.010044301785086,44.14388791531858,44.14388791531858,15300
2022-08-04,44.64026641845703,44.81349617981799,44.367093477508995,44.81349617981799,9600
2022-08-05,44.373756408691406,44.65025760433234,43.887376447901026,44.09059106378014,17100
2022-08-08,44.07061004638672,44.72688780259003,43.930693387062895,44.64360117208354,9900
2022-08-09,42.205039978027344,43.65418373439474,42.12508924359385,43.65418373439474,22200
2022-08-10,43.477622985839844,43.547581309896444,43.314385625560206,43.37767979972847,18900
2022-08-11,43.43098449707031,44.06060940086745,43.38101099880223,43.750795061284215,12300
2022-08-12,44.400413513183594,44.43372664075209,43.36102715829694,43.36102715829694,16500
2022-08-15,44.683570861816406,44.683570861816406,44.07060256256277,44.07060256256277,8100
2022-08-16,44.69356918334961,44.91676863330979,44.340445503221304,44.52366768044628,12000
2022-08-17,43.960662841796875,44.03728148922524,43.66416922531161,43.78742928850546,10500
2022-08-18,44.89012145996094,44.95008355902577,44.69023890071182,44.69023890071182,6900
2022-08-19,43.87405776977539,44.140566589233174,43.87072569469913,44.140566589233174,9300
2022-08-22,42.864646911621094,43.141151920139826,42.82800171546129,43.141151920139826,4500
2022-08-23,42.674766540527344,42.834671833567945,42.674766540527344,42.8280076833585,4200
2022-08-24,42.674766540527344,42.92795087428569,42.674766540527344,42.77137384390691,12300
2022-08-25,43.85739517211914,43.85739517211914,43.50094321832114,43.50094321832114,6900
2022-08-26,42.1750602722168,43.05120917868132,42.1750602722168,42.93128116699071,13500
2022-08-29,41.678688049316406,42.045136236067975,41.64537111193647,41.64537111193647,20400
2022-08-30,41.09236145019531,41.64869587641365,40.929124116701686,41.64869587641365,15000
2022-08-31,40.82585144042969,40.90580598122778,40.71258759088885,40.715919665495825,6300
2022-09-01,39.73317337036133,40.35946624359007,39.33340823059034,40.35946624359007,26700
2022-09-02,39.52328872680664,40.422758251973804,39.33007033573727,40.14625324518451,12600
2022-09-06,38.95029830932617,39.30009374766114,38.95029830932617,39.07689047213543,7500
2022-09-07,39.546607971191406,39.546607971191406,38.94363211043358,38.9769452305101,51000
2022-09-08,39.786476135253906,39.786476135253906,39.273443303411064,39.273443303411064,9300
2022-09-09,40.569339752197266,40.62264150972475,40.08295978509305,40.08295978509305,19200
2022-09-12,41.082374572753906,41.10236321124338,40.78255262029783,40.78255262029783,15300
2022-09-13,39.5599365234375,40.159584183784354,39.5599365234375,40.076297562589104,12900
2022-09-14,39.48332214355469,39.78314410000144,39.16683981110915,39.77314787440217,13500
2022-09-15,38.976951599121094,39.19015865240139,38.79705767136049,39.19015865240139,3600
2022-09-16,38.84036636352539,38.84036636352539,38.317341151870494,38.33066563936391,8100
2022-09-19,38.900325775146484,39.00026895554715,38.32400265334642,38.32400265334642,20100
2022-09-20,38.49723434448242,38.583849230206624,38.43726843323827,38.45059292047829,7800
2022-09-21,38.32733154296875,39.233465268700634,38.27736185817181,38.56719136741368,11100
2022-09-22,37.57444763183594,38.09746901822548,37.36790092475932,38.09746901822548,12000
2022-09-23,36.96480941772461,37.2413106495249,36.598357408781006,37.2413106495249,16500
2022-09-26,36.565040588378906,36.73827035013459,36.52173124171874,36.71828552661412,12000
2022-09-27,36.808231353759766,37.20466054880358,36.50840563594988,37.09805703523102,9900
2022-09-28,37.8509521484375,37.93756704123403,36.84155067428485,36.84155067428485,18300
2022-09-29,37.28794860839844,37.301273095000255,36.784912067865186,37.301273095000255,18000
2022-09-30,36.99812316894531,37.99420013518631,36.99812316894531,37.08140598491169,32400
2022-10-03,38.00419616699219,38.25071635095134,37.331258055105536,37.331258055105536,11100
2022-10-04,39.38337326049805,39.43334675638924,38.68045799261258,38.68045799261258,7500
2022-10-05,39.5699348449707,39.64322524553411,38.79372530146729,38.79372530146729,7200
2022-10-06,39.55660629272461,39.91972237077175,39.33340303895436,39.33340303895436,10500
2022-10-07,38.19408416748047,38.95696546576504,38.03417886724034,38.95696546576504,18000
2022-10-10,37.59442901611328,38.30067626145684,37.38455027462399,38.30067626145684,44100
2022-10-11,37.10805130004883,37.631072616403024,36.81155767252408,37.487823914324906,18600
2022-10-12,36.66498565673828,37.08473559625355,36.66498565673828,37.08473559625355,8400
2022-10-13,37.51781463623047,37.561120173603115,35.695558492976,35.695558492976,9300
2022-10-14,36.595027923583984,37.780991175537835,36.595027923583984,37.780991175537835,8100
2022-10-17,37.614418029785156,37.7510064025584,37.31126404988702,37.31126404988702,28500
2022-10-18,38.00751876831055,38.71043782660161,37.794311742326165,38.71043782660161,7200
2022-10-19,37.564449310302734,37.89425608325815,37.21465771393409,37.86760329796972,1965600
2022-10-20,37.724361419677734,38.31068086538648,37.677723802526174,37.70437278020045,9600
2022-10-21,38.82037353515625,38.82037353515625,37.89758329877787,37.92423608333013,7500
2022-10-24,39.17682647705078,39.17682647705078,38.84035940039511,38.900321489587114,10500
2022-10-25,40.459407806396484,40.526034056195854,39.136856160688026,39.136856160688026,30600
2022-10-26,40.252864837646484,41.06904783361001,40.252864837646484,40.31615901235822,31200
2022-10-27,40.01633834838867,40.59932567654586,40.01633834838867,40.44608453491165,21600
2022-10-28,40.81919479370117,40.95244729048752,40.11960774824479,40.11960774824479,7500
2022-10-31,40.6959342956543,40.865831989818965,40.212886374827036,40.57933454970841,18600
2022-11-01,40.93246078491211,41.03240015339757,40.81586104256988,40.81586104256988,7500
2022-11-02,39.24012756347656,40.57267543252829,39.24012756347656,40.19955928423502,11400
2022-11-03,38.50389862060547,38.88033921413761,38.50389862060547,38.75707912876706,9900
2022-11-04,38.900325775146484,39.153510082238164,38.234055697207076,39.153510082238164,13800
2022-11-07,39.2967643737793,39.43668103375353,39.0669007449012,39.11020628551829,9000
2022-11-08,39.666542053222656,40.15958621836791,39.36672011408081,39.703187253418875,4500
2022-11-09,38.71710205078125,39.363383466771054,38.680456854841594,39.20347819697321,11700
2022-11-10,41.535438537597656,41.535438537597656,40.419429811135224,40.419429811135224,11400
2022-11-11,42.16839599609375,42.33163335697338,41.51877862753166,41.51877862753166,6900
2022-11-14,41.69534683227539,42.301654888283416,41.69534683227539,41.7219958086672,11100
2022-11-15,42.73805236816406,42.8546520993923,42.428238067924354,42.641445083658326,13500
2022-11-16,41.735313415527344,42.34495344617739,41.62204956587265,42.34495344617739,6300
2022-11-17,41.56208419799805,41.628710441297294,41.019070402758935,41.019070402758935,15900
2022-11-18,41.93186950683594,42.14507272936826,41.88856015991308,42.14507272936826,5700
2022-11-21,41.43882751464844,41.76530223344426,41.362205041117384,41.76530223344426,6000
2022-11-22,41.91188049316406,41.91188049316406,41.69200931066116,41.69200931066116,9000
2022-11-23,42.28166198730469,42.42491070518781,42.28166198730469,42.361612720863185,8700
2022-11-25,42.255008697509766,42.32496701820557,42.24501628560002,42.32496701820557,1800
2022-11-28,41.195640563964844,41.90522004524805,41.195640563964844,41.90522004524805,4800
2022-11-29,41.20896530151367,41.47214204294953,41.16565595089277,41.2556029147307,8700
2022-11-30,42.97125244140625,42.97125244140625,41.09236637495881,41.41217693147933,43500
2022-12-01,43.29439926147461,43.43098765425783,43.091188428523736,43.10118084143815,9600
2022-12-02,43.24775695800781,43.24775695800781,42.65144138695824,42.65144138695824,6600
2022-12-05,42.205039978027344,42.854657327846645,42.205039978027344,42.854657327846645,3300
2022-12-06,41.392189025878906,41.71533166290092,41.392189025878906,41.71533166290092,5700
2022-12-07,41.22562026977539,41.392189703295784,41.20896370766762,41.392189703295784,7800
2022-12-08,41.98183822631836,42.15173591046704,41.43216409017995,41.43216409017995,8400
2022-12-09,41.598731994628906,41.93853119411521,41.598731994628906,41.75863727600819,4800
2022-12-12,42.2083740234375,42.2083740234375,41.54543215566946,41.58540943097391,6000
2022-12-13,42.60147476196289,43.7507966396235,42.60147476196289,43.7507966396235,7800
2022-12-14,42.1051025390625,42.771372668872814,41.97517830064793,42.771372668872814,3600
2022-12-15,40.6592903137207,41.00574986216711,40.6592903137207,41.00574986216711,3600
2022-12-16,40.22954177856445,40.37279049449565,40.086293062633246,40.266186976241855,16500
2022-12-19,39.61323928833008,40.219547301290774,39.61323928833008,40.219547301290774,5100
2022-12-20,39.90639877319336,40.02965885173582,39.489977115992616,39.489977115992616,8100
2022-12-21,40.47272872924805,40.62930192746355,40.42275904629958,40.539354973179336,14700
2022-12-22,39.63323211669922,40.20622706590892,39.016931626237096,40.20622706590892,17700
2022-12-23,39.57326126098633,39.64654783862691,39.12352650931538,39.14018306956673,6300
2022-12-27,39.52995300292969,39.63988859107436,39.1668331170777,39.30675356445243,10500
2022-12-28,38.82037353515625,39.526620857819296,38.800384899852645,39.526620857819296,20100
2022-12-29,40.09628677368164,40.11627541055719,39.346730046840314,39.346730046840314,14700
2022-12-30,39.92305374145508,39.933049965297286,39.5033038386989,39.77314088336082,9900
2023-01-03,40.01300811767578,40.63264067537433,39.749831360970894,40.45941088772593,26400
2023-01-04,40.366127014160156,40.69260172389093,40.18956517240277,40.69260172389093,4800
2023-01-05,39.97636032104492,40.16624666009047,39.97636032104492,40.13626560983139,12000
2023-01-06,41.21229934692383,41.33222736696058,40.40277663367896,40.40277663367896,5400
2023-01-09,41.845252990722656,42.47488171659377,41.61872145738325,41.61872145738325,21600
2023-01-10,42.248348236083984,42.248348236083984,41.821934163595515,41.821934163595515,7800
2023-01-11,42.42157745361328,42.42157745361328,42.17172522295453,42.378268106990305,4800
2023-01-12,43.151145935058594,43.151145935058594,42.6714301049575,42.718067714329166,7500
2023-01-13,43.477622985839844,43.477622985839844,42.70141345888621,42.70141345888621,11100
2023-01-17,43.464298248291016,43.677505294177585,43.30772122635837,43.560905546459345,19200
2023-01-18,43.15781021118164,44.08059667656913,43.14115364975415,44.08059667656913,7800
2023-01-19,42.58481979370117,42.83467205363845,42.558167005169345,42.60813669466822,15300
2023-01-20,43.241092681884766,43.26441339267882,42.58481501688575,42.58481501688575,10800
2023-01-23,44.39041519165039,44.39041519165039,43.400998659805055,43.400998659805055,22200
2023-01-24,44.09059524536133,44.25716086849316,43.964003084315486,44.16721390702487,9000
2023-01-25,44.04395294189453,44.04395294189453,43.087853321894464,43.43098459860616,17700
2023-01-26,44.36709976196289,44.36709976196289,43.78078033762425,43.80742931432722,6900
2023-01-27,43.870723724365234,44.1705456562342,43.827414375204704,44.01730070915175,8100
2023-01-30,43.14115524291992,43.45096958437791,43.14115524291992,43.424320610086816,9900
2023-01-31,44.053951263427734,44.053951263427734,43.391009390199756,43.391009390199756,9300
2023-02-01,45.40314865112305,45.493095608620784,43.944012507219846,43.944012507219846,9300
2023-02-02,46.64574432373047,46.64574432373047,45.91284419831708,45.91284419831708,16500
2023-02-03,46.235984802246094,46.67239507119859,46.235984802246094,46.30927519283178,10800
2023-02-06,45.28322219848633,45.78625495032426,45.22658836220187,45.73295318895819,6300
2023-02-07,45.616355895996094,45.616355895996094,44.74687117787274,44.86679918426569,27300
2023-02-08,45.05335998535156,45.37649882602537,45.020043047579186,45.349849850738856,20100
2023-02-09,44.89345169067383,45.4431297058186,44.8068368007718,45.4431297058186,14100
2023-02-10,44.630271911621094,44.923433499767214,44.3204575740859,44.923433499767214,3300
2023-02-13,45.306541442871094,45.306541442871094,44.91677253098687,44.923436681168546,7200
2023-02-14,45.276554107666016,45.66632296545129,44.913434222022836,45.66632296545129,12900
2023-02-15,45.503089904785156,45.55306340403076,44.78018595250769,44.78018595250769,13200
2023-02-16,45.050025939941406,45.386493065984965,45.050025939941406,45.226587783931315,6900
2023-02-17,44.74687576293945,44.9867318003026,44.47703486157368,44.81350201638,31200
2023-02-21,43.487613677978516,43.847401508861786,43.487613677978516,43.847401508861786,7500
2023-02-22,43.464298248291016,43.70415426869206,43.430985123926575,43.70415426869206,11400
2023-02-23,43.86405944824219,44.0339609570259,43.35103047185945,44.0339609570259,10200
2023-02-24,43.30439376831055,43.307722030854656,43.011232168549306,43.1678053809478,4200
2023-02-27,43.447635650634766,43.85406489694815,43.41099426566283,43.85406489694815,8700
2023-02-28,43.43098449707031,43.780776110290944,43.43098449707031,43.474290033141955,5100
2023-03-01,43.777442932128906,43.85073332780285,43.76744670775016,43.76744670775016,2100
2023-03-02,43.854068756103516,43.854068756103516,43.22777208263191,43.22777208263191,4200
2023-03-03,44.33710861206055,44.33710861206055,43.82074763472481,43.82074763472481,2100
2023-03-06,43.50094223022461,44.53699256878187,43.400999047485456,44.53699256878187,18000
2023-03-07,42.97792053222656,43.63753034209401,42.82800765216641,43.347700807280596,20400
2023-03-08,43.560909271240234,43.560909271240234,42.997910558943786,42.997910558943786,7800
2023-03-09,42.884639739990234,43.77744520879487,42.884639739990234,43.77744520879487,34800
2023-03-10,41.7852897644043,42.384933612188675,41.622052409327665,42.384933612188675,94800
2023-03-13,41.245609283447266,41.662030964829654,41.11235297292552,41.24227720850674,6000
2023-03-14,42.40825271606445,42.57481832722253,42.03514040965092,42.03514040965092,7500
2023-03-15,41.68867874145508,41.68867874145508,41.19230633797814,41.47880377554619,8400
2023-03-16,42.3682746887207,42.3682746887207,40.999085564721646,40.999085564721646,4500
2023-03-17,41.60539627075195,42.0917762660909,41.60539627075195,42.08178004147535,4200
2023-03-20,42.231689453125,42.231689453125,42.02181069025286,42.02181069025286,3600
2023-03-21,42.688087463378906,43.20444850064263,42.44489937524475,43.14781466592085,5400
2023-03-22,41.93519973754883,42.95126527612694,41.93519973754883,42.69808095709946,6600
2023-03-23,42.15840148925781,42.981248590247375,41.95851893867319,42.338295403539725,10200
2023-03-24,42.025146484375,42.025146484375,41.54209856070798,41.82193566515762,5100
2023-03-27,42.26167297363281,42.54150625725402,42.26167297363281,42.54150625725402,6900
2023-03-28,41.845252990722656,42.04513554952458,41.568751770793455,42.04513554952458,4200
2023-03-29,42.61146545410156,42.61146545410156,42.02181401403389,42.02181401403389,4800
2023-03-30,42.894630432128906,42.9979056897255,42.894630432128906,42.9979056897255,6900
2023-03-31,43.82408142089844,43.894039743182645,43.30772037847362,43.30772037847362,4500
2023-04-03,43.580894470214844,43.6208717446922,43.15114830069011,43.56423790792307,27600
2023-04-04,42.65144729614258,42.994578607331306,42.43157989341639,42.994578607331306,85500
2023-04-05,42.23501968383789,42.44156638173807,41.888560158238896,42.44156638173807,5100
2023-04-06,42.028480529785156,42.035144679885455,41.9651863536037,41.9651863536037,2100
2023-04-10,42.678096771240234,42.678096771240234,41.74198195429935,41.74198195429935,13800
2023-04-11,42.46488952636719,42.867982908564585,42.46488952636719,42.867982908564585,9900
2023-04-12,41.98183822631836,42.078445517322926,41.98183822631836,42.078445517322926,2400
2023-04-13,42.46155548095703,42.52818172700008,41.97850757225983,42.11842421392725,6600
2023-04-14,42.12175750732422,42.384934236762156,42.11842543243716,42.384934236762156,2700
2023-04-17,42.01848220825195,42.028478432903675,41.77196204104009,42.00515772115899,6300
2023-04-18,41.78195571899414,42.388263687858995,41.72532188674766,42.388263687858995,10500
2023-04-19,41.072383880615234,41.4954659444472,41.01241796263433,41.4954659444472,9300
2023-04-20,41.20896530151367,41.3821950791116,41.01574688612478,41.3821950791116,1800
2023-04-21,41.035736083984375,41.24561106498971,40.912475992960154,41.24561106498971,18600
2023-04-24,40.899147033691406,41.115686161376935,40.75923038194207,41.115686161376935,15300
2023-04-25,39.4899787902832,40.58266679464283,39.4899787902832,40.58266679464283,7500
2023-04-26,39.40336227416992,39.64988243150126,39.300090831563885,39.64988243150126,11100
2023-04-27,39.44001007080078,39.45999870817775,38.85702276166969,38.85702276166969,9300
2023-04-28,39.72983932495117,39.79313349918049,39.360055254646454,39.360055254646454,12300
2023-05-01,40.01966094970703,40.14292483552427,40.01300061293471,40.14292483552427,5700
2023-05-02,39.779808044433594,39.779808044433594,39.603246200943474,39.61990276283258,5700
2023-05-03,39.92305374145508,40.26951325247116,39.836438863701055,39.836438863701055,15900
2023-05-04,39.676536560058594,39.84310599123204,39.413359832509805,39.84310599123204,33000
2023-05-05,40.53936004638672,40.586001472929404,40.05631590499296,40.19623255973519,9600
2023-05-08,40.3961067199707,40.50604231117114,40.156250714117455,40.50604231117114,23100
2023-05-09,40.406105041503906,40.406105041503906,40.23287527134665,40.23287527134665,2400
2023-05-10,41.07571029663086,41.095698935059104,40.65929240211181,41.005751968353486,41100
2023-05-11,41.05572509765625,41.05572509765625,40.709261722119216,40.932465005504355,9900
2023-05-12,40.86249923706055,40.94578585776669,40.65262427277084,40.885819948351376,31800
2023-05-15,41.54209899902344,41.56875178601339,40.939123059911736,40.939123059911736,5100
2023-05-16,41.69534683227539,41.758641010538184,41.26560063530281,41.26560063530281,8400
2023-05-17,42.674766540527344,42.75471728082619,41.60872744114709,41.86524385001016,6600
2023-05-18,43.707489013671875,43.777447341599434,42.6747668455153,42.6747668455153,9900
2023-05-19,43.697486877441406,43.82741110277934,43.624200296741535,43.82741110277934,7200
2023-05-22,44.30046844482422,44.31712500647072,43.59421726870799,43.59421726870799,3000
2023-05-23,43.960662841796875,44.5070048465599,43.960662841796875,44.47035965379076,14100
2023-05-24,43.530921936035156,43.64085752743576,43.33437146389414,43.59754818084432,7800
2023-05-25,44.527000427246094,44.56031355088067,43.93068865179051,43.98398659965173,4200
2023-05-26,46.06608963012695,46.16602899775765,44.77351912575864,44.77351912575864,6900
2023-05-30,45.86288070678711,46.35925315676398,45.86288070678711,46.35925315676398,10800
2023-05-31,45.50975036621094,45.576376609881535,45.18327567231714,45.25989814000378,19800
2023-06-01,45.62302017211914,45.659665370346715,45.13330810828953,45.659665370346715,16800
2023-06-02,46.40922164916992,46.41921406111897,45.82956263261863,46.06609038146672,6600
2023-06-05,45.47977066040039,45.67632113497953,45.24324291346286,45.67632113497953,8100
2023-06-06,46.385902404785156,46.519154901346305,45.63967774920323,45.63967774920323,11400
2023-06-07,47.282039642333984,47.44527318713476,46.639086438006835,46.639086438006835,33000
2023-06-08,47.278709411621094,47.45860333784982,47.10547582297389,47.10547582297389,42000
2023-06-09,47.11880111694336,47.59518487733461,47.0055334484129,47.59518487733461,12600
2023-06-12,48.07490158081055,48.11154677938269,47.375314545522656,47.375314545522656,22800
2023-06-13,48.28477478027344,48.53795908615126,48.051582922822405,48.46466869168965,17400
2023-06-14,47.72511291503906,48.2481381394675,47.72511291503906,48.2481381394675,10500
2023-06-15,47.675140380859375,47.74176662841975,47.47192575086906,47.57852927194272,13800
2023-06-16,47.77174758911133,47.77174758911133,47.35865799260312,47.77174758911133,11700
2023-06-20,47.6551513671875,47.6551513671875,47.55187992179719,47.55187992179719,8700
2023-06-21,47.46859359741211,47.70512135079101,47.24872621833836,47.70512135079101,7800
2023-06-22,47.238731384277344,47.242063459236455,47.13879201016042,47.13879201016042,3900
2023-06-23,46.28595733642578,46.74568834320506,46.28595733642578,46.67906209763568,13200
2023-06-26,46.235984802246094,46.602436755174494,46.235984802246094,46.245981025930845,6600
2023-06-27,47.29869842529297,47.30535876292744,46.305949748130075,46.305949748130075,7200
2023-06-28,47.58852767944336,47.58852767944336,47.085491099914265,47.085491099914265,7500
2023-06-29,48.69453048706055,48.69453048706055,48.41802929312279,48.63456839376637,4500
2023-06-30,49.09429931640625,49.58067931134538,49.02100891905634,49.02100891905634,18900
2023-07-03,49.13427734375,49.15093390590846,48.73784430198178,49.15093390590846,13500
2023-07-05,48.174842834472656,48.661218996120006,48.174842834472656,48.661218996120006,8400
2023-07-06,47.48191833496094,47.645155692029064,47.07549288595126,47.645155692029064,28500
2023-07-07,47.701786041259766,48.17150944130447,47.53188835929438,47.53188835929438,25500
2023-07-10,48.43135452270508,48.43135452270508,47.79173343479817,47.79173343479817,23700
2023-07-11,48.597923278808594,48.68453815672177,47.97829083493556,48.68453815672177,18000
2023-07-12,49.224220275878906,49.44075937866006,48.96437182756457,49.070975341631375,10800
2023-07-13,49.8005485534668,49.85051823721901,49.31416857757176,49.31416857757176,13200
2023-07-14,49.007686614990234,49.77723200899982,49.007686614990234,49.77723200899982,16200
2023-07-17,49.900489807128906,50.1403458231827,49.080974762800274,49.160925497337324,15700
2023-07-18,50.120361328125,50.2103082878467,49.57068334513535,49.81054317520744,14500
2023-07-19,49.550697326660156,50.170329805121106,49.45075414468738,50.170329805121106,11200
2023-07-20,48.471336364746094,49.22089311265454,48.40137803993672,49.22089311265454,9100
2023-07-21,48.561279296875,48.97103679922799,48.561279296875,48.901078480224484,12600
2023-07-24,48.52130126953125,48.93105876550169,48.241467997876036,48.69120276478077,7600
2023-07-25,48.90107727050781,49.04099390505355,48.551285684143465,48.551285684143465,6900
2023-07-26,48.551292419433594,48.69120907338931,48.1415310579306,48.54129619418368,11200
2023-07-27,48.20149230957031,48.97103764433148,48.09155671711264,48.97103764433148,5300
2023-07-28,48.86110305786133,48.94105760400126,48.781152324164,48.86110305786133,2400
2023-07-31,49.71060562133789,49.71060562133789,49.10096551786581,49.10096551786581,28900
2023-08-01,48.801143646240234,48.861105746702314,48.39138229338771,48.83112469647127,15400
2023-08-02,47.93165588378906,48.321424793221105,47.56187561233339,48.29144374247798,7900
2023-08-03,47.49190902709961,47.60184461063112,47.07215532747405,47.45193175809866,15600
2023-08-04,46.99220657348633,47.53188829031504,46.84229371466423,47.40196406683204,9300
2023-08-07,47.27204513549805,47.27204513549805,46.802325495991845,47.10214743475901,10300
2023-08-08,46.76234436035156,46.82230645568912,46.16269671987861,46.77233677209367,5500
2023-08-09,46.072750091552734,46.76234469237072,45.742947127527074,46.76234469237072,7000
2023-08-10,46.08274841308594,46.62243017417219,46.002793865172706,46.30261960740464,9100
2023-08-11,45.77293014526367,46.062759662067556,45.60303245003271,45.60303245003271,4700
2023-08-14,46.10273361206055,46.10273361206055,45.41313903128324,45.66299125621591,15600
2023-08-15,45.64300537109375,45.892857611082064,45.64300537109375,45.74294855455465,5800
2023-08-16,44.89345169067383,45.52308044555782,44.89345169067383,45.52308044555782,10800
2023-08-17,44.403743743896484,45.083342192903906,44.36376646749771,45.023376278305754,10000
2023-08-18,44.7535285949707,44.94341872284896,44.12390374315786,44.12390374315786,7700
2023-08-21,44.963409423828125,45.08333742790596,44.6735799192344,44.97340183565023,8500
2023-08-22,45.78292465209961,45.79291706396775,45.42313682576601,45.60303073893281,13800
2023-08-23,46.56246566772461,46.70238231835046,45.802916501851676,45.812908914420895,9900
2023-08-24,45.7529411315918,46.91225537681854,45.71296767050598,46.91225537681854,15900
2023-08-25,45.66299819946289,46.03278229354896,45.15330126057337,46.02278606806395,14600
2023-08-28,46.11273193359375,46.212675123841414,45.87287590188512,45.87287590188512,11200
2023-08-29,47.1521110534668,47.22206936975995,46.022777956610916,46.022777956610916,11400
2023-08-30,47.7817497253418,47.88168910886249,47.15212093432074,47.15212093432074,7700
2023-08-31,48.001609802246094,48.25146203534118,48.001609802246094,48.16151507892925,3100
2023-09-01,47.901668548583984,48.29143740688028,47.901668548583984,48.2314715008184,6200
2023-09-05,46.732364654541016,47.691800222629254,46.36258438021908,47.691800222629254,8700
2023-09-06,46.42254638671875,46.66240239921733,46.28262974402082,46.66240239921733,9300
2023-09-07,45.16328430175781,45.27321988462234,45.02336767354557,45.02336767354557,8200
2023-09-08,44.7535285949707,45.18327471998461,44.74353618360769,45.18327471998461,13000
2023-09-11,44.70356369018555,45.31320378441703,44.59362809123328,45.31320378441703,11300
2023-09-12,44.303794860839844,44.86346136058559,44.303794860839844,44.423722851865065,9500
2023-09-13,44.24383544921875,44.37375968247916,44.233839224575746,44.35377104563582,2900
2023-09-14,44.863468170166016,44.96341135489194,44.453710643896414,44.60362351476397,4100
2023-09-15,44.13389587402344,44.233835236787726,43.91402470101122,44.233835236787726,6500
2023-09-18,44.143890380859375,44.33378051654496,43.94401164584243,44.133897969085524,7300
2023-09-19,44.04395294189453,44.21385444902937,43.83407797347149,44.11391126470221,3300
2023-09-20,43.714149475097656,44.37375923449824,43.644187340630936,44.28381227583259,10200
2023-09-21,42.974586486816406,43.30439328285053,42.974586486816406,43.264416008341655,5200
2023-09-22,43.254417419433594,43.58422419744221,43.244425007573874,43.58422419744221,9100
2023-09-25,43.36435317993164,43.6341940504987,43.00456535250889,43.00456535250889,18500
2023-09-26,42.66476821899414,43.31438558455352,42.59480989500378,43.21444621097949,7700
2023-09-27,43.1245002746582,43.33437525161707,42.88464043496034,42.88464043496034,9000
2023-09-28,43.96399688720703,44.21384909912867,43.06452739931223,43.06452739931223,13100
2023-09-29,43.7441291809082,44.37375787223838,43.6841632728245,44.27381469209887,6200
2023-10-02,43.644187927246094,43.93401744378016,43.424320546119105,43.654184151922536,4400
2023-10-03,42.894630432128906,43.49427809138526,42.75471378870187,43.224437216586296,71800
2023-10-04,43.04454040527344,43.204445674499524,42.64477532598706,42.914616182639016,7700
2023-10-05,42.76470947265625,43.03455034404445,42.544838285797155,43.03455034404445,6500
2023-10-06,43.444313049316406,43.66418045001029,43.0245592617317,43.034555487297744,6100
2023-10-09,43.524261474609375,43.67417435057535,43.16447362224527,43.16447362224527,4000
2023-10-10,44.00397491455078,44.39374379564485,44.00397491455078,44.05394841207984,7700
2023-10-11,44.203857421875,44.433721022990404,43.964001408729615,44.433721022990404,6500
2023-10-12,43.7441291809082,44.27381469209887,43.59421631692018,44.27381469209887,26400
2023-10-13,42.34495544433594,43.71414842817096,42.32496680817311,43.71414842817096,11600
2023-10-16,42.974586486816406,43.104510722748884,42.54484031695282,42.54484031695282,5400
2023-10-17,42.894630432128906,43.05453952455135,42.255009312209545,42.334963858420764,9300
2023-10-18,42.215030670166016,42.584810869900394,42.205034446895226,42.584810869900394,9300
2023-10-19,41.195640563964844,42.08511397183292,41.195640563964844,41.97517837087074,5000
2023-10-20,40.4760627746582,41.14566494614306,40.4760627746582,41.14566494614306,15400
2023-10-23,40.066307067871094,40.58600020673101,40.04631843032539,40.45607596890533,23100
2023-10-24,40.57600402832031,40.66595099115785,40.4160987402139,40.54602297818873,4500
2023-10-25,39.51662826538086,40.34613565824791,39.45666235974472,40.27617734122692,14800
2023-10-26,39.106876373291016,39.6665429895824,39.08688773521734,39.556611198841516,8700
2023-10-27,39.0768928527832,39.396703448066106,38.96696105826466,39.30676029230812,15000
2023-10-30,38.757080078125,39.23679594407413,38.51722405137184,39.22680353147725,10500
2023-10-31,39.436676025390625,39.576592667595776,38.687119317197954,38.78706249908919,4700
2023-11-01,39.25678634643555,39.46666514483283,38.71710835575918,39.31675226204091,23600
2023-11-02,40.34614181518555,40.34614181518555,39.686532002299025,39.82644865769269,13900
2023-11-03,41.495460510253906,41.73531652588003,40.76589242635696,40.76589242635696,10400
2023-11-06,41.35554122924805,41.645366911949196,41.175647322775674,41.645366911949196,4600
2023-11-07,41.13567352294922,41.535438640496245,40.97576823841895,41.17565079719246,14800
2023-11-08,41.05572509765625,41.345550821125336,40.80587283823753,40.9957591829163,5000
2023-11-09,40.34614181518555,41.32556221538415,40.28617971284136,41.32556221538415,10400
2023-11-10,41.43549346923828,41.46547832970515,40.635967084901424,40.655955721065155,5900
2023-11-13,41.235618591308594,41.295584510955564,40.91580797807791,41.21563376386951,2600
2023-11-14,43.334373474121094,43.35436211097959,42.18505163563504,42.18505163563504,32000
2023-11-15,43.4143180847168,44.13389366034241,43.314378726965295,43.43430671875552,22400
2023-11-16,42.8046875,43.41432376191236,42.74472159004221,43.14448288576625,8500
2023-11-17,43.02455520629883,43.17446807611487,43.01456279411766,43.114502165699925,6700
2023-11-20,43.624202728271484,43.69416105063531,43.15447929602069,43.15447929602069,25100
2023-11-21,42.824676513671875,43.37435454428571,42.78470304889877,43.37435454428571,19800
2023-11-22,43.094512939453125,43.48428182071244,42.944603884130174,43.30439171681341,13100
2023-11-24,43.22443771362305,43.22443771362305,42.994574109286496,42.994574109286496,7700
2023-11-27,43.134490966796875,43.32437729850347,42.72473344184067,43.00456673329096,7500
2023-11-28,42.91461944580078,43.244426233156396,42.78469902572975,43.20444895969948,12200
2023-11-29,43.1245002746582,43.88404944422294,42.97458739829169,43.36435630191325,18500
2023-11-30,42.95459747314453,43.03455202146163,42.674764178920086,43.03455202146163,8000
2023-12-01,43.714149475097656,43.76411916048021,42.85465716172422,42.85465716172422,9500
2023-12-04,44.123905181884766,44.15388622939372,43.38434090631016,43.54424618042866,10800
2023-12-05,43.59421920776367,43.814090406208315,43.37435182176178,43.814090406208315,11500
2023-12-06,43.48427963256836,44.313790850895934,43.48427963256836,43.94401062477568,9100
2023-12-07,43.96399688720703,43.96399688720703,43.61420150305141,43.61420150305141,2500
2023-12-08,44.35376739501953,44.43371812336977,43.72413872982618,43.72413872982618,19800
2023-12-11,45.03336715698242,45.073340616192375,44.373757424487394,44.373757424487394,9500
2023-12-12,44.963409423828125,45.113318475814786,44.73354201505206,44.863466243394505,16400
2023-12-13,46.35258865356445,46.35258865356445,44.743539617234916,45.07334259171616,18600
2023-12-14,47.721778869628906,47.93165384077086,47.132127418009084,47.132127418009084,18700
2023-12-15,47.54188537597656,48.19150274481811,47.31202176564073,48.15152547020942,23000
2023-12-18,47.53288650512695,47.63285280420001,47.213001974741935,47.44291874262339,22500
2023-12-19,48.29261779785156,48.46255479569544,47.74281265582818,47.74281265582818,59200
2023-12-20,47.053062438964844,48.612502475043804,47.053062438964844,48.172658360256996,17000
2023-12-21,48.06270217895508,48.072696902994984,47.542888822411626,47.71282582436301,14700
2023-12-22,48.33259963989258,48.652484182248976,48.15266410815154,48.15266410815154,7700
2023-12-26,48.97237014770508,49.10232061503417,48.36258907693624,48.452556838415646,21200
2023-12-27,48.99236297607422,49.20229030956772,48.85241396262829,49.142310526666066,21700
2023-12-28,48.922386169433594,48.99236067286695,48.72246119580941,48.87240492602755,10700
2023-12-29,48.23263931274414,48.85241516467957,48.17265952836663,48.782440656234826,10900
2024-01-02,47.52289581298828,47.97273466366344,47.27298576409372,47.71282607735125,41400
2024-01-03,46.10340118408203,46.89311779266524,46.01343342091022,46.89311779266524,55800
2024-01-04,45.62357711791992,45.98344819216446,45.62357711791992,45.98344819216446,14300
2024-01-05,45.25370788574219,45.84349569859335,45.243709349258204,45.293694405029406,12300
2024-01-08,46.27334213256836,46.31332865262029,45.33367797797012,45.393657758048015,90100
2024-01-09,45.743526458740234,45.983441745710905,45.3736607124294,45.67355196114965,15300
2024-01-10,45.973453521728516,46.013436230771916,45.37366712618166,45.64357043217905,9400
2024-01-11,45.86349105834961,45.9234670267024,45.42364695269827,45.813509813614104,7600
2024-01-12,45.79351806640625,46.34331940331532,45.783519529134,46.203370388101156,8900
2024-01-16,45.60358428955078,45.9634553672106,45.433647288058474,45.52361505747343,28400
2024-01-17,44.90383529663086,44.943821819243766,44.58395074237696,44.93382709525288,20400
2024-01-18,46.03342819213867,46.03342819213867,45.30369133948774,45.30369133948774,15200
2024-01-19,46.95309829711914,46.95309829711914,45.913471642940436,46.29333596145275,9000
2024-01-22,48.03270721435547,48.11268025470254,47.47291118522377,47.482905908604934,17000
2024-01-23,47.96273422241211,48.44256103964445,47.93274623799901,48.34259854938443,53000
2024-01-24,47.54288864135742,48.64249132114564,47.54288864135742,48.46255578251489,12400
2024-01-25,47.5728759765625,48.27262486019445,47.4429216863663,48.232638338084136,7300
2024-01-26,47.06306076049805,47.682836594565444,47.06306076049805,47.582870290151604,13500
2024-01-29,47.72282409667969,47.72282409667969,46.8931209129613,46.96309542082615,53200
2024-01-30,47.5628776550293,48.172654911127026,47.462911357314994,47.90275162728491,50900
2024-01-31,46.07341384887695,47.452918299141,46.07341384887695,47.123035225096004,11200
2024-02-01,46.64320755004883,46.6931887930661,45.97345050430374,46.553239787287986,57600
2024-02-02,46.61322021484375,46.86313024672834,46.153382858049525,46.40329288993411,25200
2024-02-05,46.153385162353516,46.33332069936003,45.6935515959256,46.33332069936003,50600
2024-02-06,45.86349105834961,45.903473766143286,45.54360651605293,45.62357574496483,11500
2024-02-07,45.78351593017578,46.04342449227801,45.37366364069861,46.02343123262981,19700
2024-02-08,46.51325225830078,46.66319979742343,45.61357846353784,45.62357318659467,6200
2024-02-09,47.97273254394531,47.982727267596594,46.873126089401495,46.95309913190994,7700
2024-02-12,48.392578125,48.7324559188129,48.0626988678629,48.202647874728605,27900
2024-02-13,46.05341720581055,47.003076024375815,45.88348022620293,46.86312702626973,17200
2024-02-14,47.44292449951172,47.48291102399305,46.673201063208005,46.673201063208005,9800
2024-02-15,48.102684020996094,48.192651789031686,47.49290290579093,47.772804747082006,12800
2024-02-16,47.502899169921875,48.00271923213066,47.452917926365885,47.682834697382994,12600
2024-02-20,46.45328140258789,46.98308948933133,46.36331363188384,46.86313373283417,9700
2024-02-21,45.843502044677734,45.843502044677734,45.45364296097036,45.52361747274733,10900
2024-02-22,46.37330627441406,46.56324034477718,46.29333704478057,46.38330481144611,12300
2024-02-23,46.35331344604492,46.62321674855911,45.85349336286856,46.32332546131821,12300
2024-02-26,46.773162841796875,46.87312532998834,46.503259547690526,46.503259547690526,11700
2024-02-27,46.62321853637695,47.07305739115016,46.62321853637695,46.95310163431889,9500
2024-02-28,46.27334213256836,46.57323340630899,46.00343884220447,46.21336235249046,17300
2024-02-29,46.493263244628906,46.90311556722431,46.253351736113125,46.253351736113125,16600
2024-03-01,47.0330696105957,47.053062871753966,46.43328702914647,46.56324132001284,45000
2024-03-04,46.89311981201172,47.16302311314994,46.733177538743654,47.08305006985361,23400
2024-03-05,46.08340835571289,46.4932606554842,45.933464624571855,46.48326593207125,14800
2024-03-06,46.5632438659668,46.77316739961962,46.31333380781109,46.31333380781109,11700
2024-03-07,47.20301055908203,47.30297305183522,46.98308849903542,46.99308322298087,10000
2024-03-08,46.93310546875,47.81278986217532,46.92310693185992,47.53288802912096,16300
2024-03-11,46.61322021484375,46.883123506878036,46.49326065394554,46.773162482716906,8900
2024-03-12,46.583229064941406,46.70318862750571,46.28333778517967,46.70318862750571,12900
2024-03-13,46.03342819213867,46.633214570749736,45.88348445747932,46.623216033777716,30000
2024-03-14,45.243709564208984,46.04342470045527,44.913830311833124,46.04342470045527,24500
2024-03-15,44.91383361816406,45.03378937210179,44.73389808059514,45.023794648158926,8000
2024-03-18,44.78886413574219,45.26874437343328,44.78886413574219,45.26874437343328,7200
2024-03-19,44.73887634277344,44.98881419943698,44.44894751374397,44.51892980850983,20000
2024-03-20,45.338722229003906,45.408704518453405,44.5389219111891,44.72887710862238,11700
2024-03-21,46.1085319519043,46.46844305401893,45.748620849789674,45.748620849789674,58500
2024-03-22,45.518680572509766,45.97856912052495,45.48868925054644,45.97856912052495,9400
2024-03-25,45.25874328613281,45.54867208789726,45.25874328613281,45.368716542922684,10500
2024-03-26,45.08878707885742,45.55867146209629,45.08878707885742,45.55867146209629,10400
2024-03-27,46.18851852416992,46.24850117137229,45.41870943716302,45.41870943716302,76900
2024-03-28,46.388465881347656,46.68839053469173,46.25849713319064,46.25849713319064,18400
2024-04-01,46.048545837402344,46.568416966383374,46.048545837402344,46.568416966383374,15300
2024-04-02,45.24874496459961,45.40870502996446,45.008806773426734,45.368717873934834,10600
2024-04-03,45.59865951538086,45.738624093664406,45.12877516221575,45.12877516221575,6800
2024-04-04,45.168766021728516,46.458446170637124,45.168766021728516,46.2884864590277,9400
2024-04-05,45.24874496459961,45.39870919439425,45.158767189472584,45.20875780856999,5300
2024-04-08,45.57866287231445,45.85859202176648,45.50868058495145,45.50868058495145,6500
2024-04-09,46.338478088378906,46.338478088378906,45.798615204918974,45.98856660708551,14500
2024-04-10,44.60890579223633,45.12877697080158,44.518928014912554,45.01880370810043,49400
2024-04-11,45.17876434326172,45.17876434326172,44.498933086911,44.9188306575977,9200
2024-04-12,44.07904052734375,44.83884993309647,43.999058582659764,44.71888082981952,20800
2024-04-15,43.409202575683594,44.28898484752979,43.23924667369279,44.28898484752979,20200
2024-04-16,43.25924301147461,43.41920308098641,42.9093277374652,43.08928329238458,17200
2024-04-17,42.68938064575195,43.569162844679795,42.68938064575195,43.45918959309525,9100
2024-04-18,42.729373931884766,43.18925863279388,42.62939650967711,42.869338509226786,17100
2024-04-19,42.40945053100586,42.83934391756475,42.25949011642058,42.559414759339894,6600
2024-04-22,42.86933898925781,43.03929488829086,42.55941469756674,42.76936156593065,5300
2024-04-23,43.7191276550293,43.91907869499233,42.809354046258925,42.809354046258925,9800
2024-04-24,43.849098205566406,44.13902703474343,43.5191784040031,44.13902703474343,19300
2024-04-25,43.67913818359375,43.72912880561212,43.18926212330541,43.18926212330541,4100
2024-04-26,44.43894958496094,44.54892284691426,44.348971808249026,44.47894055544376,6000
2024-04-29,44.74887466430664,44.9088347489054,44.54892741887013,44.54892741887013,30500
2024-04-30,44.009056091308594,44.76886546009192,43.9190783147916,44.49893213054092,7500
2024-05-01,43.83909606933594,44.668891537420286,43.71912697272996,43.88908668885818,6500
2024-05-02,44.948822021484375,44.968817507131035,44.15901750031142,44.33897305738245,19800
2024-05-03,45.548675537109375,45.908582840564144,45.29873768502333,45.848600196862826,26700
2024-05-06,46.648399353027344,46.66839483832641,46.14852366179741,46.14852366179741,27300
2024-05-07,47.17826461791992,47.448197938836024,46.93832643071587,46.93832643071587,16700
2024-05-08,46.6284065246582,46.6284065246582,46.1785176141664,46.1785176141664,8500
2024-05-09,46.8283576965332,46.91833547886452,46.61841080900983,46.61841080900983,7400
2024-05-10,46.58841323852539,47.0283062908305,46.36847052612173,47.0283062908305,10200
2024-05-13,46.488441467285156,46.93833037326676,46.46844598104719,46.93833037326676,13200
2024-05-14,47.158267974853516,47.22825407596318,46.85834334134215,46.85834334134215,9200
2024-05-15,47.87809371948242,47.87809371948242,47.298239893251704,47.7181336487551,12400
2024-05-16,47.688140869140625,47.90808357607249,47.688140869140625,47.72813183903689,10600
2024-05-17,47.49818420410156,47.68813939837596,47.298236988284465,47.59816162575879,5700
2024-05-20,48.04805374145508,48.158023192099385,47.528182554890876,47.568173526260956,13000
2024-05-21,47.588165283203125,47.668147226086155,47.488191668348286,47.668147226086155,6000
2024-05-22,47.57817077636719,47.92808225188324,47.408211049867205,47.6881440440291,16000
2024-05-23,47.07829666137695,48.10803945040792,46.87834560553378,48.10803945040792,7600
2024-05-24,47.42820739746094,47.52818483067333,47.12828272532199,47.16827369860695,5500
2024-05-28,47.368221282958984,47.648150447958905,47.18826573010222,47.39821260385216,9700
2024-05-29,46.798362731933594,47.198260989371,46.768367597657914,46.888340507263045,13900
2024-05-30,46.9283332824707,47.10828885467707,46.82835965957794,46.968324257127506,11000
2024-05-31,46.9283332824707,47.248253452226635,46.10853737075247,47.22826177864748,39300
2024-06-03,46.53842544555664,47.3482254270718,46.35846989410883,47.19826119628235,8500
2024-06-04,46.1285285949707,46.22850602237299,45.9885640103564,46.22850602237299,15900
2024-06-05,47.148277282714844,47.158273118964516,46.30848592902785,46.30848592902785,10600
2024-06-06,46.75837326049805,47.08828923811277,46.718382289348106,47.00831110956181,4500
2024-06-07,45.94857406616211,46.41845845108065,45.93857823007296,46.24849872757329,6400
2024-06-10,46.168521881103516,46.168521881103516,45.608659700822486,45.708637133238256,8400
2024-06-11,46.08853530883789,46.08853530883789,45.47869019418841,45.78861066919498,11900
2024-06-12,46.888343811035156,47.62815773698379,46.888343811035156,47.11828618335698,10800
2024-06-13,46.53842544555664,46.918332033474115,46.2984872527921,46.67839002696076,127500
2024-06-14,45.938575744628906,46.098535809643714,45.68863790468397,46.098535809643714,10800
2024-06-17,46.40845489501953,46.578414604221294,45.58865910974873,45.718627850462006,13100
2024-06-18,46.42845153808594,46.6184067362731,46.29848660787749,46.29848660787749,6900
2024-06-20,45.98856735229492,46.51843440791075,45.96857186536141,46.1285319470803,11400
2024-06-21,46.318485260009766,46.318485260009766,45.74862344022827,45.83860122085177,19300
2024-06-24,45.90957260131836,46.33947528024327,45.90957260131836,46.24949556107687,10200
2024-06-25,46.07953643798828,46.07953643798828,45.639637703230676,45.72961742327555,5700
2024-06-26,45.93956756591797,46.259494603075,45.88957968145552,45.97955939902038,14200
2024-06-27,46.29948806762695,46.38946778836242,46.06954073993216,46.06954073993216,8000
2024-06-28,46.689395904541016,47.06931068020544,46.409456894868335,46.5794202736515,15100
2024-07-01,46.75938415527344,46.889355714501576,46.239501732192274,46.889355714501576,5900
2024-07-02,47.119300842285156,47.17928477924912,46.64940632896773,46.64940632896773,13300
2024-07-03,47.0593147277832,47.23927417259483,47.009326840631374,47.17928641971385,48600
2024-07-05,46.949337005615234,47.07930855751099,46.6793978503692,46.85935728719989,51900
2024-07-08,47.51920700073242,47.72916221833609,47.359243481596515,47.41923123145915,10400
2024-07-09,47.07931137084961,47.4892181539409,47.049319400862636,47.40923448220046,27500
2024-07-10,47.729164123535156,47.729164123535156,47.24926973314042,47.34924932023569,25800
2024-07-11,48.3690185546875,48.7889213818505,48.22905094563317,48.618961803379186,141000
2024-07-12,49.058860778808594,49.41877966883023,48.71893780643608,48.71893780643608,114500
2024-07-15,49.81869125366211,50.088626612004155,49.25881699132112,49.32880079738482,34800
2024-07-16,51.29835510253906,51.37833496106111,50.28858221514944,50.28858221514944,85600
2024-07-17,49.97865295410156,51.05840578943496,49.97865295410156,50.378559857849346,31600
2024-07-18,48.998870849609375,50.388558460766745,48.61895987264342,50.1386152220007,33400
2024-07-19,48.389015197753906,49.04886523164003,48.2090557508912,49.04886523164003,21700
2024-07-22,49.55874252319336,49.58873448987354,48.528977652976764,48.86890059273238,25600
2024-07-23,49.49876022338867,49.86867898436535,49.1588372462242,49.1588372462242,37900
2024-07-24,47.959110260009766,49.45876970464966,47.959110260009766,48.988875191569846,28700
2024-07-25,47.69916915893555,48.66895019432757,47.469221825417804,47.86913255299818,34900
2024-07-26,48.60895919799805,48.87889834903057,48.259040195084275,48.688942863710395,19000
2024-07-29,48.448997497558594,49.20882709500007,48.239046087935776,48.92888806833841,13600
2024-07-30,47.839134216308594,48.70893943030049,47.64917872845291,48.51898012861366,14100
2024-07-31,48.86890411376953,49.55874609393408,48.55897311836336,48.76892452791372,8700
2024-08-01,47.00932312011719,48.958881075392796,46.649404258979416,48.958881075392796,13900
2024-08-02,44.7298469543457,45.41968897074098,44.55988355637991,45.41968897074098,33500
2024-08-05,43.25017547607422,43.55011040754241,41.870491572177286,41.870491572177286,16500
2024-08-06,43.68008041381836,44.20996269014885,43.07022209557931,43.61009660985927,109000
2024-08-07,43.18019104003906,44.53988282139592,43.0602193575167,44.4099112739286,8600
2024-08-08,44.82981872558594,44.82981872558594,43.680078320504265,43.93002155518888,15600
2024-08-09,44.68985366821289,44.94979296899548,44.389922532284885,44.68985366821289,15100
2024-08-12,44.16996765136719,44.729841856259114,44.09998385248457,44.729841856259114,15000
2024-08-13,45.15974426269531,45.16974412837074,44.469902270511845,44.4898981880314,16200
2024-08-14,44.87981033325195,45.209737261047266,44.69985088424204,45.209737261047266,6700
2024-08-15,46.3494758605957,46.51943543618115,45.71961781671473,45.71961781671473,116800
2024-08-16,46.47944641113281,46.50943837939239,46.17951147321234,46.399462743999045,10500
2024-08-19,46.85935592651367,46.85935592651367,46.35946946401755,46.479444960974966,12900
2024-08-20,46.799373626708984,47.23927235609338,46.739385876134726,47.049316866688315,8500
2024-08-21,47.509212493896484,47.54920432843841,46.839362613728674,47.0693137554291,13200
2024-08-22,46.769378662109375,47.419232622948584,46.68939880711003,47.419232622948584,10900
2024-08-23,48.089080810546875,48.089080810546875,47.21927934967977,47.21927934967977,33300
2024-08-26,47.58919143676758,48.159061719655014,47.519207634576574,48.12906975123921,23700
2024-08-27,47.28926086425781,47.47922016999636,46.979333683452765,47.229276926724566,15500
2024-08-28,47.229278564453125,47.479221816391984,46.85935980562503,47.15929094518539,6900
2024-08-29,47.7591552734375,48.3190295100725,47.55919991650849,47.55919991650849,48900
2024-08-30,47.94911193847656,48.029095608738274,47.49921332783273,48.029095608738274,2300
2024-09-03,45.46967315673828,47.35924341572522,45.46967315673828,47.35924341572522,33100
2024-09-04,45.42967987060547,45.85958252902932,44.97978511005907,45.31970805360744,23100
2024-09-05,45.14974594116211,45.49966494558539,45.0097783393928,45.49966494558539,10200
2024-09-06,43.91002655029297,45.22973036554839,43.87003853042494,45.1597427496592,19300
2024-09-09,43.95001983642578,44.28994280644021,43.86004011454457,44.159971249538174,8600
2024-09-10,44.059993743896484,44.059993743896484,43.51011938238426,44.03999782717208,10600
2024-09-11,44.669857025146484,44.72984477689034,43.49012460433615,43.88003545609306,9500
2024-09-12,44.95978927612305,45.259720388311464,44.419910985885295,44.739838014063736,8400
2024-09-13,45.88957977294922,46.07953525981771,45.13975006302411,45.13975006302411,7800
2024-09-16,45.829593658447266,45.88958141036094,45.62963829923296,45.789601823838154,2800
2024-09-17,46.169517517089844,46.63941204824849,45.95956610208203,46.05954187670537,23400
2024-09-18,45.959564208984375,46.87935350189281,45.959564208984375,46.149519698476894,12900
2024-09-19,47.07931137084961,47.21927898256399,46.63941261777135,47.21927898256399,12500
2024-09-20,46.74938201904297,46.98932920797794,46.66940216528543,46.78937385283733,10800
2024-09-23,46.719390869140625,46.98933003123513,46.47944748983301,46.88935425882883,14800
2024-09-24,47.029319763183594,47.069311595890696,46.639408928867084,47.03931581444483,6800
2024-09-25,46.47944641113281,47.04931669105185,46.47944641113281,47.029320774268406,6700
2024-09-26,47.689170837402344,47.77915055613415,47.339248013964806,47.519207451428414,7800
2024-09-27,47.839134216308594,48.1190732362073,47.67917069657982,47.92911393452047,8900
2024-09-30,47.879127502441406,47.88912736800789,47.39923692869431,47.56920031884316,7800
2024-10-01,46.69939422607422,47.82913874309649,46.48944281898538,47.82913874309649,21200
2024-10-02,46.88935470581055,47.159290056647016,46.47944793290721,46.47944793290721,8100
2024-10-03,46.4494514465332,46.74938257590117,46.31948370590019,46.549431032210016,15100
2024-10-04,47.38924026489258,47.459224067629016,47.059313354422606,47.26926476263193,14500
2024-10-07,47.169288635253906,47.329252156562966,46.96933328015979,47.27926427124723,21800
2024-10-08,47.229278564453125,47.349250257510995,46.989331364506015,47.059315169942394,8300
2024-10-09,47.69916915893555,48.01909621546731,47.22927843993467,47.22927843993467,13700
2024-10-10,47.40923309326172,47.419232958852,47.03931815687797,47.419232958852,11200
2024-10-11,48.35901641845703,48.389012200296975,47.44922318848888,47.44922318848888,5500
2024-10-14,48.75892639160156,48.78891835916041,48.379011609254846,48.46899132576246,12700
2024-10-15,48.2590446472168,49.158838086504446,48.17906097412557,48.85890694007523,7900
2024-10-16,48.68894577026367,48.738933657402434,48.439002520738526,48.5789701302596,16700
2024-10-17,48.58896255493164,48.75892593511306,48.3490191890451,48.75892593511306,11200
2024-10-18,48.19905471801758,48.84890868415721,48.1590628832761,48.84890868415721,9600
2024-10-21,47.67917251586914,48.079083237366,47.38924124730678,48.079083237366,6400
2024-10-22,47.229278564453125,47.709169150515976,47.229278564453125,47.55920167382011,9800
2024-10-23,46.70939254760742,47.0193197153049,46.30948184975323,46.919343947756886,14800
2024-10-24,46.839359283447266,47.139294207355036,46.69939168633349,47.10929842666567,7000
2024-10-25,46.59941864013672,47.40923230321605,46.57942272312064,47.10930117563736,9000
2024-10-28,47.169288635253906,47.329252156562966,47.02932103083738,47.02932103083738,14600
2024-10-29,47.429229736328125,47.429229736328125,46.71939182180767,46.89935126687361,46100
2024-10-30,46.91934585571289,47.52920797851634,46.91934585571289,47.05931346150426,19200
2024-10-31,45.48966979980469,46.699394169271216,45.46967388289228,46.699394169271216,12100
2024-11-01,45.989559173583984,46.15951875728206,45.849591560225235,45.849591560225235,10800
2024-11-04,45.91957092285156,46.35946963852485,45.649631774427824,45.83958725791221,28100
2024-11-05,46.9593391418457,46.9593391418457,45.99955416105663,45.99955416105663,6500
2024-11-06,49.58873748779297,49.80868876029418,48.79891974476179,49.09885087118905,44000
2024-11-07,49.80868911743164,50.03863644313568,49.23881882898441,49.23881882898441,29800
2024-11-08,49.76869583129883,49.94865526596158,49.648724146134036,49.728707812131304,11700
2024-11-11,50.31857681274414,50.49853244363345,49.838682417601575,50.00864581042943,43800
2024-11-12,49.608734130859375,50.398555699282426,49.448770606834685,50.058632734001066,21600
2024-11-13,48.448997497558594,49.868677106551225,48.439001445885175,49.868677106551225,19800
2024-11-14,47.78915023803711,48.688947493710344,47.63918657131254,48.688947493710344,30300
2024-11-15,46.62940979003906,47.62918274030176,46.53943007196218,47.62918274030176,50600
2024-11-18,46.39946365356445,46.94933802747919,46.35947181921361,46.69939478353329,8800
2024-11-19,46.78937530517578,46.78937530517578,45.86958598234244,45.86958598234244,77500
2024-11-20,47.54920196533203,47.54920196533203,46.52943311818114,46.91934395100891,7500
2024-11-21,48.768924713134766,49.00887190626879,47.91911920620465,47.91911920620465,14200
2024-11-22,49.71870803833008,49.7586998714022,49.05885804796449,49.05885804796449,11000
2024-11-25,50.5885124206543,51.328346120878,50.28858128255385,50.29858114832829,31500
2024-11-26,50.33856964111328,50.76847234148608,50.19860202961169,50.67849261783058,58700
2024-11-27,50.04863357543945,50.458540318671446,49.81868626229282,50.458540318671446,8700
2024-11-29,50.518524169921875,50.79846317950146,50.40854853906893,50.40854853906893,3200
2024-12-02,51.138389587402344,51.138389587402344,50.63850309608397,50.63850309608397,34800
2024-12-03,51.04840850830078,51.06840442508129,50.63850174887828,50.75847343573017,25000
2024-12-04,51.5182991027832,51.72825432164951,51.2583598128108,51.40832346762255,24200
2024-12-05,50.34856414794922,51.58828041543646,50.23858851809466,51.50830056616194,14900
2024-12-06,50.82845687866211,50.90843673138827,50.54852167337386,50.67848941078276,6800
2024-12-09,51.028411865234375,51.61827805345474,50.99841608357496,51.06840369822619,23100
2024-12-10,50.66849136352539,51.21836570103801,50.518523901553316,51.12838598662096,11500
2024-12-11,51.32834243774414,51.58828172175722,50.748472307038796,51.35833440525267,32000
2024-12-12,51.138389587402344,51.408324936542755,50.988422114474325,51.138389587402344,29600
2024-12-13,50.64849853515625,51.53829586872654,50.54852276363443,51.27835657447109,15600
2024-12-16,51.3183479309082,51.54829525433286,50.63850201216089,50.63850201216089,6000
2024-12-17,50.848453521728516,51.44831577415336,50.61850619783795,51.16838056486593,11000
2024-12-18,48.788917541503906,51.57828489266174,48.329022915430635,51.1083904016824,29500
2024-12-19,48.48898696899414,49.418776096392676,48.48898696899414,49.21882074818732,16200
2024-12-20,48.43899917602539,49.078853240414816,48.11907214383068,48.11907214383068,5800
2024-12-23,48.64895248413086,48.828911923528416,48.369017273437414,48.49898501335582,39100
2024-12-24,49.2688102722168,49.2688102722168,48.54897633407364,48.85890351097167,8800
2024-12-26,49.33879470825195,49.53875006568399,48.72893639813952,48.8589041387138,13200
2024-12-27,48.55897521972656,48.988877922932275,48.079084628345356,48.988877922932275,24900
2024-12-30,47.729164123535156,48.12907103042239,47.24926973314042,47.83913594859303,25700
2024-12-31,47.71916198730469,48.18905648971541,47.58919043718087,48.149064656780226,17500
2025-01-02,47.69916915893555,48.478994696334134,47.399238020165946,48.2690394667472,17200
2025-01-03,48.6789436340332,48.698939550722315,47.88912590088458,47.88912590088458,10900
2025-01-06,49.198829650878906,49.64872827494958,48.98887823092306,49.248817539368666,8900
2025-01-07,48.77892303466797,49.648724431313255,48.40900429805247,49.648724431313255,10600
2025-01-08,48.538978576660156,48.608962381826764,47.669177131138476,48.34902307889812,18500
2025-01-10,47.44922637939453,47.8091452750289,47.02932354370869,47.8091452750289,28700
2025-01-13,47.069313049316406,47.069313049316406,46.39946317919738,46.589418669675005,19300
2025-01-14,47.62918472290039,47.76915233155044,47.18928597945292,47.59919275357004,22000
2025-01-15,48.718936920166016,48.928888330915534,48.31903001595235,48.928888330915534,7000
2025-01-16,48.728939056396484,49.10885006102788,48.69894327215505,48.75893102680648,16000
2025-01-17,49.458770751953125,49.60873441129392,49.24881552674597,49.36879103081613,43000
2025-01-21,50.38855743408203,50.50852911837254,49.74869955226012,49.74869955226012,12900
2025-01-22,49.7786979675293,50.32857234793869,49.7786979675293,50.11862093586386,5900
2025-01-23,49.84868240356445,49.89867029081158,49.37878787301257,49.39878379067769,19300
2025-01-24,49.41877746582031,49.80868830801838,49.41877746582031,49.68871662130309,12400
2025-01-27,47.41923141479492,48.47899211681208,47.139296208682566,48.199053096868575,16500
2025-01-28,47.829139709472656,48.05908703814425,47.249269548085046,47.68917210191876,16200
2025-01-29,47.67917251586914,48.029095350636716,47.45922505149404,47.82913998988829,11900
2025-01-30,48.159061431884766,48.59896397312098,48.09907749541158,48.52898017134816,45700
2025-01-31,48.219051361083984,48.96888111153096,47.90912035791995,48.47899447698448,9600
2025-02-03,47.40923309326172,47.78914789523574,46.63941125138592,46.7793788589997,29400
2025-02-04,48.059085845947266,48.13906951332607,47.369243877045335,47.369243877045335,54100
2025-02-05,48.70894241333008,48.87890199489942,48.159064205120124,48.189059988915176,8600
2025-02-06,47.98910140991211,48.69893928628092,47.78914605793791,48.56897154925415,8900
2025-02-07,47.249267578125,48.16906066829377,46.98932829119556,48.16906066829377,7300
2025-02-10,46.949337005615234,47.12929644244592,46.689397715654884,46.95933687090091,37100
2025-02-11,46.119529724121094,46.52943650304544,46.07953788865741,46.32948113955839,11800
2025-02-12,45.70962142944336,45.80959720095597,45.11975522432405,45.29971466411172,17900
2025-02-13,46.47944641113281,46.50943837939239,45.819596412603865,45.82959246408001,33600
2025-02-14,46.4294548034668,46.67939804300408,46.27949114804313,46.67939804300408,34400
2025-02-18,46.849361419677734,46.849361419677734,46.37946690901598,46.479446493109535,23200
2025-02-19,46.899349212646484,47.07930864983006,46.64940597365054,46.70939372398878,19500
2025-02-20,46.60941696166992,46.889355999697145,46.299489767404935,46.889355999697145,9600
2025-02-21,45.17974090576172,46.90934775374971,45.17974090576172,46.90934775374971,13100
2025-02-24,44.52988815307617,45.54965702076087,44.4898963197165,45.42968152068186,30500
2025-02-25,43.98001480102539,44.49989339129466,43.910027184125944,44.49989339129466,25600
2025-02-26,44.24995040893555,44.69984901262271,44.09998675026066,44.57987732291655,6400
2025-02-27,43.21018981933594,44.48989802525432,43.21018981933594,44.47990197344677,28900
2025-02-28,43.570106506347656,43.620094390524656,42.840268904805306,43.01023228760442,19500
2025-03-03,42.24040603637695,43.97001273712982,41.96047083810027,43.97001273712982,30600
2025-03-04,42.09043884277344,42.76028868930918,41.3906008425838,41.630544210125656,25100
2025-03-05,43.00023651123047,43.00023651123047,42.020459395639136,42.15043095792281,8800
2025-03-06,42.26040267944336,42.85026886726635,42.00045957900279,42.22041084647849,35200
2025-03-07,43.070220947265625,43.12020883249919,41.780512913551334,42.31039136192322,12200
2025-03-10,41.64054489135742,42.2803989691187,41.430589673354206,42.19041925106908,17600
2025-03-11,41.34061050415039,41.82050488267366,41.02068346102234,41.80050896574926,26700
2025-03-12,41.29062271118164,42.02045651831565,41.29062271118164,42.02045651831565,9700
2025-03-13,40.440818786621094,41.23064037533605,40.19087553554659,41.2006445918018,18100
2025-03-14,41.91048049926758,41.92048036457646,41.04067909512173,41.04067909512173,10800
2025-03-17,42.34038543701172,42.63032052515623,41.74052315669948,41.74052315669948,18100
2025-03-18,42.14043426513672,42.260405959511914,41.730527480009364,42.12043834710229,17800
2025-03-19,42.73029708862305,42.92025257404353,42.140430902091865,42.140430902091865,10100
2025-03-20,42.35038375854492,42.89026207943805,42.26040403839607,42.76029052503832,12000
2025-03-21,41.82050704956055,41.98047057941292,41.49058012395987,41.690535489733186,9400
2025-03-24,43.21122360229492,43.231219998133994,42.66133225152682,42.66133225152682,7900
2025-03-25,43.1312370300293,43.35119356529339,42.95127328552639,43.19122621617108,11100
2025-03-26,42.471370697021484,43.10124379475629,42.191428793104855,43.10124379475629,7500
2025-03-27,42.0114631652832,42.39138702777669,41.93147758836996,42.28140876648208,14800
2025-03-28,40.36179733276367,41.76151443328741,40.23182648968476,41.76151443328741,15100
2025-03-31,40.071861267089844,40.13184663970702,39.19203893412074,39.681937275465856,90000
2025-04-01,40.30181121826172,40.51176763528215,39.40199255399959,39.94188375255687,30000
2025-04-02,40.941680908203125,41.07165556386458,39.671938477768556,39.681934767932255,12400
2025-04-03,36.99248504638672,38.99207883267789,36.99248504638672,38.69214052751871,16700
2025-04-04,35.24283981323242,35.59276719361045,33.87311916356677,35.4827927411505,46600
2025-04-07,35.1828498840332,36.98248727056979,33.153263492899775,33.66315820980359,45800
2025-04-08,34.02308654785156,36.46259337179654,33.483199132154446,36.39260789542983,26100
2025-04-09,38.3822021484375,38.47218402144972,33.77313785710946,33.77313785710946,41300
2025-04-10,36.052677154541016,36.77252832043872,35.34281846547505,36.77252832043872,20700
2025-04-11,36.442596435546875,36.49258551593491,35.35281770182918,35.88270881900267,13700
2025-04-14,36.9324951171875,37.412397158577335,36.39260770432543,37.26242991597436,25700
2025-04-15,36.862510681152344,37.212441884943,36.72253972520509,36.842514285456666,17000
2025-04-16,36.152652740478516,36.57256938674556,35.672750726117734,36.29262368459347,9500
2025-04-17,36.282630920410156,36.50258364799862,35.90270702523363,36.25263441952612,10700
2025-04-21,35.722740173339844,35.87271122296839,35.28283094244352,35.87271122296839,12900
2025-04-22,36.752532958984375,36.752532958984375,36.26263460587502,36.51258383490869,7700
2025-04-23,37.51237869262695,38.61215371445812,37.51237869262695,38.15224807361398,18000
2025-04-24,38.87210464477539,38.93209001802683,37.69234399447859,37.69234399447859,11600
2025-04-25,39.362003326416016,39.362003326416016,38.59215924711407,38.722133913469605,9100
2025-04-28,39.2120361328125,39.60195631850073,38.73213407243294,39.36200338134968,12800
2025-04-29,39.411991119384766,39.521969386246234,39.062063737482305,39.22203108548378,5800
2025-04-30,39.30201721191406,39.30201721191406,38.42219487873381,38.722133183659075,5000
2025-05-01,39.85190200805664,40.36179671008372,39.65194188050637,39.88189469231641,5400
2025-05-02,40.77171325683594,41.00166606865465,40.42178589405142,40.42178589405142,59700
2025-05-05,40.41178894042969,40.781716540123156,40.33180717152469,40.34180346241687,25400
2025-05-06,40.071861267089844,40.35180317642991,39.63194819364406,39.89189752139338,6400
2025-05-07,40.37179946899414,40.43178484145835,39.931886396670144,40.291813887145246,8700
2025-05-08,41.351600646972656,41.681531642749526,40.77171661074555,40.901691276438264,33600
2025-05-09,41.67153549194336,41.971473802000716,41.301611703336704,41.4415826604353,16900
2025-05-12,43.741111755371094,43.95106817645553,43.261209729782834,43.67112628167628,19000
2025-05-13,44.48096466064453,44.58094282260652,43.891084351655046,43.891084351655046,37800
2025-05-14,44.10103988647461,44.62093470877119,43.99106162219156,44.62093470877119,40100
2025-05-15,43.9610710144043,44.03105649245121,43.411179667003566,43.68112528829415,31400
2025-05-16,44.18102264404297,44.18102264404297,43.84109155313353,43.85109165770516,5800
2025-05-19,43.70111846923828,43.71111857332221,43.28120563184675,43.28120563184675,6600
2025-05-20,43.83109664916992,43.92107852354925,43.541154630178475,43.57115113091994,13600
2025-05-21,42.80130386352539,43.651129647392054,42.77130736501936,43.261209492113885,4700
2025-05-22,42.79130554199219,43.02125836586586,42.72132006576639,42.80130564655153,12300
2025-05-23,42.00146484375,42.31140324655929,41.61154467455526,41.77151202124855,25500
2025-05-27,43.291202545166016,43.33119533423296,42.42138035953269,42.42138035953269,15200
2025-05-28,42.731319427490234,43.41117778273333,42.731319427490234,43.41117778273333,30500
2025-05-29,42.751312255859375,43.25121068820251,42.47137035420237,43.25121068820251,7000
2025-05-30,42.521358489990234,42.641336857111234,42.10144564683359,42.291405673891745,98500
2025-06-02,42.64133834838867,42.70132372012473,42.26141446706316,42.36139262923821,7800
2025-06-03,43.891082763671875,43.971064527563236,43.01126047733331,43.01126047733331,3500
2025-06-04,44.13103485107422,44.28100591264675,43.8710893334607,43.8710893334607,6700
2025-06-05,43.79110336303711,44.34099089407,43.721117885301425,44.091041669607556,16900
2025-06-06,44.32099533081055,44.6009372229211,44.261006147963045,44.53095174989346,15600
2025-06-09,45.34078598022461,45.470760639649946,44.6909203109426,44.6909203109426,55400
2025-06-10,45.700714111328125,45.86068145831766,45.410772103058854,45.58073955456658,24600
2025-06-11,45.2008171081543,45.93066839030116,45.1808207124064,45.86068291214478,11500
2025-06-12,45.020851135253906,45.310793138384646,44.690920156526296,44.86088379109942,14100
2025-06-13,43.94107437133789,44.57094748413695,43.85109249808088,44.18102349074159,40200
2025-06-16,44.86088562011719,44.86088562011719,44.43097265006364,44.43097265006364,3500
2025-06-17,44.34098815917969,44.680919236039045,44.290999080154954,44.5109556045705,9200
2025-06-18,44.50095748901367,44.79089949980485,44.37098664052584,44.37098664052584,5800
2025-06-20,44.29100036621094,44.74090971834187,44.02105475493238,44.74090971834187,21500
2025-06-23,44.83000183105469,44.83000183105469,44.369998931884766,44.40999984741211,9100
2025-06-24,45.79999923706055,45.86000061035156,45.22999954223633,45.22999954223633,9600
2025-06-25,45.59000015258789,45.93000030517578,45.59000015258789,45.93000030517578,13400
2025-06-26,46.189998626708984,46.189998626708984,45.77000045776367,45.790000915527344,17100
2025-06-27,46.0099983215332,46.349998474121094,45.599998474121094,46.310001373291016,12300
2025-06-30,46.2400016784668,46.43000030517578,46.130001068115234,46.2400016784668,9200
