Date,Close,High,Low,Open,Volume
2020-01-31,21.799999237060547,24.399999618530273,19.31999969482422,23.059999465942383,2931700
2020-02-03,25.1299991607666,25.81999969482422,21.11000061035156,21.15999984741211,712500
2020-02-04,25.63999938964844,27.450000762939453,24.299999237060547,25.1299991607666,247200
2020-02-05,25.229999542236328,26.09000015258789,24.5,26.09000015258789,161300
2020-02-06,24.739999771118164,25.549999237060547,23.13999938964844,25.270000457763672,223100
2020-02-07,26.38999938964844,26.655000686645508,23.11000061035156,24.709999084472656,251200
2020-02-10,26.5,27.725000381469727,25.530000686645508,26.829999923706055,90900
2020-02-11,26.239999771118164,26.700000762939453,25.829999923706055,26.63999938964844,129200
2020-02-12,25.75,26.200000762939453,24.92200088500977,26.200000762939453,105000
2020-02-13,26.329999923706055,27.530000686645508,25.33799934387207,25.61000061035156,114000
2020-02-14,25.510000228881836,27.46500015258789,23.88999938964844,26.40999984741211,93400
2020-02-18,25.5,26.36400032043457,24.200000762939453,25.239999771118164,209500
2020-02-19,26.59000015258789,26.959999084472656,25.540000915527344,25.540000915527344,293300
2020-02-20,26.899999618530273,27.38999938964844,26.149999618530273,27.34000015258789,227000
2020-02-21,27.049999237060547,28.5,26.450000762939453,26.8799991607666,256500
2020-02-24,27.61000061035156,28.489999771118164,25.61000061035156,26.239999771118164,218000
2020-02-25,26.329999923706055,28.940000534057617,25.06999969482422,27.309999465942383,386300
2020-02-26,28.540000915527344,28.579999923706055,26.13999938964844,26.13999938964844,91200
2020-02-27,27.61000061035156,28.85099983215332,26.80299949645996,28.209999084472656,262600
2020-02-28,26.575000762939453,29.059999465942383,24.799999237060547,27.1299991607666,424100
2020-03-02,27.399999618530273,28.13999938964844,26.0,26.649999618530273,247800
2020-03-03,27.469999313354492,28.84000015258789,26.5,27.5,242800
2020-03-04,27.709999084472656,28.260000228881836,26.540000915527344,27.670000076293945,176200
2020-03-05,27.63999938964844,28.799999237060547,26.86000061035156,27.299999237060547,163500
2020-03-06,28.25,29.048999786376953,26.549999237060547,27.489999771118164,198600
2020-03-09,28.36000061035156,30.549999237060547,27.11000061035156,27.549999237060547,119700
2020-03-10,30.530000686645508,34.0,28.549999237060547,28.989999771118164,196600
2020-03-11,25.0,31.799999237060547,22.899999618530273,30.010000228881836,408600
2020-03-12,22.31999969482422,24.799999237060547,21.6200008392334,23.229999542236328,103100
2020-03-13,22.65999984741211,28.770000457763672,17.8700008392334,22.700000762939453,166800
2020-03-16,18.979999542236328,21.440000534057617,17.100000381469727,21.440000534057617,147100
2020-03-17,19.1200008392334,20.209999084472656,18.200000762939453,19.3799991607666,151300
2020-03-18,18.5,19.5,17.549999237060547,18.36000061035156,91800
2020-03-19,25.229999542236328,26.1299991607666,18.18000030517578,18.450000762939453,123200
2020-03-20,33.31999969482422,40.880001068115234,23.36000061035156,25.950000762939453,1350400
2020-03-23,36.900001525878906,37.47999954223633,25.36000061035156,34.15999984741211,219800
2020-03-24,36.720001220703125,38.91999816894531,30.604999542236328,37.90999984741211,102300
2020-03-25,32.560001373291016,36.595001220703125,31.575000762939453,36.529998779296875,150400
2020-03-26,31.0,32.599998474121094,30.13999938964844,32.599998474121094,51700
2020-03-27,27.350000381469727,30.8700008392334,23.979999542236328,30.299999237060547,144100
2020-03-30,29.700000762939453,30.010000228881836,24.260000228881836,28.0,44700
2020-03-31,29.799999237060547,31.399999618530273,27.395999908447266,29.399999618530273,102200
2020-04-01,25.81999969482422,29.739999771118164,25.274999618530273,29.15999984741211,100500
2020-04-02,25.84000015258789,28.25,24.05500030517578,25.61000061035156,48800
2020-04-03,25.350000381469727,26.13999938964844,24.5,25.61000061035156,83600
2020-04-06,28.350000381469727,29.200000762939453,25.260000228881836,26.06999969482422,74600
2020-04-07,28.5,28.549999237060547,26.905000686645508,28.549999237060547,39100
2020-04-08,27.170000076293945,28.799999237060547,26.559999465942383,28.799999237060547,34700
2020-04-09,31.950000762939453,32.0,26.295000076293945,27.690000534057617,78500
2020-04-13,31.43000030517578,32.005001068115234,29.72699928283691,31.5,37100
2020-04-14,30.93000030517578,32.0,30.850000381469727,31.299999237060547,30900
2020-04-15,25.299999237060547,30.600000381469727,25.104999542236328,30.0,131600
2020-04-16,26.61000061035156,27.25,23.219999313354492,25.700000762939453,136100
2020-04-17,27.280000686645508,28.010000228881836,25.530000686645508,27.270000457763672,38500
2020-04-20,27.399999618530273,28.399999618530273,25.450000762939453,26.100000381469727,42100
2020-04-21,28.31999969482422,30.0,25.611000061035156,26.469999313354492,71100
2020-04-22,28.719999313354492,29.489999771118164,27.700000762939453,29.200000762939453,24400
2020-04-23,27.18000030517578,29.219999313354492,26.709999084472656,28.700000762939453,20900
2020-04-24,29.61000061035156,30.0,27.489999771118164,27.489999771118164,83600
2020-04-27,29.780000686645508,30.06599998474121,29.209999084472656,30.0,75000
2020-04-28,28.969999313354492,30.020000457763672,28.010000228881836,30.0,47400
2020-04-29,29.600000381469727,31.600000381469727,28.25,29.950000762939453,113300
2020-04-30,29.719999313354492,30.0,28.3700008392334,29.100000381469727,33500
2020-05-01,26.0,29.649999618530273,25.253999710083008,28.790000915527344,120800
2020-05-04,25.670000076293945,26.190000534057617,23.959999084472656,25.530000686645508,32700
2020-05-05,25.59000015258789,27.084999084472656,25.0,26.420000076293945,37700
2020-05-06,25.200000762939453,25.8799991607666,24.600000381469727,25.440000534057617,31500
2020-05-07,24.479999542236328,25.440000534057617,24.059999465942383,25.09000015258789,28400
2020-05-08,24.5,25.079999923706055,24.200000762939453,25.079999923706055,44900
2020-05-11,26.799999237060547,27.11000061035156,24.100000381469727,24.520000457763672,35600
2020-05-12,24.700000762939453,28.149999618530273,24.5,26.829999923706055,43000
2020-05-13,26.809999465942383,27.06999969482422,24.11000061035156,24.700000762939453,46200
2020-05-14,25.440000534057617,26.559999465942383,24.549999237060547,26.059999465942383,89700
2020-05-15,25.559999465942383,26.0,24.93000030517578,25.459999084472656,24600
2020-05-18,28.969999313354492,29.270000457763672,26.05900001525879,26.09000015258789,41800
2020-05-19,26.489999771118164,30.0,26.059999465942383,28.510000228881836,38600
2020-05-20,29.209999084472656,29.899999618530273,26.790000915527344,27.280000686645508,39500
2020-05-21,29.36000061035156,29.899999618530273,28.190000534057617,29.579999923706055,30900
2020-05-22,29.579999923706055,30.0,28.899999618530273,29.549999237060547,28200
2020-05-26,29.950000762939453,31.760000228881836,29.510000228881836,30.1200008392334,220700
2020-05-27,30.200000762939453,30.899999618530273,29.010000228881836,30.25,55400
2020-05-28,29.979999542236328,30.790000915527344,29.739999771118164,30.25,51900
2020-05-29,33.54999923706055,35.75,29.63999938964844,29.959999084472656,178900
2020-06-01,33.9900016784668,38.814998626708984,33.040000915527344,34.33000183105469,93600
2020-06-02,31.34000015258789,34.72999954223633,30.483999252319336,34.439998626708984,46500
2020-06-03,33.529998779296875,34.56999969482422,31.170000076293945,31.59000015258789,57800
2020-06-04,30.5,35.05500030517578,30.354999542236328,33.02000045776367,48600
2020-06-05,31.43000030517578,34.81999969482422,29.760000228881836,31.36000061035156,91700
2020-06-08,29.350000381469727,32.16999816894531,29.15999984741211,32.16999816894531,54300
2020-06-09,28.010000228881836,29.899999618530273,27.420000076293945,29.40999984741211,34400
2020-06-10,28.5,29.459999084472656,27.6299991607666,27.6299991607666,26300
2020-06-11,25.55500030517578,27.8799991607666,25.5,27.549999237060547,123400
2020-06-12,25.530000686645508,26.5,25.0,26.450000762939453,51100
2020-06-15,29.459999084472656,30.6200008392334,25.559999465942383,25.559999465942383,168500
2020-06-16,29.270000457763672,30.989999771118164,28.600000381469727,30.93000030517578,127900
2020-06-17,28.989999771118164,30.875,28.809999465942383,29.799999237060547,133600
2020-06-18,29.65999984741211,30.799999237060547,28.7549991607666,29.100000381469727,195600
2020-06-19,33.79999923706055,39.85300064086914,29.799999237060547,29.850000381469727,709100
2020-06-22,36.560001373291016,39.75,34.040000915527344,34.040000915527344,105000
2020-06-23,32.5,36.95000076293945,32.279998779296875,36.7599983215332,101900
2020-06-24,32.400001525878906,33.70000076293945,30.270000457763672,32.11000061035156,76400
2020-06-25,32.709999084472656,34.474998474121094,32.130001068115234,32.130001068115234,48600
2020-06-26,32.470001220703125,32.88999938964844,30.010000228881836,32.119998931884766,169200
2020-06-29,33.0099983215332,34.040000915527344,31.790000915527344,32.849998474121094,44300
2020-06-30,30.239999771118164,33.768001556396484,29.170000076293945,32.7400016784668,95100
2020-07-01,31.829999923706055,32.11000061035156,29.34000015258789,30.100000381469727,95200
2020-07-02,32.0099983215332,32.327999114990234,31.0,31.850000381469727,35500
2020-07-06,32.279998779296875,33.0,31.305999755859375,32.470001220703125,28700
2020-07-07,32.0,33.20800018310547,31.790000915527344,32.2400016784668,34800
2020-07-08,31.200000762939453,33.06999969482422,29.770000457763672,32.0099983215332,101200
2020-07-09,29.059999465942383,31.28700065612793,28.8799991607666,31.020000457763672,61300
2020-07-10,29.09000015258789,30.020000457763672,27.940000534057617,29.3700008392334,78000
2020-07-13,27.56999969482422,29.899999618530273,27.290000915527344,29.11000061035156,124100
2020-07-14,28.290000915527344,28.670000076293945,27.1200008392334,27.5,77100
2020-07-15,28.940000534057617,29.739999771118164,28.5,28.920000076293945,68100
2020-07-16,27.8799991607666,29.530000686645508,27.229999542236328,28.989999771118164,52600
2020-07-17,29.0,30.149999618530273,27.63999938964844,27.63999938964844,44100
2020-07-20,29.059999465942383,29.829999923706055,28.309999465942383,28.81999969482422,33100
2020-07-21,28.440000534057617,30.049999237060547,28.229999542236328,28.75,41900
2020-07-22,27.700000762939453,28.65999984741211,27.11000061035156,28.209999084472656,57100
2020-07-23,27.600000381469727,28.709999084472656,27.309999465942383,27.59000015258789,38600
2020-07-24,27.280000686645508,27.825000762939453,26.8799991607666,27.309999465942383,39900
2020-07-27,27.969999313354492,29.165000915527344,26.850000381469727,27.350000381469727,26900
2020-07-28,28.190000534057617,29.780000686645508,27.75,27.809999465942383,54200
2020-07-29,27.559999465942383,28.959999084472656,27.260000228881836,28.440000534057617,61900
2020-07-30,27.6200008392334,28.79400062561035,27.020000457763672,27.020000457763672,41800
2020-07-31,26.700000762939453,29.079999923706055,26.31999969482422,29.079999923706055,115900
2020-08-03,25.88999938964844,27.07900047302246,25.364999771118164,26.899999618530273,234100
2020-08-04,24.969999313354492,26.31999969482422,24.489999771118164,25.600000381469727,102100
2020-08-05,24.549999237060547,25.790000915527344,24.209999084472656,25.3799991607666,103100
2020-08-06,24.280000686645508,24.82699966430664,24.040000915527344,24.809999465942383,59500
2020-08-07,24.219999313354492,24.59000015258789,24.020000457763672,24.290000915527344,120000
2020-08-10,25.700000762939453,25.850000381469727,23.780000686645508,24.600000381469727,119300
2020-08-11,24.65999984741211,25.729999542236328,24.6299991607666,25.729999542236328,63200
2020-08-12,26.1299991607666,26.790000915527344,24.559999465942383,25.0,279700
2020-08-13,25.9950008392334,27.11000061035156,25.510000228881836,26.13999938964844,78200
2020-08-14,26.15999984741211,26.36000061035156,25.18000030517578,25.950000762939453,48200
2020-08-17,26.219999313354492,27.1299991607666,25.75,26.290000915527344,218300
2020-08-18,26.520000457763672,26.799999237060547,26.11000061035156,26.25,98100
2020-08-19,26.93000030517578,27.5,26.0,26.420000076293945,134000
2020-08-20,27.5,27.920000076293945,26.760000228881836,26.760000228881836,117900
2020-08-21,28.200000762939453,29.6299991607666,26.899999618530273,27.5,134000
2020-08-24,25.239999771118164,28.8799991607666,25.0,28.219999313354492,237100
2020-08-25,24.959999084472656,25.969999313354492,24.90999984741211,25.280000686645508,78600
2020-08-26,24.65999984741211,26.0,24.299999237060547,25.020000457763672,115100
2020-08-27,24.040000915527344,24.940000534057617,23.5,24.940000534057617,63800
2020-08-28,24.600000381469727,24.8799991607666,23.59000015258789,24.68400001525879,76300
2020-08-31,25.06999969482422,25.885000228881836,24.450000762939453,24.450000762939453,90100
2020-09-01,24.799999237060547,25.09000015258789,24.020000457763672,25.09000015258789,67700
2020-09-02,25.38999938964844,25.75,24.45800018310547,25.020000457763672,108000
2020-09-03,24.799999237060547,25.399999618530273,24.239999771118164,25.399999618530273,61400
2020-09-04,24.399999618530273,25.43000030517578,22.954999923706055,25.239999771118164,108600
2020-09-08,24.190000534057617,24.790000915527344,23.989999771118164,24.209999084472656,195500
2020-09-09,23.8799991607666,25.729000091552734,23.850000381469727,24.690000534057617,125700
2020-09-10,24.040000915527344,24.31999969482422,23.88999938964844,24.200000762939453,180300
2020-09-11,23.440000534057617,24.450000762939453,23.190000534057617,24.450000762939453,87300
2020-09-14,24.3700008392334,25.344999313354492,23.559999465942383,23.969999313354492,135200
2020-09-15,25.079999923706055,25.18000030517578,24.31999969482422,24.950000762939453,112400
2020-09-16,25.690000534057617,26.350000381469727,24.829999923706055,25.420000076293945,339900
2020-09-17,27.219999313354492,27.61000061035156,25.190000534057617,25.190000534057617,230100
2020-09-18,26.34000015258789,28.88999938964844,26.06999969482422,27.63999938964844,1431700
2020-09-21,25.649999618530273,26.38999938964844,24.440000534057617,25.81999969482422,194900
2020-09-22,25.280000686645508,26.299999237060547,24.459999084472656,25.88999938964844,153800
2020-09-23,24.739999771118164,25.8799991607666,24.239999771118164,25.190000534057617,63900
2020-09-24,24.649999618530273,25.174999237060547,24.209999084472656,24.649999618530273,43800
2020-09-25,25.059999465942383,25.295000076293945,24.030000686645508,24.56999969482422,65400
2020-09-28,26.760000228881836,27.15999984741211,25.25,25.5,76900
2020-09-29,31.040000915527344,31.43000030517578,27.010000228881836,27.010000228881836,274200
2020-09-30,29.299999237060547,30.010000228881836,27.9060001373291,29.209999084472656,278800
2020-10-01,27.6200008392334,29.729999542236328,27.61000061035156,29.059999465942383,358000
2020-10-02,23.299999237060547,24.599000930786133,23.15999984741211,24.350000381469727,1574200
2020-10-05,23.63999938964844,24.350000381469727,23.40999984741211,23.600000381469727,393500
2020-10-06,23.75,24.049999237060547,23.170000076293945,23.459999084472656,337600
2020-10-07,24.3799991607666,24.799999237060547,24.0,24.600000381469727,307800
2020-10-08,24.34000015258789,25.0,24.209999084472656,25.0,565300
2020-10-09,24.13999938964844,24.6200008392334,23.81999969482422,24.1200008392334,249700
2020-10-12,23.625,24.56999969482422,23.559999465942383,24.149999618530273,262800
2020-10-13,24.420000076293945,24.6299991607666,23.690000534057617,23.690000534057617,249200
2020-10-14,24.18000030517578,24.8700008392334,23.854999542236328,24.520000457763672,173000
2020-10-15,23.959999084472656,24.31999969482422,22.290000915527344,23.93000030517578,197300
2020-10-16,23.989999771118164,24.354999542236328,23.579999923706055,23.790000915527344,252400
2020-10-19,24.0,24.200000762939453,23.6200008392334,24.0,155600
2020-10-20,23.690000534057617,24.09000015258789,22.670000076293945,24.059999465942383,130300
2020-10-21,23.09000015258789,23.809999465942383,22.969999313354492,23.809999465942383,142800
2020-10-22,22.75,23.25,22.709999084472656,23.079999923706055,200600
2020-10-23,23.040000915527344,23.364999771118164,22.31999969482422,22.770000457763672,121100
2020-10-26,20.920000076293945,23.36000061035156,20.674999237060547,22.969999313354492,393600
2020-10-27,21.25,21.469999313354492,20.739999771118164,20.920000076293945,149100
2020-10-28,20.1299991607666,21.06999969482422,19.920000076293945,20.88999938964844,293400
2020-10-29,20.040000915527344,20.520000457763672,19.75,20.5,308000
2020-10-30,17.81999969482422,21.184999465942383,17.530000686645508,21.184999465942383,296500
2020-11-02,18.719999313354492,19.780000686645508,17.979999542236328,17.979999542236328,190200
2020-11-03,18.190000534057617,19.11000061035156,18.0,18.86000061035156,121300
2020-11-04,18.969999313354492,19.100000381469727,18.08300018310547,18.25,112100
2020-11-05,18.65999984741211,19.719999313354492,17.739999771118164,18.989999771118164,147500
2020-11-06,18.25,18.709999084472656,17.510000228881836,18.440000534057617,284000
2020-11-09,20.780000686645508,22.15999984741211,20.010000228881836,22.15999984741211,226500
2020-11-10,20.649999618530273,21.0,20.03499984741211,20.969999313354492,105100
2020-11-11,20.950000762939453,21.040000915527344,20.200000762939453,20.969999313354492,80300
2020-11-12,20.829999923706055,21.43000030517578,20.36000061035156,20.969999313354492,272500
2020-11-13,21.170000076293945,22.19499969482422,20.81999969482422,22.19499969482422,139700
2020-11-16,21.40999984741211,22.1200008392334,20.920000076293945,22.1200008392334,130400
2020-11-17,20.84000015258789,21.399999618530273,20.665000915527344,21.399999618530273,115800
2020-11-18,20.920000076293945,21.43000030517578,20.545000076293945,21.25,394500
2020-11-19,21.38999938964844,21.979999542236328,21.0,21.020000457763672,80500
2020-11-20,23.1200008392334,23.190000534057617,21.1200008392334,21.1200008392334,171300
2020-11-23,25.18000030517578,25.239999771118164,23.61000061035156,24.15999984741211,258300
2020-11-24,25.510000228881836,25.940000534057617,24.979999542236328,25.309999465942383,186100
2020-11-25,25.6200008392334,26.200000762939453,24.549999237060547,24.549999237060547,122300
2020-11-27,25.940000534057617,26.3799991607666,25.520000457763672,25.850000381469727,48600
2020-11-30,27.1200008392334,27.274999618530273,25.940000534057617,26.770000457763672,335800
2020-12-01,24.84000015258789,27.739999771118164,24.65999984741211,27.739999771118164,194400
2020-12-02,25.75,26.475000381469727,24.6299991607666,24.6299991607666,140300
2020-12-03,26.649999618530273,26.829999923706055,25.81999969482422,25.81999969482422,108900
2020-12-04,26.010000228881836,26.93000030517578,25.5049991607666,26.649999618530273,112800
2020-12-07,26.510000228881836,26.829999923706055,25.81999969482422,26.239999771118164,102600
2020-12-08,26.40999984741211,26.81999969482422,26.020000457763672,26.36000061035156,165800
2020-12-09,28.190000534057617,28.229999542236328,25.719999313354492,26.670000076293945,264400
2020-12-10,29.049999237060547,29.5,27.59000015258789,28.020000457763672,242900
2020-12-11,28.850000381469727,29.489999771118164,27.079999923706055,28.489999771118164,118000
2020-12-14,29.15999984741211,30.219999313354492,28.459999084472656,29.280000686645508,332400
2020-12-15,29.649999618530273,30.440000534057617,28.43000030517578,29.260000228881836,239100
2020-12-16,31.34000015258789,32.209999084472656,29.59000015258789,29.8799991607666,155100
2020-12-17,31.729999542236328,32.0,30.67300033569336,31.149999618530273,168600
2020-12-18,28.899999618530273,32.0,28.65999984741211,31.920000076293945,1943700
2020-12-21,28.950000762939453,29.270000457763672,27.040000915527344,28.8799991607666,268900
2020-12-22,30.0,31.0,28.729999542236328,28.88999938964844,160100
2020-12-23,28.149999618530273,31.059999465942383,27.559999465942383,30.11000061035156,152200
2020-12-24,29.61000061035156,30.15999984741211,28.020000457763672,28.25,78200
2020-12-28,29.25,30.104999542236328,28.950000762939453,30.020000457763672,100400
2020-12-29,28.8799991607666,29.80500030517578,28.329999923706055,29.270000457763672,135900
2020-12-30,29.299999237060547,30.165000915527344,28.59000015258789,29.020000457763672,118900
2020-12-31,28.1299991607666,29.469999313354492,27.920000076293945,29.469999313354492,87100
2021-01-04,28.440000534057617,29.049999237060547,27.584999084472656,27.584999084472656,119200
2021-01-05,28.030000686645508,29.225000381469727,27.709999084472656,29.225000381469727,74200
2021-01-06,28.700000762939453,29.625,27.950000762939453,28.059999465942383,81300
2021-01-07,28.780000686645508,29.510000228881836,27.257999420166016,28.329999923706055,70600
2021-01-08,28.15999984741211,29.25,26.90999984741211,28.739999771118164,107300
2021-01-11,27.790000915527344,28.489999771118164,27.350000381469727,27.61000061035156,53100
2021-01-12,27.31999969482422,28.549999237060547,27.06999969482422,27.940000534057617,57700
2021-01-13,27.13999938964844,28.336000442504883,26.829999923706055,27.06999969482422,61300
2021-01-14,28.489999771118164,28.739999771118164,27.010000228881836,27.729999542236328,74700
2021-01-15,28.6299991607666,29.738000869750977,27.3700008392334,28.280000686645508,241500
2021-01-19,28.719999313354492,30.969999313354492,28.270000457763672,29.780000686645508,240600
2021-01-20,28.209999084472656,29.309999465942383,27.899999618530273,28.940000534057617,82100
2021-01-21,27.219999313354492,28.31999969482422,26.559999465942383,28.31999969482422,276800
2021-01-22,26.809999465942383,27.27400016784668,26.469999313354492,27.010000228881836,148700
2021-01-25,27.170000076293945,27.5,26.229999542236328,27.0,165600
2021-01-26,26.510000228881836,27.489999771118164,26.149999618530273,27.31999969482422,265800
2021-01-27,24.469999313354492,26.3799991607666,24.25,26.3799991607666,197800
2021-01-28,26.059999465942383,26.549999237060547,24.950000762939453,25.260000228881836,427900
2021-01-29,27.290000915527344,27.489999771118164,24.690000534057617,26.0,138000
2021-02-01,35.58000183105469,36.75,32.0,33.25,1497000
2021-02-02,36.099998474121094,36.95000076293945,33.06999969482422,35.689998626708984,482300
2021-02-03,34.630001068115234,36.439998626708984,33.220001220703125,35.86000061035156,1945500
2021-02-04,34.900001525878906,35.310001373291016,34.29999923706055,34.88999938964844,545900
2021-02-05,35.040000915527344,35.5,32.900001525878906,35.5,394300
2021-02-08,36.97999954223633,37.13999938964844,35.25,35.27000045776367,303100
2021-02-09,36.040000915527344,38.4900016784668,35.43000030517578,38.0,240200
2021-02-10,36.13999938964844,36.4900016784668,34.32500076293945,35.63999938964844,203900
2021-02-11,34.810001373291016,36.4900016784668,34.0,36.470001220703125,164100
2021-02-12,35.08000183105469,36.119998931884766,34.099998474121094,35.5,116300
2021-02-16,33.689998626708984,35.869998931884766,33.61000061035156,35.58000183105469,492100
2021-02-17,35.040000915527344,35.95000076293945,33.45500183105469,34.7599983215332,488700
2021-02-18,34.97999954223633,36.380001068115234,34.220001220703125,34.529998779296875,324600
2021-02-19,36.13999938964844,36.470001220703125,35.06999969482422,36.22999954223633,189900
2021-02-22,35.65999984741211,36.5,34.7400016784668,35.900001525878906,183100
2021-02-23,35.849998474121094,36.599998474121094,34.27000045776367,35.029998779296875,278900
2021-02-24,35.0,36.525001525878906,34.86000061035156,36.525001525878906,192800
2021-02-25,34.2400016784668,35.209999084472656,33.20000076293945,35.0,174400
2021-02-26,34.16999816894531,35.09000015258789,32.66999816894531,34.4900016784668,155300
2021-03-01,34.970001220703125,35.279998779296875,33.72999954223633,34.2400016784668,350800
2021-03-02,35.040000915527344,35.89400100708008,35.0,35.029998779296875,222900
2021-03-03,32.439998626708984,35.65999984741211,32.220001220703125,35.0099983215332,249500
2021-03-04,30.690000534057617,33.099998474121094,29.11000061035156,32.75,288700
2021-03-05,31.25,32.599998474121094,29.709999084472656,30.549999237060547,274000
2021-03-08,30.280000686645508,32.0,29.94499969482422,31.299999237060547,142400
2021-03-09,33.02000045776367,33.11000061035156,30.65999984741211,30.65999984741211,164700
2021-03-10,32.20000076293945,33.81999969482422,31.520000457763672,32.900001525878906,106600
2021-03-11,32.84000015258789,33.72999954223633,32.150001525878906,32.529998779296875,139800
2021-03-12,32.54999923706055,33.18000030517578,32.17499923706055,32.52000045776367,93900
2021-03-15,32.540000915527344,32.959999084472656,31.969999313354492,32.915000915527344,60000
2021-03-16,30.920000076293945,33.20000076293945,30.239999771118164,32.81999969482422,109400
2021-03-17,32.34000015258789,32.7400016784668,30.020000457763672,32.314998626708984,190500
2021-03-18,30.290000915527344,32.349998474121094,29.84000015258789,31.979999542236328,163300
2021-03-19,30.829999923706055,31.38999938964844,29.8700008392334,30.63999938964844,685500
2021-03-22,31.489999771118164,31.739999771118164,30.183000564575195,30.729999542236328,131800
2021-03-23,29.829999923706055,31.43000030517578,29.260000228881836,31.0,211000
2021-03-24,28.469999313354492,29.959999084472656,28.3799991607666,29.90999984741211,190900
2021-03-25,28.190000534057617,29.459999084472656,27.3799991607666,28.309999465942383,299600
2021-03-26,28.1299991607666,30.979999542236328,27.29599952697754,28.15999984741211,88600
2021-03-29,26.61000061035156,28.1200008392334,26.270000457763672,27.86000061035156,116800
2021-03-30,26.920000076293945,27.530000686645508,26.0,26.559999465942383,69700
2021-03-31,28.93000030517578,29.229999542236328,27.0,27.100000381469727,167800
2021-04-01,29.739999771118164,30.280000686645508,28.399999618530273,29.270000457763672,248500
2021-04-05,27.760000228881836,30.079999923706055,27.13999938964844,29.93000030517578,224600
2021-04-06,27.86000061035156,28.809999465942383,27.510000228881836,28.7549991607666,168000
2021-04-07,27.989999771118164,28.520000457763672,27.510000228881836,28.225000381469727,205100
2021-04-08,27.549999237060547,29.239999771118164,27.149999618530273,28.3700008392334,187900
2021-04-09,26.6200008392334,27.540000915527344,26.149999618530273,27.34000015258789,77200
2021-04-12,27.100000381469727,27.649999618530273,25.81999969482422,26.6299991607666,145600
2021-04-13,27.809999465942383,28.049999237060547,26.8799991607666,27.25,67200
2021-04-14,28.09000015258789,28.799999237060547,27.579999923706055,27.88999938964844,109700
2021-04-15,28.68000030517578,29.030000686645508,28.030000686645508,28.350000381469727,63800
2021-04-16,27.520000457763672,28.940000534057617,27.13999938964844,28.940000534057617,148400
2021-04-19,27.90999984741211,28.1299991607666,27.040000915527344,27.239999771118164,132300
2021-04-20,28.65999984741211,28.8700008392334,27.475000381469727,27.940000534057617,198000
2021-04-21,30.260000228881836,30.40999984741211,27.100000381469727,28.709999084472656,106200
2021-04-22,30.56999969482422,31.969999313354492,29.899999618530273,30.13999938964844,170500
2021-04-23,28.969999313354492,31.1299991607666,28.559999465942383,30.579999923706055,163400
2021-04-26,30.540000915527344,30.809999465942383,28.100000381469727,29.059999465942383,93200
2021-04-27,30.329999923706055,31.280000686645508,29.899999618530273,30.63999938964844,55500
2021-04-28,30.100000381469727,30.63999938964844,29.63999938964844,30.040000915527344,70500
2021-04-29,30.549999237060547,30.8799991607666,29.280000686645508,30.38999938964844,74500
2021-04-30,33.5,36.45000076293945,33.310001373291016,33.71799850463867,1543200
2021-05-03,34.75,35.4900016784668,33.599998474121094,35.279998779296875,733700
2021-05-04,33.22999954223633,35.04999923706055,33.060001373291016,35.0,450700
2021-05-05,33.56999969482422,34.959999084472656,33.459999084472656,34.0,316200
2021-05-06,32.619998931884766,34.74599838256836,30.940000534057617,34.74599838256836,461000
2021-05-07,34.130001068115234,35.209999084472656,33.290000915527344,33.63999938964844,305800
2021-05-10,32.54999923706055,34.849998474121094,32.42900085449219,34.849998474121094,237100
2021-05-11,29.6200008392334,31.624000549316406,28.700000762939453,31.350000381469727,549100
2021-05-12,27.2549991607666,30.06999969482422,27.020000457763672,30.010000228881836,436300
2021-05-13,25.549999237060547,28.058000564575195,24.790000915527344,27.209999084472656,598200
2021-05-14,25.75,26.209999084472656,25.11000061035156,25.399999618530273,305700
2021-05-17,25.079999923706055,25.68000030517578,24.56999969482422,25.56999969482422,319000
2021-05-18,25.030000686645508,25.81999969482422,24.600000381469727,25.040000915527344,242300
2021-05-19,24.420000076293945,24.790000915527344,23.770000457763672,24.579999923706055,168700
2021-05-20,25.11000061035156,25.260000228881836,24.263999938964844,24.290000915527344,151600
2021-05-21,25.350000381469727,25.59000015258789,24.799999237060547,25.40999984741211,137300
2021-05-24,25.25,25.719999313354492,24.950000762939453,25.459999084472656,112500
2021-05-25,25.13999938964844,26.15999984741211,25.010000228881836,25.229999542236328,203000
2021-05-26,25.719999313354492,26.299999237060547,24.709999084472656,25.219999313354492,158000
2021-05-27,26.229999542236328,27.36000061035156,25.149999618530273,27.36000061035156,340800
2021-05-28,26.350000381469727,27.229999542236328,26.1299991607666,26.1299991607666,197400
2021-06-01,27.420000076293945,27.829999923706055,26.299999237060547,26.40999984741211,169000
2021-06-02,26.739999771118164,27.63999938964844,26.350000381469727,27.5,155700
2021-06-03,26.739999771118164,27.0,26.030000686645508,26.5,134400
2021-06-04,26.3799991607666,27.073999404907227,26.100000381469727,26.700000762939453,84400
2021-06-07,27.81999969482422,28.079999923706055,26.1200008392334,26.350000381469727,204400
2021-06-08,27.940000534057617,28.809999465942383,26.809999465942383,28.13999938964844,147600
2021-06-09,27.770000457763672,28.4950008392334,27.655000686645508,28.18000030517578,83100
2021-06-10,28.149999618530273,28.479999542236328,27.68000030517578,27.68000030517578,78800
2021-06-11,28.36000061035156,28.420000076293945,27.850000381469727,28.200000762939453,83300
2021-06-14,29.079999923706055,29.209999084472656,28.549999237060547,28.549999237060547,127900
2021-06-15,28.510000228881836,29.3700008392334,27.93000030517578,29.170000076293945,95700
2021-06-16,28.1200008392334,28.979999542236328,27.209999084472656,28.600000381469727,221100
2021-06-17,27.829999923706055,28.219999313354492,27.018999099731445,27.770000457763672,241100
2021-06-18,27.350000381469727,27.8700008392334,26.600000381469727,27.440000534057617,473400
2021-06-21,27.299999237060547,27.5,26.600000381469727,27.5,119200
2021-06-22,26.399999618530273,27.469999313354492,26.174999237060547,27.200000762939453,95900
2021-06-23,26.8799991607666,27.075000762939453,26.030000686645508,26.329999923706055,123600
2021-06-24,27.36000061035156,27.530000686645508,26.979999542236328,27.530000686645508,176300
2021-06-25,27.38999938964844,27.670000076293945,27.100000381469727,27.5,1421100
2021-06-28,27.049999237060547,27.8799991607666,26.81999969482422,27.520000457763672,87500
2021-06-29,25.829999923706055,27.170000076293945,25.770000457763672,26.899999618530273,192200
2021-06-30,27.290000915527344,27.530000686645508,25.8799991607666,26.530000686645508,180000
2021-07-01,26.5,27.32699966430664,25.690000534057617,26.489999771118164,308900
2021-07-02,26.350000381469727,26.719999313354492,25.549999237060547,26.5,112500
2021-07-06,25.440000534057617,26.63999938964844,25.200000762939453,26.579999923706055,119900
2021-07-07,24.8799991607666,25.399999618530273,24.59000015258789,25.290000915527344,155700
2021-07-08,25.399999618530273,25.68400001525879,24.209999084472656,24.450000762939453,144400
2021-07-09,26.489999771118164,26.56999969482422,25.25,25.25,78300
2021-07-12,27.059999465942383,27.190000534057617,26.010000228881836,26.450000762939453,129600
2021-07-13,27.100000381469727,27.450000762939453,26.520000457763672,27.059999465942383,118000
2021-07-14,24.90999984741211,27.18000030517578,24.559999465942383,26.795000076293945,222600
2021-07-15,24.8799991607666,25.559999465942383,24.309999465942383,24.899999618530273,92000
2021-07-16,25.600000381469727,25.969999313354492,24.43000030517578,25.219999313354492,124800
2021-07-19,25.729999542236328,26.06999969482422,24.850000381469727,25.1299991607666,101000
2021-07-20,26.520000457763672,26.75,25.799999237060547,25.799999237060547,156300
2021-07-21,26.219999313354492,26.704999923706055,26.0,26.600000381469727,65200
2021-07-22,24.950000762939453,26.274999618530273,24.93000030517578,26.274999618530273,87400
2021-07-23,24.3799991607666,25.229999542236328,24.0,24.969999313354492,110400
2021-07-26,23.690000534057617,24.799999237060547,23.5,24.520000457763672,117100
2021-07-27,23.260000228881836,23.969999313354492,22.3799991607666,23.56999969482422,177400
2021-07-28,24.1200008392334,24.59000015258789,23.280000686645508,23.59000015258789,100600
2021-07-29,23.649999618530273,24.579999923706055,23.1200008392334,24.11000061035156,112200
2021-07-30,23.329999923706055,23.774999618530273,23.040000915527344,23.459999084472656,99200
2021-08-02,23.280000686645508,23.790000915527344,23.0049991607666,23.0049991607666,94000
2021-08-03,22.84000015258789,23.329999923706055,22.010000228881836,23.15999984741211,166200
2021-08-04,20.799999237060547,22.829999923706055,20.760000228881836,22.36000061035156,330800
2021-08-05,21.829999923706055,21.920000076293945,20.760000228881836,20.809999465942383,371100
2021-08-06,21.450000762939453,21.959999084472656,21.25,21.8700008392334,133000
2021-08-09,21.989999771118164,22.489999771118164,21.190000534057617,21.190000534057617,450100
2021-08-10,21.88999938964844,22.13999938964844,21.700000762939453,22.049999237060547,102300
2021-08-11,22.100000381469727,22.209999084472656,21.17300033569336,21.385000228881836,107900
2021-08-12,21.559999465942383,22.260000228881836,21.25,21.454999923706055,94500
2021-08-13,20.479999542236328,21.700000762939453,20.290000915527344,21.700000762939453,109400
2021-08-16,19.280000686645508,20.25,19.079999923706055,20.209999084472656,149900
2021-08-17,19.61000061035156,19.709999084472656,18.510000228881836,19.1299991607666,167600
2021-08-18,19.899999618530273,20.600000381469727,19.219999313354492,19.6200008392334,86000
2021-08-19,19.61000061035156,20.05500030517578,19.450000762939453,20.0,184800
2021-08-20,20.25,20.5,19.010000228881836,19.450000762939453,85500
2021-08-23,21.030000686645508,21.8700008392334,19.979999542236328,20.670000076293945,124100
2021-08-24,20.59000015258789,21.36000061035156,20.184999465942383,21.059999465942383,66400
2021-08-25,20.8700008392334,21.399999618530273,20.36000061035156,20.600000381469727,71000
2021-08-26,20.579999923706055,21.270000457763672,20.530000686645508,20.75,84400
2021-08-27,21.690000534057617,22.209999084472656,20.3700008392334,20.61000061035156,166700
2021-08-30,21.06999969482422,22.280000686645508,20.850000381469727,21.700000762939453,105200
2021-08-31,21.170000076293945,21.38999938964844,20.790000915527344,21.100000381469727,63400
2021-09-01,21.270000457763672,21.700000762939453,20.290000915527344,21.270000457763672,237300
2021-09-02,22.15999984741211,22.760000228881836,20.81999969482422,21.25,250700
2021-09-03,21.649999618530273,22.11000061035156,21.0049991607666,22.11000061035156,251300
2021-09-07,20.600000381469727,21.469999313354492,20.309999465942383,21.469999313354492,234800
2021-09-08,20.5,20.90999984741211,19.950000762939453,20.6200008392334,297000
2021-09-09,22.260000228881836,22.770000457763672,20.219999313354492,20.399999618530273,260400
2021-09-10,21.149999618530273,22.78499984741211,20.989999771118164,22.459999084472656,174700
2021-09-13,20.25,21.55500030517578,20.100000381469727,21.09000015258789,169300
2021-09-14,21.25,21.270000457763672,20.219999313354492,20.270000457763672,165500
2021-09-15,21.780000686645508,22.0,21.1299991607666,21.1299991607666,84500
2021-09-16,22.25,22.3799991607666,21.36000061035156,21.36000061035156,98700
2021-09-17,22.670000076293945,23.190000534057617,21.850000381469727,22.469999313354492,519500
2021-09-20,21.86000061035156,22.709999084472656,21.450000762939453,22.290000915527344,103400
2021-09-21,22.61000061035156,22.809999465942383,22.030000686645508,22.030000686645508,64700
2021-09-22,23.540000915527344,23.979999542236328,22.36000061035156,22.81999969482422,237500
2021-09-23,23.920000076293945,23.93000030517578,22.719999313354492,23.690000534057617,143600
2021-09-24,23.18000030517578,24.1299991607666,22.780000686645508,23.44499969482422,204100
2021-09-27,23.209999084472656,23.90999984741211,22.559999465942383,23.260000228881836,68200
2021-09-28,22.670000076293945,23.010000228881836,22.25,22.950000762939453,114600
2021-09-29,22.600000381469727,22.950000762939453,22.270000457763672,22.950000762939453,99300
2021-09-30,23.88999938964844,24.420000076293945,22.459999084472656,22.88999938964844,198700
2021-10-01,25.209999084472656,25.3700008392334,23.229999542236328,23.899999618530273,199600
2021-10-04,24.959999084472656,25.40999984741211,24.010000228881836,25.350000381469727,168900
2021-10-05,25.5,25.729999542236328,24.510000228881836,24.88999938964844,213000
2021-10-06,23.6200008392334,25.049999237060547,23.35300064086914,25.049999237060547,660600
2021-10-07,23.059999465942383,23.690000534057617,22.469999313354492,23.6200008392334,153300
2021-10-08,22.34000015258789,23.23500061035156,22.11000061035156,22.86000061035156,57000
2021-10-11,21.760000228881836,22.450000762939453,21.200000762939453,22.190000534057617,88500
2021-10-12,21.969999313354492,22.43000030517578,21.86000061035156,21.8700008392334,67800
2021-10-13,22.63999938964844,22.684999465942383,21.93000030517578,22.25,135000
2021-10-14,22.700000762939453,23.38999938964844,22.469999313354492,22.899999618530273,68100
2021-10-15,22.280000686645508,22.90999984741211,22.125,22.90999984741211,76300
2021-10-18,21.06999969482422,22.239999771118164,20.90999984741211,22.239999771118164,113600
2021-10-19,21.979999542236328,22.299999237060547,20.75,20.979999542236328,68000
2021-10-20,21.809999465942383,22.100000381469727,21.56999969482422,21.940000534057617,55500
2021-10-21,21.780000686645508,22.049999237060547,21.280000686645508,21.280000686645508,49000
2021-10-22,21.56999969482422,21.850000381469727,21.149999618530273,21.850000381469727,60000
2021-10-25,21.65999984741211,21.844999313354492,21.15999984741211,21.510000228881836,50100
2021-10-26,21.709999084472656,22.09000015258789,21.510000228881836,21.815000534057617,50200
2021-10-27,21.11000061035156,21.88999938964844,21.09000015258789,21.56999969482422,150300
2021-10-28,21.63999938964844,21.719999313354492,19.121000289916992,20.959999084472656,74000
2021-10-29,21.18000030517578,21.954999923706055,20.670000076293945,21.649999618530273,78100
2021-11-01,22.850000381469727,22.979999542236328,21.1200008392334,21.309999465942383,98700
2021-11-02,22.950000762939453,23.100000381469727,22.38999938964844,22.81999969482422,42900
2021-11-03,23.850000381469727,23.905000686645508,22.979999542236328,22.979999542236328,111500
2021-11-04,21.559999465942383,24.229999542236328,21.290000915527344,24.020000457763672,308700
2021-11-05,22.049999237060547,22.375,21.010000228881836,21.600000381469727,187600
2021-11-08,21.93000030517578,22.8799991607666,21.84000015258789,22.36000061035156,50500
2021-11-09,22.200000762939453,22.31999969482422,21.3799991607666,21.940000534057617,68400
2021-11-10,21.559999465942383,22.329999923706055,21.3799991607666,21.959999084472656,54800
2021-11-11,21.239999771118164,21.989999771118164,21.11000061035156,21.670000076293945,133900
2021-11-12,21.190000534057617,21.600000381469727,20.8700008392334,21.36000061035156,59700
2021-11-15,20.25,21.579999923706055,20.25,21.239999771118164,127700
2021-11-16,20.0,20.309999465942383,19.676000595092773,20.219999313354492,94400
2021-11-17,19.3700008392334,20.239999771118164,19.280000686645508,20.0,103800
2021-11-18,18.84000015258789,19.729999542236328,18.75,19.729999542236328,165300
2021-11-19,18.190000534057617,18.88999938964844,18.1200008392334,18.75,126500
2021-11-22,16.959999084472656,18.15999984741211,16.920000076293945,17.597999572753906,254800
2021-11-23,17.510000228881836,17.78499984741211,16.25,17.78499984741211,319300
2021-11-24,17.729999542236328,18.2549991607666,17.020000457763672,17.459999084472656,326100
2021-11-26,16.670000076293945,17.424999237060547,16.045000076293945,17.110000610351562,145900
2021-11-29,15.760000228881836,16.989999771118164,15.5600004196167,16.829999923706055,480200
2021-11-30,16.56999969482422,16.940000534057617,15.300000190734863,15.710000038146973,334400
2021-12-01,15.460000038146973,16.799999237060547,15.40999984741211,16.799999237060547,231700
2021-12-02,16.0,16.079999923706055,15.149999618530272,15.670000076293944,247800
2021-12-03,15.369999885559082,16.020000457763672,14.93000030517578,16.020000457763672,558700
2021-12-06,15.529999732971191,15.710000038146973,14.916000366210938,15.119999885559082,196800
2021-12-07,16.520000457763672,16.68000030517578,15.670000076293944,15.949999809265137,283200
2021-12-08,16.309999465942383,17.0,16.1299991607666,16.479999542236328,151100
2021-12-09,15.789999961853027,16.3799991607666,15.520000457763672,16.06999969482422,158400
2021-12-10,15.3100004196167,16.06999969482422,15.239999771118164,15.949999809265137,141700
2021-12-13,15.529999732971191,15.970000267028809,14.859999656677246,14.859999656677246,154200
2021-12-14,14.979999542236328,15.699999809265137,14.831000328063965,15.699999809265137,166100
2021-12-15,16.0,16.040000915527344,14.15999984741211,14.880000114440918,306800
2021-12-16,16.5,16.639999389648438,15.779999732971191,16.110000610351562,209700
2021-12-17,17.06999969482422,17.239999771118164,15.699999809265137,16.530000686645508,302400
2021-12-20,17.40999984741211,17.700000762939453,16.46500015258789,16.799999237060547,141500
2021-12-21,17.770000457763672,18.1200008392334,17.280000686645508,17.280000686645508,106800
2021-12-22,18.540000915527344,18.63999938964844,17.110000610351562,17.420000076293945,145400
2021-12-23,20.100000381469727,20.3799991607666,17.559999465942383,18.850000381469727,337200
2021-12-27,20.219999313354492,20.5,19.8799991607666,19.979999542236328,256900
2021-12-28,20.940000534057617,21.8799991607666,20.1200008392334,20.1200008392334,248900
2021-12-29,20.489999771118164,20.969999313354492,19.68899917602539,20.719999313354492,178200
2021-12-30,20.479999542236328,21.329999923706055,20.079999923706055,20.489999771118164,169800
2021-12-31,20.739999771118164,20.950000762939453,20.26499938964844,20.459999084472656,156200
2022-01-03,22.790000915527344,22.86000061035156,20.309999465942383,20.334999084472656,153700
2022-01-04,22.5,23.0,22.059999465942383,22.309999465942383,241400
2022-01-05,20.290000915527344,22.8700008392334,20.23500061035156,22.104999542236328,235800
2022-01-06,19.700000762939453,20.299999237060547,18.739999771118164,20.260000228881836,228400
2022-01-07,18.65999984741211,20.290000915527344,18.399999618530273,19.700000762939453,123700
2022-01-10,18.84000015258789,18.979999542236328,17.700000762939453,18.530000686645508,120500
2022-01-11,18.86000061035156,19.799999237060547,18.559999465942383,18.950000762939453,96200
2022-01-12,17.899999618530273,18.940000534057617,17.860000610351562,18.940000534057617,138600
2022-01-13,16.940000534057617,18.1200008392334,16.829999923706055,18.06999969482422,263900
2022-01-14,17.40999984741211,17.65999984741211,16.1200008392334,17.1299991607666,342500
2022-01-18,16.09000015258789,17.395000457763672,15.960000038146973,17.020000457763672,240900
2022-01-19,15.619999885559082,16.65999984741211,15.550000190734863,16.43000030517578,110500
2022-01-20,15.149999618530272,16.15999984741211,15.09000015258789,15.90999984741211,111000
2022-01-21,15.399999618530272,15.729999542236328,14.80500030517578,15.18000030517578,265100
2022-01-24,15.890000343322754,16.030000686645508,14.489999771118164,15.0,272200
2022-01-25,15.420000076293944,15.835000038146973,14.59000015258789,15.59000015258789,283400
2022-01-26,15.079999923706056,16.469999313354492,14.895000457763672,15.550000190734863,292100
2022-01-27,14.380000114440918,15.279999732971191,14.220000267028809,15.149999618530272,206400
2022-01-28,14.670000076293944,14.789999961853027,13.59000015258789,14.359999656677246,129600
2022-01-31,15.109999656677246,15.210000038146973,14.59000015258789,14.59000015258789,170100
2022-02-01,15.5,15.80500030517578,14.84000015258789,15.119999885559082,213500
2022-02-02,14.859999656677246,15.880000114440918,14.579999923706056,15.539999961853027,194700
2022-02-03,14.68000030517578,15.100000381469728,14.609999656677246,14.65999984741211,126600
2022-02-04,14.8100004196167,15.125,14.1899995803833,14.529999732971191,130200
2022-02-07,15.479999542236328,15.75,14.8100004196167,14.8100004196167,135000
2022-02-08,15.609999656677246,15.729999542236328,14.774999618530272,15.489999771118164,172300
2022-02-09,16.90999984741211,17.354999542236328,15.600000381469728,15.600000381469728,372700
2022-02-10,15.890000343322754,17.149999618530273,15.5,16.56999969482422,308300
2022-02-11,15.470000267028809,16.18000030517578,15.359999656677246,15.859999656677246,168300
2022-02-14,15.31999969482422,15.960000038146973,15.050000190734863,15.239999771118164,234200
2022-02-15,16.5,16.8700008392334,15.710000038146973,15.75,229800
2022-02-16,16.739999771118164,17.0,16.139999389648438,16.329999923706055,69900
2022-02-17,16.020000457763672,16.950000762939453,15.857000350952148,16.139999389648438,135000
2022-02-18,15.979999542236328,16.360000610351562,15.579999923706056,15.850000381469728,126400
2022-02-22,16.010000228881836,16.56999969482422,15.539999961853027,15.789999961853027,108200
2022-02-23,16.149999618530273,17.399999618530273,16.079999923706055,16.25,194200
2022-02-24,17.889999389648438,17.979999542236328,14.574999809265137,15.15999984741211,470600
2022-02-25,17.989999771118164,18.290000915527344,16.920000076293945,17.8700008392334,188400
2022-02-28,17.799999237060547,18.899999618530273,16.950000762939453,17.56999969482422,235700
2022-03-01,17.5,18.299999237060547,17.399999618530273,17.850000381469727,342100
2022-03-02,18.299999237060547,18.979999542236328,17.809999465942383,17.809999465942383,267300
2022-03-03,17.670000076293945,18.420000076293945,17.18000030517578,18.420000076293945,136600
2022-03-04,16.790000915527344,17.729999542236328,16.600000381469727,17.100000381469727,169500
2022-03-07,16.510000228881836,17.489999771118164,16.350000381469727,16.950000762939453,131700
2022-03-08,15.68000030517578,16.709999084472656,15.59000015258789,16.610000610351562,226600
2022-03-09,17.010000228881836,17.139999389648438,15.029999732971191,16.1299991607666,286300
2022-03-10,17.59000015258789,17.799999237060547,16.565000534057617,16.649999618530273,1173500
2022-03-11,16.850000381469727,18.0,16.790000915527344,17.8700008392334,313000
2022-03-14,15.739999771118164,17.059999465942383,15.510000228881836,16.809999465942383,231800
2022-03-15,15.979999542236328,16.049999237060547,15.399999618530272,15.90999984741211,109700
2022-03-16,16.25,16.850000381469727,15.8100004196167,16.260000228881836,386400
2022-03-17,17.1200008392334,17.165000915527344,16.43000030517578,16.6200008392334,223000
2022-03-18,16.920000076293945,17.700000762939453,16.420000076293945,16.920000076293945,565500
2022-03-21,16.489999771118164,17.09000015258789,16.079999923706055,17.0,466200
2022-03-22,17.770000457763672,17.84000015258789,16.649999618530273,16.68000030517578,186900
2022-03-23,17.579999923706055,18.18000030517578,17.450000762939453,17.520000457763672,367000
2022-03-24,17.690000534057617,18.094999313354492,17.459999084472656,17.889999389648438,127000
2022-03-25,17.190000534057617,18.083999633789062,16.90999984741211,17.579999923706055,123800
2022-03-28,17.440000534057617,17.489999771118164,16.295000076293945,17.139999389648438,191700
2022-03-29,18.450000762939453,18.670000076293945,17.489999771118164,17.489999771118164,465500
2022-03-30,18.75,19.347999572753903,18.059999465942383,18.459999084472656,375800
2022-03-31,19.260000228881836,19.68000030517578,18.56999969482422,18.56999969482422,262500
2022-04-01,20.34000015258789,20.559999465942383,19.280000686645508,19.299999237060547,429700
2022-04-04,21.350000381469727,21.440000534057617,20.200000762939453,20.469999313354492,668300
2022-04-05,20.93000030517578,22.100000381469727,20.8799991607666,21.43000030517578,435200
2022-04-06,20.780000686645508,21.020000457763672,20.299999237060547,20.81999969482422,610700
2022-04-07,20.56999969482422,21.100000381469727,20.3799991607666,20.770000457763672,587400
2022-04-08,21.11000061035156,21.200000762939453,20.100000381469727,20.479999542236328,445100
2022-04-11,20.780000686645508,21.31999969482422,20.704999923706055,20.84000015258789,349900
2022-04-12,20.5,21.799999237060547,20.200000762939453,21.079999923706055,335100
2022-04-13,21.920000076293945,22.059999465942383,20.209999084472656,20.209999084472656,140200
2022-04-14,21.030000686645508,22.170000076293945,21.0,21.950000762939453,108600
2022-04-18,20.100000381469727,20.8799991607666,19.950000762939453,20.8799991607666,274000
2022-04-19,20.36000061035156,20.899999618530273,19.742000579833984,20.09000015258789,117600
2022-04-20,20.760000228881836,21.155000686645508,20.0,20.5,140400
2022-04-21,20.209999084472656,21.34000015258789,19.850000381469727,20.459999084472656,314700
2022-04-22,20.18000030517578,20.420000076293945,19.88999938964844,19.979999542236328,173400
2022-04-25,21.260000228881836,21.375999450683594,19.959999084472656,20.100000381469727,275900
2022-04-26,19.920000076293945,21.25,19.86000061035156,21.059999465942383,261700
2022-04-27,19.770000457763672,20.309999465942383,19.6200008392334,19.8700008392334,264000
2022-04-28,19.799999237060547,20.579999923706055,19.399999618530273,20.020000457763672,324900
2022-04-29,20.190000534057617,21.06999969482422,19.760000228881836,19.850000381469727,237100
2022-05-02,21.34000015258789,21.3700008392334,20.059999465942383,20.260000228881836,219500
2022-05-03,21.510000228881836,21.760000228881836,20.63999938964844,21.299999237060547,149400
2022-05-04,21.989999771118164,22.1200008392334,20.100000381469727,21.280000686645508,168500
2022-05-05,21.020000457763672,22.049999237060547,20.739999771118164,21.899999618530273,223000
2022-05-06,19.399999618530273,20.989999771118164,19.3799991607666,20.709999084472656,385100
2022-05-09,18.84000015258789,19.450000762939453,18.5,18.969999313354492,288400
2022-05-10,18.899999618530273,19.88999938964844,17.989999771118164,19.530000686645508,325000
2022-05-11,16.329999923706055,18.81999969482422,16.139999389648438,18.81999969482422,395400
2022-05-12,17.489999771118164,17.739999771118164,16.06999969482422,16.110000610351562,226200
2022-05-13,17.93000030517578,18.329999923706055,17.690000534057617,18.030000686645508,301000
2022-05-16,18.25,18.68000030517578,17.3700008392334,17.6299991607666,136400
2022-05-17,19.530000686645508,19.61000061035156,18.459999084472656,18.770000457763672,154300
2022-05-18,19.5,19.790000915527344,18.8700008392334,18.8700008392334,317100
2022-05-19,19.850000381469727,20.270000457763672,18.920000076293945,19.479999542236328,427800
2022-05-20,20.65999984741211,20.829999923706055,19.760000228881836,20.1299991607666,316600
2022-05-23,21.31999969482422,21.86000061035156,20.6299991607666,20.950000762939453,317100
2022-05-24,22.200000762939453,22.600000381469727,20.11000061035156,20.979999542236328,660500
2022-05-25,19.600000381469727,22.329999923706055,18.200000762939453,22.049999237060547,1419400
2022-05-26,19.65999984741211,20.36000061035156,19.25,19.950000762939453,500300
2022-05-27,20.989999771118164,21.309999465942383,19.200000762939453,19.770000457763672,834700
2022-05-31,20.8799991607666,21.059999465942383,20.31999969482422,20.920000076293945,445400
2022-06-01,20.290000915527344,21.15999984741211,20.059999465942383,20.920000076293945,339200
2022-06-02,20.56999969482422,20.780000686645508,19.270000457763672,20.18000030517578,286900
2022-06-03,21.209999084472656,21.729999542236328,19.7549991607666,20.450000762939453,280500
2022-06-06,20.549999237060547,21.767000198364254,19.979999542236328,21.5,438800
2022-06-07,21.399999618530273,21.440000534057617,20.43000030517578,20.440000534057617,284700
2022-06-08,21.510000228881836,22.149999618530273,21.0,21.40999984741211,240700
2022-06-09,21.700000762939453,22.030000686645508,20.98500061035156,21.38999938964844,372700
2022-06-10,21.100000381469727,21.56999969482422,20.149999618530273,21.270000457763672,177600
2022-06-13,20.010000228881836,20.530000686645508,19.670000076293945,20.3799991607666,388400
2022-06-14,19.81999969482422,20.290000915527344,19.290000915527344,20.079999923706055,517000
2022-06-15,20.549999237060547,20.709999084472656,19.440000534057617,19.8700008392334,522700
2022-06-16,19.5,19.950000762939453,18.709999084472656,19.940000534057617,461200
2022-06-17,21.149999618530273,21.61000061035156,19.530000686645508,19.530000686645508,805300
2022-06-21,21.40999984741211,22.790000915527344,21.3799991607666,21.68000030517578,424900
2022-06-22,22.0,22.729999542236328,20.61000061035156,21.079999923706055,482900
2022-06-23,22.13999938964844,22.5049991607666,21.790000915527344,22.239999771118164,593500
2022-06-24,20.61000061035156,22.969999313354492,20.5,22.440000534057617,1837600
2022-06-27,21.729999542236328,22.0,20.100000381469727,20.149999618530273,262900
2022-06-28,22.030000686645508,22.7549991607666,21.53499984741211,21.86000061035156,475700
2022-06-29,22.1200008392334,22.36000061035156,21.18000030517578,21.90999984741211,412700
2022-06-30,21.309999465942383,22.260000228881836,20.8700008392334,21.780000686645508,566900
2022-07-01,21.729999542236328,21.88999938964844,21.15999984741211,21.239999771118164,366600
2022-07-05,21.96500015258789,22.1299991607666,21.399999618530273,21.549999237060547,479400
2022-07-06,22.760000228881836,23.3799991607666,21.969999313354492,22.06999969482422,526500
2022-07-07,22.950000762939453,23.59000015258789,22.209999084472656,22.950000762939453,400200
2022-07-08,25.5,25.84000015258789,22.950000762939453,23.0,568000
2022-07-11,25.61000061035156,26.1299991607666,24.709999084472656,24.8700008392334,568000
2022-07-12,23.809999465942383,25.61000061035156,23.280000686645508,25.540000915527344,396700
2022-07-13,24.25,24.549999237060547,23.229999542236328,23.229999542236328,353400
2022-07-14,23.93000030517578,24.399999618530273,23.48500061035156,24.06999969482422,219000
2022-07-15,24.200000762939453,24.549999237060547,23.479999542236328,24.38999938964844,368500
2022-07-18,23.709999084472656,25.049999237060547,23.600000381469727,24.5,310900
2022-07-19,24.829999923706055,25.209999084472656,23.625,23.670000076293945,309500
2022-07-20,24.06999969482422,25.13999938964844,23.899999618530273,24.690000534057617,493400
2022-07-21,22.690000534057617,24.469999313354492,22.53499984741211,24.31999969482422,409700
2022-07-22,21.520000457763672,22.86000061035156,21.299999237060547,22.86000061035156,430700
2022-07-25,21.760000228881836,22.54800033569336,20.920000076293945,21.700000762939453,352800
2022-07-26,22.0,23.190000534057617,21.753000259399418,21.88999938964844,535200
2022-07-27,22.25,22.459999084472656,21.847999572753903,22.030000686645508,590800
2022-07-28,23.36000061035156,23.5,21.88999938964844,22.5,670300
2022-07-29,24.260000228881836,24.562000274658203,23.0,23.350000381469727,608100
2022-08-01,20.260000228881836,25.280000686645508,20.229999542236328,24.799999237060547,1534800
2022-08-02,19.5,20.469999313354492,19.440000534057617,20.059999465942383,1051500
2022-08-03,22.209999084472656,23.760000228881836,21.670000076293945,21.850000381469727,3173800
2022-08-04,24.61000061035156,24.63999938964844,22.299999237060547,22.299999237060547,1907900
2022-08-05,25.149999618530273,25.579999923706055,23.770000457763672,24.350000381469727,1215900
2022-08-08,24.8799991607666,25.584999084472656,24.040000915527344,25.239999771118164,504500
2022-08-09,24.84000015258789,25.290000915527344,24.63999938964844,24.850000381469727,420500
2022-08-10,24.86000061035156,25.709999084472656,24.729999542236328,25.0,514900
2022-08-11,24.829999923706055,25.31999969482422,24.559999465942383,24.959999084472656,445700
2022-08-12,25.1299991607666,25.600000381469727,24.38400077819824,24.81999969482422,730700
2022-08-15,24.719999313354492,25.219999313354492,24.479999542236328,24.899999618530273,309400
2022-08-16,25.09000015258789,25.1299991607666,23.88999938964844,24.61000061035156,408500
2022-08-17,25.1200008392334,25.40999984741211,24.690000534057617,25.0,375300
2022-08-18,25.989999771118164,26.13999938964844,24.68000030517578,25.149999618530273,388800
2022-08-19,25.68000030517578,26.14299964904785,25.03499984741211,25.829999923706055,325400
2022-08-22,25.270000457763672,25.700000762939453,24.760000228881836,25.299999237060547,384500
2022-08-23,25.479999542236328,25.950000762939453,24.520000457763672,25.31999969482422,343100
2022-08-24,23.850000381469727,25.690000534057617,23.729999542236328,25.690000534057617,481200
2022-08-25,23.625,24.049999237060547,22.878000259399418,24.049999237060547,529400
2022-08-26,24.459999084472656,24.969999313354492,23.469999313354492,24.049999237060547,616700
2022-08-29,24.43000030517578,24.815000534057617,24.010000228881836,24.059999465942383,313000
2022-08-30,25.809999465942383,25.84000015258789,24.3799991607666,24.450000762939453,383500
2022-08-31,26.950000762939453,27.399999618530273,25.719999313354492,25.950000762939453,986700
2022-09-01,26.8700008392334,27.125,25.299999237060547,27.040000915527344,421800
2022-09-02,24.11000061035156,26.8700008392334,24.030000686645508,26.8700008392334,760300
2022-09-06,21.079999923706055,23.920000076293945,20.799999237060547,23.920000076293945,740400
2022-09-07,21.540000915527344,21.809999465942383,20.81999969482422,21.510000228881836,582900
2022-09-08,22.09000015258789,22.56999969482422,21.540000915527344,21.549999237060547,732900
2022-09-09,20.43000030517578,22.040000915527344,20.200000762939453,22.0,874200
2022-09-12,21.530000686645508,21.88999938964844,20.809999465942383,21.670000076293945,674800
2022-09-13,20.440000534057617,21.260000228881836,20.166000366210938,21.040000915527344,505100
2022-09-14,19.219999313354492,20.829999923706055,19.200000762939453,20.329999923706055,801100
2022-09-15,18.690000534057617,19.270000457763672,18.350000381469727,19.020000457763672,1047900
2022-09-16,17.850000381469727,18.5,17.010000228881836,18.440000534057617,2895100
2022-09-19,18.489999771118164,18.700000762939453,17.510000228881836,17.610000610351562,602100
2022-09-20,19.229999542236328,19.309999465942383,18.000999450683594,18.13999938964844,831700
2022-09-21,18.75,19.530000686645508,18.5,19.15999984741211,747400
2022-09-22,18.459999084472656,18.96500015258789,18.270000457763672,18.770000457763672,453000
2022-09-23,18.190000534057617,18.479999542236328,17.71500015258789,18.280000686645508,500100
2022-09-26,18.209999084472656,19.63999938964844,18.09000015258789,18.280000686645508,748400
2022-09-27,18.299999237060547,19.030000686645508,17.885000228881836,18.81999969482422,770800
2022-09-28,18.959999084472656,19.459999084472656,18.350000381469727,18.350000381469727,726200
2022-09-29,18.6299991607666,19.09000015258789,18.209999084472656,18.719999313354492,692800
2022-09-30,19.11000061035156,19.56999969482422,18.59000015258789,18.59000015258789,1025600
2022-10-03,19.200000762939453,19.690000534057617,18.700000762939453,19.549999237060547,669400
2022-10-04,20.399999618530273,20.63999938964844,19.469999313354492,19.469999313354492,1242600
2022-10-05,19.940000534057617,20.34000015258789,19.170000076293945,19.790000915527344,724800
2022-10-06,19.799999237060547,20.479999542236328,19.309999465942383,19.780000686645508,819700
2022-10-07,19.13999938964844,20.09000015258789,19.079999923706055,19.510000228881836,623800
2022-10-10,19.040000915527344,19.260000228881836,18.809999465942383,18.969999313354492,304000
2022-10-11,18.530000686645508,19.260000228881836,18.114999771118164,19.010000228881836,673200
2022-10-12,18.25,18.415000915527344,17.520000457763672,18.350000381469727,915300
2022-10-13,18.219999313354492,18.239999771118164,17.350000381469727,17.84000015258789,473400
2022-10-14,18.63999938964844,18.989999771118164,18.25,18.34000015258789,786600
2022-10-17,19.399999618530273,19.459999084472656,18.559999465942383,19.010000228881836,745300
2022-10-18,18.979999542236328,19.92099952697754,18.850000381469727,19.670000076293945,406700
2022-10-19,17.75,18.989999771118164,17.540000915527344,18.959999084472656,928600
2022-10-20,17.360000610351562,17.989999771118164,17.165000915527344,17.75,657800
2022-10-21,17.479999542236328,17.780000686645508,17.030000686645508,17.40999984741211,898600
2022-10-24,16.6299991607666,17.600000381469727,16.389999389648438,17.600000381469727,599000
2022-10-25,17.020000457763672,17.190000534057617,16.739999771118164,16.739999771118164,628200
2022-10-26,16.6200008392334,17.450000762939453,16.31999969482422,17.010000228881836,554500
2022-10-27,16.6299991607666,17.100000381469727,16.190000534057617,16.81999969482422,451500
2022-10-28,17.5,17.510000228881836,16.684999465942383,16.799999237060547,831000
2022-10-31,17.68000030517578,17.780000686645508,17.059999465942383,17.299999237060547,553500
2022-11-01,18.209999084472656,18.530000686645508,17.81999969482422,17.8799991607666,526800
2022-11-02,17.579999923706055,18.59000015258789,17.549999237060547,18.270000457763672,655400
2022-11-03,17.8799991607666,18.020000457763672,17.09000015258789,17.290000915527344,504500
2022-11-04,17.979999542236328,18.170000076293945,17.489999771118164,18.1299991607666,657700
2022-11-07,18.510000228881836,19.40999984741211,17.940000534057617,17.940000534057617,819000
2022-11-08,18.700000762939453,19.75,18.61000061035156,18.780000686645508,549200
2022-11-09,18.6200008392334,19.940000534057617,16.989999771118164,17.209999084472656,1093800
2022-11-10,19.479999542236328,19.719999313354492,18.65999984741211,18.65999984741211,1321200
2022-11-11,19.09000015258789,19.94499969482422,18.809999465942383,19.93000030517578,639900
2022-11-14,18.709999084472656,19.3799991607666,18.614999771118164,19.1200008392334,633400
2022-11-15,19.440000534057617,20.11000061035156,17.976999282836914,19.75,2358100
2022-11-16,19.229999542236328,19.68000030517578,19.010000228881836,19.34000015258789,815700
2022-11-17,18.770000457763672,19.200000762939453,18.61000061035156,19.200000762939453,532000
2022-11-18,18.719999313354492,19.100000381469727,18.600000381469727,19.06999969482422,546800
2022-11-21,18.200000762939453,19.010000228881836,18.15999984741211,18.760000228881836,727400
2022-11-22,18.309999465942383,18.329999923706055,17.639999389648438,18.020000457763672,666400
2022-11-23,17.729999542236328,18.75,17.579999923706055,18.399999618530273,545400
2022-11-25,17.969999313354492,18.09000015258789,17.5,17.559999465942383,355300
2022-11-28,17.260000228881836,18.190000534057617,17.149999618530273,18.190000534057617,705800
2022-11-29,17.059999465942383,17.55500030517578,16.6299991607666,17.139999389648438,632800
2022-11-30,17.229999542236328,17.3799991607666,16.510000228881836,17.229999542236328,1013700
2022-12-01,17.079999923706055,17.299999237060547,16.649999618530273,17.229999542236328,696700
2022-12-02,17.510000228881836,17.65999984741211,16.860000610351562,16.950000762939453,1132600
2022-12-05,17.350000381469727,17.700000762939453,17.09000015258789,17.700000762939453,542500
2022-12-06,17.239999771118164,18.01499938964844,17.225000381469727,17.43000030517578,531300
2022-12-07,16.959999084472656,17.31999969482422,16.760000228881836,17.059999465942383,344500
2022-12-08,16.959999084472656,17.14900016784668,16.670000076293945,17.010000228881836,347700
2022-12-09,17.0,17.19499969482422,16.770000457763672,16.8799991607666,424700
2022-12-12,16.579999923706055,17.09000015258789,16.280000686645508,16.940000534057617,1911700
2022-12-13,17.059999465942383,18.040000915527344,16.549999237060547,17.299999237060547,1088900
2022-12-14,16.6299991607666,17.076000213623047,16.40999984741211,17.0,612300
2022-12-15,16.489999771118164,16.90999984741211,16.28499984741211,16.5,606600
2022-12-16,15.960000038146973,16.860000610351562,15.875,16.260000228881836,2137300
2022-12-19,14.729999542236328,16.0,14.399999618530272,15.84000015258789,1177400
2022-12-20,14.199999809265137,14.890000343322754,14.0,14.710000038146973,1201700
2022-12-21,13.960000038146973,14.970000267028809,13.619999885559082,14.1899995803833,713300
2022-12-22,14.25,14.3149995803833,13.369999885559082,13.760000228881836,1818500
2022-12-23,14.300000190734863,14.779999732971191,13.857999801635742,14.239999771118164,683500
2022-12-27,14.050000190734863,14.359999656677246,13.960000038146973,14.34000015258789,684500
2022-12-28,14.0600004196167,14.300000190734863,13.739999771118164,14.130000114440918,490600
2022-12-29,14.59000015258789,14.84000015258789,13.949999809265137,14.109999656677246,665300
2022-12-30,14.800000190734863,14.8100004196167,14.09000015258789,14.4399995803833,460000
2023-01-03,14.770000457763672,15.100000381469728,14.460000038146973,15.100000381469728,642000
2023-01-04,15.6899995803833,15.710000038146973,14.75,14.75,628300
2023-01-05,15.100000381469728,15.6899995803833,14.51200008392334,15.479999542236328,718500
2023-01-06,15.010000228881836,15.369999885559082,14.699999809265137,15.149999618530272,570800
2023-01-09,14.479999542236328,15.18000030517578,14.329999923706056,14.93000030517578,878300
2023-01-10,13.789999961853027,14.81999969482422,13.600000381469728,14.460000038146973,765400
2023-01-11,13.529999732971191,13.890000343322754,13.109999656677246,13.710000038146973,1175000
2023-01-12,13.8100004196167,13.84000015258789,12.8100004196167,13.59000015258789,1469400
2023-01-13,14.119999885559082,14.140000343322754,13.630000114440918,13.630000114440918,812100
2023-01-17,14.670000076293944,14.729999542236328,13.56999969482422,14.199999809265137,1262800
2023-01-18,14.170000076293944,14.994999885559082,14.114999771118164,14.789999961853027,630000
2023-01-19,15.550000190734863,15.760000228881836,13.899999618530272,14.0,1227200
2023-01-20,16.239999771118164,16.350000381469727,15.4399995803833,15.899999618530272,1185900
2023-01-23,16.31999969482422,16.850000381469727,16.035999298095703,16.290000915527344,889300
2023-01-24,16.040000915527344,16.632999420166016,16.020000457763672,16.31999969482422,663900
2023-01-25,16.1299991607666,16.1299991607666,15.49899959564209,15.9399995803833,587200
2023-01-26,16.100000381469727,16.562000274658203,15.630000114440918,16.270000457763672,479900
2023-01-27,16.559999465942383,16.649999618530273,15.829999923706056,16.1299991607666,584200
2023-01-30,16.049999237060547,16.3700008392334,15.9350004196167,16.190000534057617,540100
2023-01-31,16.56999969482422,16.6299991607666,16.145000457763672,16.15999984741211,615500
2023-02-01,16.84000015258789,17.139999389648438,16.19700050354004,16.59000015258789,892100
2023-02-02,16.350000381469727,17.290000915527344,16.15999984741211,17.190000534057617,1100400
2023-02-03,16.670000076293945,16.799999237060547,16.010000228881836,16.149999618530273,834700
2023-02-06,16.520000457763672,16.860000610351562,16.309999465942383,16.690000534057617,872200
2023-02-07,16.729999542236328,16.889999389648438,16.364999771118164,16.59000015258789,679700
2023-02-08,16.389999389648438,16.799999237060547,16.309999465942383,16.739999771118164,722000
2023-02-09,16.530000686645508,16.94499969482422,16.34000015258789,16.440000534057617,438900
2023-02-10,16.65999984741211,16.719999313354492,16.31999969482422,16.489999771118164,705200
2023-02-13,16.829999923706055,17.0,16.489999771118164,16.760000228881836,391100
2023-02-14,17.0,17.290000915527344,16.600000381469727,16.770000457763672,530100
2023-02-15,17.139999389648438,17.18000030517578,16.84000015258789,17.18000030517578,474300
2023-02-16,16.6200008392334,17.43000030517578,16.59000015258789,16.90999984741211,1105800
2023-02-17,16.969999313354492,17.010000228881836,16.4950008392334,16.690000534057617,642500
2023-02-21,16.18000030517578,16.959999084472656,16.049999237060547,16.829999923706055,971700
2023-02-22,15.869999885559082,16.440000534057617,15.649999618530272,16.149999618530273,803600
2023-02-23,15.890000343322754,16.18000030517578,15.630000114440918,15.960000038146973,611100
2023-02-24,15.65999984741211,16.020000457763672,15.350000381469728,15.739999771118164,509500
2023-02-27,15.979999542236328,16.459999084472656,15.774999618530272,15.93000030517578,811600
2023-02-28,16.18000030517578,16.31999969482422,15.899999618530272,15.989999771118164,717400
2023-03-01,16.690000534057617,17.566999435424805,16.389999389648438,16.559999465942383,1143400
2023-03-02,15.81999969482422,16.579999923706055,15.390000343322754,16.56999969482422,1097800
2023-03-03,15.550000190734863,16.450000762939453,15.550000190734863,15.800000190734863,959800
2023-03-06,14.539999961853027,15.470000267028809,14.43000030517578,15.470000267028809,754200
2023-03-07,13.6899995803833,14.539999961853027,13.640000343322754,14.460000038146973,1088100
2023-03-08,13.460000038146973,13.760000228881836,13.3100004196167,13.65999984741211,1030400
2023-03-09,12.729999542236328,13.56999969482422,12.05500030517578,13.359999656677246,1993800
2023-03-10,12.09000015258789,12.6899995803833,11.869999885559082,12.6899995803833,1968100
2023-03-13,11.729999542236328,12.470000267028809,11.579999923706056,11.829999923706056,1843200
2023-03-14,11.470000267028809,12.8100004196167,11.375,12.010000228881836,1719700
2023-03-15,11.109999656677246,11.545000076293944,10.649999618530272,11.220000267028809,1694200
2023-03-16,11.079999923706056,11.279999732971191,10.739999771118164,10.920000076293944,1204600
2023-03-17,11.09000015258789,11.260000228881836,10.850000381469728,10.989999771118164,1881100
2023-03-20,11.56999969482422,11.609999656677246,10.949999809265137,11.149999618530272,820100
2023-03-21,11.5600004196167,11.90999984741211,11.03499984741211,11.68000030517578,1105400
2023-03-22,10.859999656677246,11.59000015258789,10.81999969482422,11.59000015258789,839200
2023-03-23,10.800000190734863,11.15999984741211,10.739999771118164,10.979999542236328,958900
2023-03-24,10.229999542236328,10.920000076293944,10.050000190734863,10.6899995803833,1143800
2023-03-27,10.3100004196167,10.53499984741211,10.18299961090088,10.229999542236328,1114600
2023-03-28,10.239999771118164,10.699999809265137,10.1899995803833,10.329999923706056,1358600
2023-03-29,10.710000038146973,10.979999542236328,10.149999618530272,10.289999961853027,1077300
2023-03-30,10.899999618530272,11.260000228881836,10.539999961853027,10.75,1048000
2023-03-31,11.0,11.270000457763672,10.890000343322754,10.949999809265137,969800
2023-04-03,11.149999618530272,11.460000038146973,10.824999809265137,11.039999961853027,1183600
2023-04-04,10.779999732971191,11.204999923706056,10.470000267028809,11.149999618530272,1069900
2023-04-05,11.09000015258789,11.229999542236328,10.670000076293944,10.6899995803833,1304500
2023-04-06,12.029999732971191,12.085000038146973,11.079999923706056,11.18000030517578,1049100
2023-04-10,12.369999885559082,12.470000267028809,11.824999809265137,12.0,797200
2023-04-11,12.890000343322754,13.0649995803833,12.111000061035156,12.380000114440918,986100
2023-04-12,13.260000228881836,13.670000076293944,12.9350004196167,13.0,1191500
2023-04-13,14.739999771118164,15.399999618530272,13.324999809265137,13.399999618530272,2685300
2023-04-14,13.890000343322754,14.8100004196167,13.43000030517578,14.760000228881836,1327000
2023-04-17,13.979999542236328,14.604999542236328,13.760000228881836,13.770000457763672,1099200
2023-04-18,13.81999969482422,14.260000228881836,13.520000457763672,14.109999656677246,698900
2023-04-19,13.59000015258789,13.93000030517578,13.09000015258789,13.5600004196167,808800
2023-04-20,13.449999809265137,13.579999923706056,13.050000190734863,13.4399995803833,870200
2023-04-21,13.800000190734863,14.09000015258789,13.149999618530272,13.420000076293944,502500
2023-04-24,13.279999732971191,13.989999771118164,12.949999809265137,13.970000267028809,652600
2023-04-25,13.369999885559082,13.40999984741211,13.015000343322754,13.3100004196167,441300
2023-04-26,13.899999618530272,14.18000030517578,13.28499984741211,13.510000228881836,677100
2023-04-27,13.760000228881836,13.960000038146973,13.43000030517578,13.890000343322754,495800
2023-04-28,13.84000015258789,14.170000076293944,13.289999961853027,13.770000457763672,824800
2023-05-01,14.390000343322754,14.6899995803833,13.460000038146973,13.460000038146973,697700
2023-05-02,14.210000038146973,14.390000343322754,13.699999809265137,14.239999771118164,1204900
2023-05-03,15.0,15.04800033569336,14.300000190734863,14.350000381469728,900500
2023-05-04,14.479999542236328,15.210000038146973,14.140000343322754,14.84000015258789,645800
2023-05-05,14.5600004196167,14.9399995803833,14.539999961853027,14.600000381469728,836000
2023-05-08,14.260000228881836,14.5600004196167,14.010000228881836,14.510000228881836,572400
2023-05-09,14.81999969482422,15.119999885559082,14.020000457763672,14.109999656677246,731600
2023-05-10,12.029999732971191,14.760000228881836,11.550000190734863,14.710000038146973,4134000
2023-05-11,10.829999923706056,11.979999542236328,10.6899995803833,11.90999984741211,3027600
2023-05-12,10.079999923706056,11.085000038146973,9.779999732971191,10.859999656677246,2511200
2023-05-15,10.300000190734863,10.510000228881836,10.0,10.15999984741211,1083500
2023-05-16,9.979999542236328,10.270000457763672,9.710000038146973,10.199999809265137,1461200
2023-05-17,10.010000228881836,10.039999961853027,9.779999732971191,10.0,984900
2023-05-18,9.449999809265137,9.970000267028809,9.229999542236328,9.949999809265137,1193000
2023-05-19,9.470000267028809,9.758000373840332,9.300000190734863,9.56999969482422,907800
2023-05-22,9.84000015258789,9.984999656677246,9.527999877929688,9.5600004196167,900600
2023-05-23,9.470000267028809,9.899999618530272,9.43000030517578,9.869999885559082,1048500
2023-05-24,8.989999771118164,9.390000343322754,8.869999885559082,9.390000343322754,1687300
2023-05-25,8.380000114440918,8.5600004196167,8.069999694824219,8.5,3309100
2023-05-26,8.399999618530273,8.569999694824219,8.109999656677246,8.350000381469727,1575400
2023-05-30,7.809999942779541,8.630000114440918,7.789999961853027,8.369999885559082,1681400
2023-05-31,7.510000228881836,8.079999923706055,7.25,7.789999961853027,1610900
2023-06-01,7.650000095367432,7.835000038146973,7.360000133514404,7.5,1271500
2023-06-02,8.199999809265137,8.220000267028809,7.53000020980835,7.659999847412109,1054900
2023-06-05,8.5600004196167,8.649999618530273,8.039999961853027,8.130000114440918,990600
2023-06-06,8.619999885559082,8.640000343322754,8.130000114440918,8.520000457763672,1100600
2023-06-07,9.630000114440918,9.710000038146973,8.539999961853027,8.670000076293945,1539100
2023-06-08,10.010000228881836,10.239999771118164,9.592000007629396,9.649999618530272,1465500
2023-06-09,9.9399995803833,10.149999618530272,9.720000267028809,10.010000228881836,990200
2023-06-12,10.210000038146973,10.579999923706056,9.949999809265137,10.100000381469728,1464600
2023-06-13,10.93000030517578,11.279999732971191,10.164999961853027,10.279999732971191,1425900
2023-06-14,10.6899995803833,11.3100004196167,10.510000228881836,10.979999542236328,1071400
2023-06-15,10.220000267028809,10.760000228881836,10.079999923706056,10.56999969482422,1076100
2023-06-16,9.59000015258789,10.390000343322754,9.279999732971191,10.390000343322754,5660400
2023-06-20,9.4399995803833,9.869999885559082,9.0,9.550000190734863,1425100
2023-06-21,9.65999984741211,9.800000190734863,8.970000267028809,9.34000015258789,1217100
2023-06-22,9.279999732971191,9.970000267028809,9.262999534606934,9.619999885559082,1121500
2023-06-23,8.779999732971191,9.199999809265137,8.270000457763672,9.1899995803833,2529300
2023-06-26,8.545000076293945,8.739999771118164,8.305000305175781,8.720000267028809,800000
2023-06-27,8.470000267028809,8.699999809265137,8.109999656677246,8.699999809265137,988500
2023-06-28,8.619999885559082,8.630000114440918,8.300000190734863,8.5,915900
2023-06-29,8.329999923706055,8.770000457763672,8.25,8.770000457763672,2021600
2023-06-30,9.529999732971191,9.880000114440918,8.270000457763672,8.390000343322754,1781400
2023-07-03,8.75,9.670000076293944,8.6899995803833,9.539999961853027,707700
2023-07-05,9.289999961853027,9.380000114440918,8.720000267028809,8.779999732971191,851800
2023-07-06,9.300000190734863,9.579999923706056,8.9399995803833,9.109999656677246,1084600
2023-07-07,9.25,9.5600004196167,9.220000267028809,9.34000015258789,724800
2023-07-10,9.699999809265137,9.699999809265137,9.154999732971191,9.300000190734863,851000
2023-07-11,9.300000190734863,9.699999809265137,9.197999954223633,9.6899995803833,692400
2023-07-12,9.619999885559082,9.960000038146973,9.34000015258789,9.5,697400
2023-07-13,9.390000343322754,9.770000457763672,9.369999885559082,9.649999618530272,336500
2023-07-14,9.4399995803833,9.59000015258789,9.119999885559082,9.359999656677246,584300
2023-07-17,10.979999542236328,11.390000343322754,9.505000114440918,9.800000190734863,1673600
2023-07-18,10.59000015258789,11.050000190734863,10.529999732971191,10.960000038146973,660200
2023-07-19,10.399999618530272,10.86400032043457,10.28499984741211,10.65999984741211,519300
2023-07-20,10.359999656677246,10.75,10.114999771118164,10.399999618530272,560700
2023-07-21,10.489999771118164,10.920000076293944,10.270000457763672,10.460000038146973,967800
2023-07-24,10.300000190734863,10.579999923706056,9.850000381469728,10.470000267028809,757400
2023-07-25,10.489999771118164,10.600000381469728,10.050000190734863,10.300000190734863,597900
2023-07-26,10.4399995803833,10.5600004196167,10.237000465393066,10.460000038146973,931000
2023-07-27,10.0,10.68000030517578,9.960000038146973,10.479999542236328,788500
2023-07-28,10.859999656677246,10.899999618530272,10.140000343322754,10.140000343322754,821000
2023-07-31,10.90999984741211,10.984999656677246,10.699999809265137,10.869999885559082,479000
2023-08-01,10.56999969482422,10.892000198364258,10.279999732971191,10.800000190734863,601800
2023-08-02,10.25,10.779999732971191,10.119999885559082,10.380000114440918,568800
2023-08-03,10.119999885559082,10.279999732971191,9.829999923706056,10.199999809265137,706900
2023-08-04,9.829999923706056,10.329999923706056,9.729999542236328,10.119999885559082,593300
2023-08-07,9.579999923706056,10.0,9.329999923706056,9.920000076293944,888400
2023-08-08,9.829999923706056,9.970000267028809,9.4399995803833,9.529999732971191,816000
2023-08-09,9.390000343322754,10.90999984741211,9.25,10.329999923706056,1008700
2023-08-10,9.279999732971191,9.630000114440918,9.100000381469728,9.399999618530272,658500
2023-08-11,8.960000038146973,9.5600004196167,8.819999694824219,9.279999732971191,695500
2023-08-14,8.6899995803833,8.939000129699707,8.270000457763672,8.800000190734863,1034700
2023-08-15,8.470000267028809,8.670000076293945,8.210000038146973,8.640000343322754,1219900
2023-08-16,8.210000038146973,8.520000457763672,8.09000015258789,8.40999984741211,1022200
2023-08-17,8.119999885559082,8.289999961853027,7.980000019073486,8.199999809265137,716500
2023-08-18,7.820000171661377,8.260000228881836,7.820000171661377,7.989999771118164,678000
2023-08-21,7.275000095367432,7.949999809265137,6.394999980926514,7.599999904632568,4788000
2023-08-22,7.5,7.539999961853027,7.099999904632568,7.269999980926514,2806400
2023-08-23,7.519999980926514,8.0600004196167,7.449999809265137,7.519999980926514,1113200
2023-08-24,7.5,7.690000057220459,7.300000190734863,7.550000190734863,898100
2023-08-25,7.739999771118164,7.889999866485596,7.449999809265137,7.590000152587891,676800
2023-08-28,8.020000457763672,8.029999732971191,7.559999942779541,7.840000152587891,568900
2023-08-29,8.739999771118164,8.989999771118164,8.09000015258789,8.149999618530273,1214800
2023-08-30,8.930000305175781,9.0600004196167,8.600000381469727,8.739999771118164,956400
2023-08-31,8.539999961853027,9.100000381469728,8.34000015258789,8.9399995803833,1131400
2023-09-01,8.960000038146973,8.975000381469727,8.609999656677246,8.609999656677246,638200
2023-09-05,8.279999732971191,9.19499969482422,8.255000114440918,8.979999542236328,804500
2023-09-06,7.75,8.479999542236328,7.659999847412109,8.279999732971191,742100
2023-09-07,7.570000171661377,8.168999671936035,7.46999979019165,8.100000381469727,987500
2023-09-08,7.420000076293945,7.644999980926514,7.409999847412109,7.570000171661377,769600
2023-09-11,7.789999961853027,7.840000152587891,7.275000095367432,7.420000076293945,666500
2023-09-12,8.1899995803833,8.319999694824219,7.619999885559082,7.800000190734863,654100
2023-09-13,7.5,8.239999771118164,7.460000038146973,8.199999809265137,760500
2023-09-14,6.78000020980835,7.710000038146973,6.644999980926514,7.550000190734863,1234200
2023-09-15,6.809999942779541,7.170000076293945,6.400000095367432,6.739999771118164,2966900
2023-09-18,6.429999828338623,7.059999942779541,6.360000133514404,6.929999828338623,1370200
2023-09-19,6.53000020980835,6.619999885559082,6.159999847412109,6.360000133514404,1223200
2023-09-20,5.880000114440918,6.559999942779541,5.880000114440918,6.550000190734863,945200
2023-09-21,5.710000038146973,5.789999961853027,5.46999979019165,5.739999771118164,1234300
2023-09-22,5.380000114440918,5.840000152587891,5.28000020980835,5.769999980926514,948000
2023-09-25,5.78000020980835,5.835000038146973,5.190000057220459,5.519999980926514,1360000
2023-09-26,5.829999923706055,6.420000076293945,5.78000020980835,5.789999961853027,1072900
2023-09-27,5.579999923706055,6.170000076293945,5.320000171661377,5.760000228881836,923600
2023-09-28,5.539999961853027,5.699999809265137,5.329999923706055,5.579999923706055,1066400
2023-09-29,5.309999942779541,5.659999847412109,5.28000020980835,5.619999885559082,759200
2023-10-02,4.71999979019165,5.260000228881836,4.690000057220459,5.260000228881836,1616200
2023-10-03,4.570000171661377,4.76800012588501,4.480000019073486,4.670000076293945,1045900
2023-10-04,4.5,4.639999866485596,4.105000019073486,4.639999866485596,1116000
2023-10-05,4.429999828338623,4.829999923706055,4.25,4.510000228881836,2944500
2023-10-06,4.690000057220459,4.748000144958496,4.03000020980835,4.480000019073486,2454900
2023-10-09,4.650000095367432,4.929999828338623,4.559999942779541,4.570000171661377,1422800
2023-10-10,4.820000171661377,5.019999980926514,4.510000228881836,4.630000114440918,1400200
2023-10-11,4.510000228881836,4.949999809265137,4.335000038146973,4.840000152587891,1135000
2023-10-12,3.880000114440918,4.480000019073486,3.839999914169311,4.460000038146973,2239000
2023-10-13,3.880000114440918,4.070000171661377,3.1549999713897705,3.5299999713897705,2315300
2023-10-16,3.755000114440918,4.090000152587891,3.5899999141693115,3.8299999237060542,1175100
2023-10-17,3.849999904632568,4.098999977111816,3.660000085830689,3.660000085830689,877900
2023-10-18,3.2300000190734863,3.8299999237060542,3.2100000381469727,3.8299999237060542,1238900
2023-10-19,3.0299999713897705,3.319999933242798,3.005000114440918,3.2300000190734863,1385100
2023-10-20,2.4649999141693115,2.559999942779541,2.1600000858306885,2.4100000858306885,18374000
2023-10-23,2.4149999618530273,2.5399999618530273,2.369999885559082,2.5199999809265137,6896400
2023-10-24,2.390000104904175,2.5,2.3299999237060547,2.4700000286102295,7583100
2023-10-25,2.380000114440918,2.4049999713897705,2.305000066757202,2.390000104904175,3273100
2023-10-26,2.369999885559082,2.390000104904175,2.130000114440918,2.25,6823500
2023-10-27,2.3350000381469727,2.4600000381469727,2.309999942779541,2.4000000953674316,3207700
2023-10-30,2.299999952316284,2.450000047683716,2.2699999809265137,2.319999933242798,2885400
2023-10-31,2.25,2.3299999237060547,2.1600000858306885,2.2899999618530273,2533300
2023-11-01,2.259999990463257,2.299999952316284,2.180000066757202,2.25,1541200
2023-11-02,2.2200000286102295,2.4000000953674316,2.1500000953674316,2.299999952316284,1889900
2023-11-03,2.440000057220459,2.5399999618530273,2.380000114440918,2.430000066757202,3711400
2023-11-06,2.3399999141693115,2.569999933242798,2.200000047683716,2.5,2706400
2023-11-07,2.3499999046325684,2.359999895095825,2.134999990463257,2.3399999141693115,2644500
2023-11-08,2.200000047683716,2.450000047683716,2.1700000762939453,2.369999885559082,2200100
2023-11-09,2.0,2.2699999809265137,2.0,2.2699999809265137,1690300
2023-11-10,1.9049999713897705,2.059999942779541,1.7999999523162842,2.059999942779541,2487200
2023-11-13,2.109999895095825,2.180000066757202,1.8550000190734863,1.8700000047683716,2020300
2023-11-14,2.180000066757202,2.240000009536743,2.075000047683716,2.2300000190734863,2754100
2023-11-15,2.0799999237060547,2.3299999237060547,2.069999933242798,2.130000114440918,2234600
2023-11-16,1.950000047683716,2.130000114440918,1.8899999856948853,2.119999885559082,1956000
2023-11-17,2.0399999618530273,2.140000104904175,2.0,2.009999990463257,1931500
2023-11-20,2.069999933242798,2.3350000381469727,2.0299999713897705,2.119999885559082,7181900
2023-11-21,1.8899999856948853,2.1500000953674316,1.8600000143051147,2.0799999237060547,2868900
2023-11-22,1.8799999952316284,2.0799999237060547,1.7699999809265137,1.950000047683716,1535300
2023-11-24,2.0299999713897705,2.0850000381469727,1.830000042915344,1.899999976158142,1231200
2023-11-27,1.9600000381469729,2.109999895095825,1.8799999952316284,2.049999952316284,5998900
2023-11-28,2.0399999618530273,2.049999952316284,1.899999976158142,1.9299999475479128,2427900
2023-11-29,1.899999976158142,2.25,1.875,2.049999952316284,3486000
2023-11-30,1.840000033378601,2.0299999713897705,1.830000042915344,1.9600000381469729,2353300
2023-12-01,1.9900000095367432,2.0,1.7599999904632568,1.850000023841858,2933600
2023-12-04,2.240000009536743,2.2799999713897705,1.9900000095367432,1.9900000095367432,3961000
2023-12-05,2.0350000858306885,2.2300000190734863,2.0,2.2300000190734863,2410200
2023-12-06,2.1500000953674316,2.319999933242798,2.059999942779541,2.069999933242798,2577800
2023-12-07,2.200000047683716,2.2300000190734863,2.125,2.1500000953674316,2257100
2023-12-08,2.1600000858306885,2.2200000286102295,2.115000009536743,2.200000047683716,1983400
2023-12-11,2.0299999713897705,2.190000057220459,2.0,2.190000057220459,1839000
2023-12-12,2.059999942779541,2.0899999141693115,1.8899999856948853,2.0299999713897705,1926000
2023-12-13,2.380000114440918,2.390000104904175,2.0,2.049999952316284,3062900
2023-12-14,2.5399999618530273,2.619999885559082,2.3949999809265137,2.4200000762939453,5108600
2023-12-15,2.440000057220459,2.740000009536743,2.2899999618530273,2.6700000762939453,10804800
2023-12-18,2.5399999618530273,3.430000066757202,2.4600000381469727,3.059999942779541,45222900
2023-12-19,2.559999942779541,2.6500000953674316,2.2799999713897705,2.4000000953674316,9003500
2023-12-20,2.5899999141693115,2.930000066757202,2.450000047683716,2.5299999713897705,8842600
2023-12-21,2.5999999046325684,2.7950000762939453,2.509999990463257,2.7200000286102295,6139400
2023-12-22,2.9600000381469727,3.130000114440918,2.5999999046325684,2.630000114440918,9022100
2023-12-26,3.0999999046325684,3.2100000381469727,2.989000082015991,3.069999933242798,4274200
2023-12-27,3.0199999809265137,3.1500000953674316,2.9600000381469727,3.049999952316284,3592700
2023-12-28,3.299999952316284,3.690000057220459,2.990000009536743,3.009999990463257,9187300
2023-12-29,3.2300000190734863,3.5399999618530273,3.2049999237060547,3.380000114440918,6638900
2024-01-02,3.430000066757202,3.690000057220459,3.069999933242798,3.1700000762939453,5468600
2024-01-03,3.910000085830689,4.010000228881836,3.450000047683716,3.6700000762939458,12506000
2024-01-04,4.039999961853027,4.25,3.75,3.990000009536743,11682100
2024-01-05,3.7100000381469727,4.179999828338623,3.650000095367432,3.950000047683716,7022800
2024-01-08,4.050000190734863,4.050000190734863,3.4600000381469727,3.75,4566700
2024-01-09,4.050000190734863,4.380000114440918,3.9200000762939458,3.990000009536743,5077400
2024-01-10,4.139999866485596,4.260000228881836,3.839999914169311,4.139999866485596,3480100
2024-01-11,3.700000047683716,4.099999904632568,3.640000104904175,4.03000020980835,5101000
2024-01-12,3.640000104904175,3.900000095367432,3.509999990463257,3.7300000190734863,3233400
2024-01-16,3.4700000286102295,3.690000057220459,3.3450000286102295,3.650000095367432,4158100
2024-01-17,3.3399999141693115,3.4100000858306885,3.255000114440918,3.390000104904175,2187700
2024-01-18,3.2699999809265137,3.424000024795532,3.130000114440918,3.390000104904175,2719600
2024-01-19,3.25,3.319999933242798,3.109999895095825,3.2100000381469727,2165300
2024-01-22,3.5399999618530273,3.700000047683716,3.2950000762939453,3.440000057220459,3716200
2024-01-23,4.190000057220459,4.190000057220459,3.5899999141693115,3.5899999141693115,7363000
2024-01-24,4.559999942779541,4.739999771118164,4.050000190734863,4.25,8345400
2024-01-25,4.840000152587891,4.840000152587891,4.440000057220459,4.510000228881836,5096300
2024-01-26,5.300000190734863,5.309999942779541,4.830999851226807,4.849999904632568,7398500
2024-01-29,6.059999942779541,6.079999923706055,5.059999942779541,5.480000019073486,11007300
2024-01-30,5.869999885559082,6.260000228881836,5.639999866485596,5.940000057220459,7151800
2024-01-31,5.869999885559082,6.25,5.65500020980835,5.840000152587891,5347500
2024-02-01,6.639999866485596,7.139999866485596,5.599999904632568,5.650000095367432,10197700
2024-02-02,6.070000171661377,6.869999885559082,5.880000114440918,6.659999847412109,5609900
2024-02-05,6.019999980926514,6.070000171661377,5.869999885559082,6.019999980926514,2121900
2024-02-06,5.699999809265137,6.039999961853027,5.5,5.980000019073486,2873300
2024-02-07,5.710000038146973,5.849999904632568,5.380000114440918,5.550000190734863,3416900
2024-02-08,5.699999809265137,5.800000190734863,5.5,5.670000076293945,1332500
2024-02-09,6.570000171661377,6.885000228881836,5.71999979019165,5.769999980926514,7729100
2024-02-12,6.690000057220459,6.75,6.349999904632568,6.5,3394000
2024-02-13,6.900000095367432,6.954999923706055,6.050000190734863,6.25,3416100
2024-02-14,7.579999923706055,7.639999866485596,6.880000114440918,7.190000057220459,4443600
2024-02-15,7.96999979019165,8.029999732971191,7.329999923706055,7.599999904632568,3755200
2024-02-16,9.300000190734863,10.239999771118164,7.869999885559082,7.96999979019165,11913100
2024-02-20,9.479999542236328,9.510000228881836,8.930000305175781,9.0600004196167,5277200
2024-02-21,9.270000457763672,9.609999656677246,8.579999923706055,9.399999618530272,3373400
2024-02-22,9.619999885559082,9.970000267028809,9.050000190734863,9.229999542236328,4238800
2024-02-23,9.68000030517578,10.149999618530272,9.1850004196167,9.880000114440918,4852600
2024-02-26,9.6899995803833,10.18000030517578,9.479999542236328,9.779999732971191,4572100
2024-02-27,10.630000114440918,11.329999923706056,10.31999969482422,10.5,9254400
2024-02-28,10.40999984741211,11.088000297546388,10.210000038146973,10.65999984741211,3411700
2024-02-29,10.279999732971191,10.56999969482422,9.329999923706056,9.489999771118164,12491400
2024-03-01,11.770000457763672,11.90999984741211,10.0,10.1899995803833,6645200
2024-03-04,10.949999809265137,12.350000381469728,10.779999732971191,12.039999961853027,4547500
2024-03-05,10.899999618530272,11.06999969482422,10.460000038146973,10.800000190734863,2750500
2024-03-06,10.4399995803833,11.279999732971191,10.420000076293944,11.050000190734863,3617000
2024-03-07,10.380000114440918,10.869999885559082,10.229999542236328,10.53499984741211,3069600
2024-03-08,11.149999618530272,11.21500015258789,10.420000076293944,10.484999656677246,3807300
2024-03-11,10.039999961853027,11.548999786376951,9.84000015258789,11.170000076293944,3669900
2024-03-12,10.109999656677246,10.350000381469728,9.899999618530272,10.0,2449000
2024-03-13,11.0600004196167,11.09000015258789,9.93000030517578,10.0600004196167,3372700
2024-03-14,10.9399995803833,11.489999771118164,10.630000114440918,11.039999961853027,3678400
2024-03-15,10.65999984741211,11.4399995803833,10.4350004196167,10.869999885559082,15282600
2024-03-18,10.234999656677246,10.510000228881836,9.574999809265137,10.43000030517578,3876000
2024-03-19,9.859999656677246,10.31999969482422,9.803000450134276,10.06999969482422,2536100
2024-03-20,10.800000190734863,10.81999969482422,9.56999969482422,9.920000076293944,4219200
2024-03-21,10.18000030517578,11.039999961853027,10.09000015258789,10.880000114440918,3681200
2024-03-22,9.609999656677246,10.710000038146973,9.56999969482422,10.279999732971191,3352400
2024-03-25,9.260000228881836,10.100000381469728,9.09000015258789,9.75,3712400
2024-03-26,9.270000457763672,9.520000457763672,9.100000381469728,9.390000343322754,2773100
2024-03-27,9.59000015258789,9.8100004196167,9.229999542236328,9.399999618530272,2332300
2024-03-28,9.90999984741211,10.020000457763672,9.609999656677246,9.670000076293944,3723600
2024-04-01,9.68000030517578,10.0,9.15999984741211,9.960000038146973,3075300
2024-04-02,9.399999618530272,9.479999542236328,9.279999732971191,9.399999618530272,2019300
2024-04-03,9.630000114440918,9.779999732971191,9.199999809265137,9.369999885559082,1642500
2024-04-04,10.75,10.864999771118164,9.734999656677246,9.739999771118164,4069500
2024-04-05,11.34000015258789,11.789999961853027,10.380000114440918,10.65999984741211,3468700
2024-04-08,12.529999732971191,12.619999885559082,11.300000190734863,11.390000343322754,4911600
2024-04-09,12.489999771118164,13.170000076293944,12.300000190734863,12.479999542236328,3992600
2024-04-10,12.34000015258789,12.470000267028809,11.40999984741211,11.782999992370604,2792700
2024-04-11,11.880000114440918,12.5600004196167,11.8100004196167,12.380000114440918,2736700
2024-04-12,10.199999809265137,11.779000282287598,9.81999969482422,11.770000457763672,4160900
2024-04-15,10.09000015258789,10.46500015258789,9.949999809265137,10.18000030517578,2688200
2024-04-16,10.100000381469728,10.329999923706056,9.75,9.90999984741211,1859600
2024-04-17,10.25,10.34000015258789,9.970000267028809,10.18000030517578,2515900
2024-04-18,9.449999809265137,10.380000114440918,9.3100004196167,10.300000190734863,2918500
2024-04-19,9.100000381469728,9.454999923706056,8.4350004196167,9.359999656677246,4518700
2024-04-22,8.9399995803833,9.279999732971191,8.743000030517578,9.18000030517578,1227500
2024-04-23,8.739999771118164,9.295000076293944,8.720000267028809,9.020000457763672,1595700
2024-04-24,8.75,9.100000381469728,8.739999771118164,8.819999694824219,2002000
2024-04-25,8.59000015258789,8.710000038146973,8.210000038146973,8.460000038146973,2251900
2024-04-26,8.470000267028809,8.850000381469727,8.359999656677246,8.59000015258789,2164400
2024-04-29,8.779999732971191,8.835000038146973,8.350000381469727,8.489999771118164,2117900
2024-04-30,8.319999694824219,8.8100004196167,8.300000190734863,8.6899995803833,1757900
2024-05-01,8.84000015258789,9.380000114440918,8.319999694824219,8.40999984741211,2797100
2024-05-02,8.600000381469727,9.220000267028809,8.420000076293945,8.880000114440918,1735700
2024-05-03,8.0,9.095999717712402,7.96999979019165,8.789999961853027,2596300
2024-05-06,7.949999809265137,8.039999961853027,7.46999979019165,7.920000076293945,3383600
2024-05-07,7.880000114440918,8.0600004196167,7.559999942779541,7.96999979019165,1644800
2024-05-08,7.989999771118164,8.079999923706055,7.650000095367432,7.739999771118164,2336000
2024-05-09,8.020000457763672,8.295000076293945,7.945000171661377,8.0,2905000
2024-05-10,7.840000152587891,8.529999732971191,7.840000152587891,8.010000228881836,2538900
2024-05-13,7.989999771118164,8.140000343322754,7.699999809265137,7.920000076293945,2339100
2024-05-14,8.130000114440918,8.460000038146973,7.989999771118164,8.140000343322754,4658000
2024-05-15,9.239999771118164,10.130000114440918,8.899999618530273,9.420000076293944,13896300
2024-05-16,9.119999885559082,9.619999885559082,8.819999694824219,9.25,4310100
2024-05-17,9.199999809265137,9.300000190734863,8.512999534606934,9.100000381469728,3450500
2024-05-20,9.350000381469728,9.59000015258789,9.0600004196167,9.210000038146973,2042900
2024-05-21,9.479999542236328,9.579999923706056,9.0600004196167,9.25,2358300
2024-05-22,9.920000076293944,10.770000457763672,9.520000457763672,9.520000457763672,4539300
2024-05-23,9.079999923706056,10.020000457763672,9.052000045776367,9.960000038146973,2552400
2024-05-24,9.15999984741211,9.354999542236328,8.949999809265137,9.170000076293944,1705300
2024-05-28,8.880000114440918,9.53499984741211,8.850000381469727,9.329999923706056,2272700
2024-05-29,8.59000015258789,8.850000381469727,8.295000076293945,8.739999771118164,2612300
2024-05-30,8.65999984741211,8.880000114440918,8.529999732971191,8.6899995803833,2122300
2024-05-31,8.359999656677246,8.890999794006348,8.029999732971191,8.710000038146973,5122300
2024-06-03,8.170000076293945,8.760000228881836,8.0,8.399999618530273,3131800
2024-06-04,7.880000114440918,8.289999961853027,7.855000019073486,8.0,1909100
2024-06-05,7.96999979019165,8.225000381469727,7.829999923706055,7.920000076293945,1713500
2024-06-06,7.599999904632568,7.989999771118164,7.5,7.949999809265137,2356200
2024-06-07,7.239999771118164,7.526999950408936,7.21999979019165,7.5,1695000
2024-06-10,7.539999961853027,7.559999942779541,6.989999771118164,7.119999885559082,2130700
2024-06-11,7.78000020980835,7.900000095367432,7.414999961853027,7.480000019073486,1555100
2024-06-12,8.100000381469727,8.239999771118164,7.940000057220459,8.069999694824219,1827900
2024-06-13,9.34000015258789,9.369999885559082,7.989999771118164,8.069999694824219,5055000
2024-06-14,8.630000114440918,9.489999771118164,8.515000343322754,9.25,2778800
2024-06-17,7.960000038146973,8.619999885559082,7.739999771118164,8.619999885559082,3067300
2024-06-18,8.149999618530273,8.164999961853027,7.635000228881836,7.900000095367432,1981500
2024-06-20,8.279999732971191,8.470000267028809,7.889999866485596,8.100000381469727,1812700
2024-06-21,8.489999771118164,8.65999984741211,8.210000038146973,8.3100004196167,8671600
2024-06-24,8.880000114440918,9.079999923706056,8.529999732971191,8.59000015258789,2447900
2024-06-25,9.600000381469728,9.630000114440918,8.5600004196167,8.84000015258789,2831400
2024-06-26,9.289999961853027,9.850000381469728,9.100000381469728,9.600000381469728,2216700
2024-06-27,9.420000076293944,9.460000038146973,8.989999771118164,9.25,1950600
2024-06-28,9.300000190734863,9.59000015258789,9.010000228881836,9.510000228881836,6734800
2024-07-01,9.5600004196167,9.739999771118164,9.119999885559082,9.1899995803833,2198300
2024-07-02,9.300000190734863,9.59000015258789,8.930000305175781,9.5,1963700
2024-07-03,9.600000381469728,9.899999618530272,9.3100004196167,9.369999885559082,1551400
2024-07-05,10.489999771118164,10.529999732971191,9.43000030517578,9.65999984741211,2994600
2024-07-08,10.43000030517578,11.1899995803833,9.56999969482422,9.960000038146973,6332000
2024-07-09,10.020000457763672,10.475000381469728,9.979999542236328,10.199999809265137,2419400
2024-07-10,9.8100004196167,10.550000190734863,9.270000457763672,10.31999969482422,4121200
2024-07-11,10.729999542236328,11.08899974822998,9.779999732971191,9.9399995803833,4104600
2024-07-12,10.619999885559082,11.039999961853027,10.449999809265137,10.829999923706056,2053300
2024-07-15,10.770000457763672,11.005000114440918,10.15999984741211,10.899999618530272,2183300
2024-07-16,10.670000076293944,11.220000267028809,10.53499984741211,10.9399995803833,2003400
2024-07-17,10.270000457763672,10.5600004196167,10.109999656677246,10.449999809265137,1605500
2024-07-18,9.770000457763672,10.4399995803833,9.529999732971191,10.329999923706056,2225800
2024-07-19,9.75,9.920000076293944,9.619999885559082,9.789999961853027,1019000
2024-07-22,9.850000381469728,10.024999618530272,9.550000190734863,9.890000343322754,1715700
2024-07-23,10.199999809265137,10.3100004196167,9.779999732971191,9.800000190734863,1900400
2024-07-24,9.770000457763672,10.479999542236328,9.75,10.039999961853027,1505900
2024-07-25,10.100000381469728,10.68000030517578,9.630000114440918,9.739999771118164,2379900
2024-07-26,10.06999969482422,10.510000228881836,9.994999885559082,10.260000228881836,1459100
2024-07-29,9.56999969482422,10.15999984741211,9.100000381469728,10.0600004196167,3666100
2024-07-30,9.630000114440918,10.0,9.350000381469728,9.68000030517578,1494300
2024-07-31,10.06999969482422,10.625,9.579999923706056,9.729999542236328,2043400
2024-08-01,9.479999542236328,10.220000267028809,9.43000030517578,10.09000015258789,1671700
2024-08-02,9.25,9.3100004196167,8.710000038146973,9.06999969482422,2005800
2024-08-05,9.095000267028809,9.380000114440918,7.860000133514404,8.010000228881836,2531300
2024-08-06,9.0,9.40999984741211,8.875,9.100000381469728,1194400
2024-08-07,8.850000381469727,9.229999542236328,8.772000312805176,9.130000114440918,1176500
2024-08-08,8.9399995803833,9.342000007629396,8.819999694824219,8.960000038146973,3155100
2024-08-09,9.710000038146973,9.729999542236328,8.949999809265137,9.06999969482422,2154900
2024-08-12,9.489999771118164,9.770000457763672,9.324999809265137,9.6899995803833,1864100
2024-08-13,9.949999809265137,10.1899995803833,9.399999618530272,9.600000381469728,2621500
2024-08-14,9.579999923706056,10.020000457763672,9.255000114440918,10.010000228881836,2713500
2024-08-15,8.5,9.210000038146973,8.25,9.199999809265137,6851100
2024-08-16,8.489999771118164,8.585000038146973,8.170000076293945,8.529999732971191,2750800
2024-08-19,8.649999618530273,8.704999923706055,8.130000114440918,8.479999542236328,2325700
2024-08-20,8.420000076293945,8.640000343322754,8.149999618530273,8.539999961853027,1580600
2024-08-21,8.34000015258789,8.729999542236328,8.15999984741211,8.479999542236328,1876600
2024-08-22,8.319999694824219,8.479999542236328,8.239999771118164,8.319999694824219,1049400
2024-08-23,9.829999923706056,10.15999984741211,8.460000038146973,8.460000038146973,6271200
2024-08-26,10.579999923706056,10.59000015258789,9.595000267028809,9.890000343322754,3374200
2024-08-27,10.529999732971191,10.869999885559082,10.5,10.579999923706056,1883800
2024-08-28,10.6899995803833,10.949999809265137,10.40999984741211,10.529999732971191,1536600
2024-08-29,11.0,11.239999771118164,10.699999809265137,10.739999771118164,1741000
2024-08-30,10.880000114440918,11.329999923706056,10.600000381469728,11.199999809265137,1511600
2024-09-03,10.5,11.079999923706056,10.279999732971191,10.779999732971191,1260600
2024-09-04,10.460000038146973,11.1899995803833,10.210000038146973,10.34000015258789,1245900
2024-09-05,10.829999923706056,10.960000038146973,10.34000015258789,10.460000038146973,1008500
2024-09-06,10.359999656677246,10.956000328063965,10.18000030517578,10.81999969482422,1732300
2024-09-09,10.770000457763672,11.15999984741211,10.414999961853027,10.460000038146973,1737000
2024-09-10,10.869999885559082,11.005000114440918,10.579999923706056,10.75,1554300
2024-09-11,10.520000457763672,10.760000228881836,10.34000015258789,10.760000228881836,1414900
2024-09-12,10.520000457763672,10.949999809265137,10.09000015258789,10.479999542236328,1486000
2024-09-13,10.65999984741211,10.699999809265137,10.33899974822998,10.600000381469728,1073000
2024-09-16,10.15999984741211,10.979999542236328,10.020000457763672,10.699999809265137,1560500
2024-09-17,10.369999885559082,10.800000190734863,10.225000381469728,10.229999542236328,1942600
2024-09-18,10.399999618530272,10.710000038146973,9.902000427246094,10.260000228881836,2547700
2024-09-19,10.140000343322754,11.18000030517578,10.039999961853027,10.6899995803833,4401800
2024-09-20,10.149999618530272,10.3100004196167,9.779999732971191,10.170000076293944,3647900
2024-09-23,9.630000114440918,10.25,9.470000267028809,10.119999885559082,2185300
2024-09-24,9.68000030517578,10.03499984741211,9.399999618530272,9.609999656677246,1327800
2024-09-25,9.100000381469728,9.788999557495115,9.020000457763672,9.68000030517578,1653300
2024-09-26,9.15999984741211,9.68000030517578,9.11299991607666,9.119999885559082,2238900
2024-09-27,9.359999656677246,9.369999885559082,9.039999961853027,9.25,1646100
2024-09-30,9.300000190734863,9.739999771118164,9.140000343322754,9.31999969482422,1962000
2024-10-01,9.550000190734863,9.619999885559082,9.210000038146973,9.270000457763672,2486000
2024-10-02,10.229999542236328,10.34000015258789,9.43000030517578,9.510000228881836,1902500
2024-10-03,10.175000190734863,10.670000076293944,10.0600004196167,10.140000343322754,2270300
2024-10-04,10.020000457763672,10.4399995803833,9.829999923706056,10.199999809265137,1623000
2024-10-07,9.789999961853027,10.050000190734863,9.619999885559082,10.0,1359500
2024-10-08,9.68000030517578,10.09000015258789,9.65999984741211,9.800000190734863,1158300
2024-10-09,9.800000190734863,9.869999885559082,9.449999809265137,9.640000343322754,1066500
2024-10-10,9.779999732971191,9.8149995803833,9.59000015258789,9.699999809265137,1066300
2024-10-11,9.789999961853027,9.84000015258789,9.234999656677246,9.739999771118164,2111000
2024-10-14,9.739999771118164,9.869999885559082,9.479999542236328,9.699999809265137,1184900
2024-10-15,9.350000381469728,9.852999687194824,9.260000228881836,9.770000457763672,1340300
2024-10-16,9.720000267028809,9.8100004196167,9.329999923706056,9.369999885559082,1093100
2024-10-17,9.489999771118164,9.789999961853027,9.4399995803833,9.729999542236328,945700
2024-10-18,8.720000267028809,9.710000038146973,8.630000114440918,9.420000076293944,2647600
2024-10-21,8.3100004196167,8.8100004196167,8.272000312805176,8.75,2310100
2024-10-22,8.34000015258789,8.460000038146973,8.029999732971191,8.239999771118164,2551200
2024-10-23,8.350000381469727,8.5,8.109999656677246,8.319999694824219,2008700
2024-10-24,8.40999984741211,8.609999656677246,8.1899995803833,8.34000015258789,1853700
2024-10-25,8.75,8.880000114440918,8.369999885559082,8.390000343322754,1796700
2024-10-28,8.710000038146973,8.970000267028809,8.569999694824219,8.779999732971191,1060900
2024-10-29,8.5600004196167,8.760000228881836,8.319999694824219,8.699999809265137,1854000
2024-10-30,8.520000457763672,8.859999656677246,8.479999542236328,8.479999542236328,905700
2024-10-31,8.3100004196167,8.520000457763672,8.210000038146973,8.460000038146973,1133500
2024-11-01,8.670000076293945,9.104999542236328,8.449999809265137,8.449999809265137,2054500
2024-11-04,8.720000267028809,8.859999656677246,8.289999961853027,8.529999732971191,2268700
2024-11-05,9.300000190734863,9.329999923706056,8.449999809265137,8.59000015258789,2583700
2024-11-06,9.65999984741211,9.899999618530272,9.06999969482422,9.369999885559082,4354900
2024-11-07,10.399999618530272,10.779999732971191,9.895000457763672,10.300000190734863,5356700
2024-11-08,10.81999969482422,11.4399995803833,10.350000381469728,10.470000267028809,4257400
2024-11-11,10.84000015258789,11.020000457763672,10.739999771118164,10.970000267028809,2034400
2024-11-12,10.25,10.739999771118164,10.199999809265137,10.600000381469728,1724100
2024-11-13,10.470000267028809,10.760000228881836,10.039999961853027,10.329999923706056,2280000
2024-11-14,9.93000030517578,10.59000015258789,9.899999618530272,10.40999984741211,2171400
2024-11-15,9.260000228881836,10.039999961853027,9.109999656677246,9.84000015258789,3018900
2024-11-18,9.43000030517578,9.460000038146973,8.899999618530273,9.270000457763672,1960200
2024-11-19,10.09000015258789,10.100000381469728,9.1850004196167,9.329999923706056,1884400
2024-11-20,10.18000030517578,10.420000076293944,9.93000030517578,10.18000030517578,1025300
2024-11-21,10.239999771118164,10.720000267028809,10.029999732971191,10.260000228881836,1480000
2024-11-22,10.140000343322754,10.369999885559082,10.050000190734863,10.229999542236328,1112300
2024-11-25,10.770000457763672,11.100000381469728,10.210000038146973,10.210000038146973,2271300
2024-11-26,11.510000228881836,11.640000343322754,10.56700038909912,10.779999732971191,2766600
2024-11-27,11.710000038146973,11.880000114440918,11.380000114440918,11.600000381469728,1696300
2024-11-29,13.039999961853027,13.5,11.670000076293944,11.779999732971191,2560400
2024-12-02,12.414999961853027,13.0,12.229999542236328,13.0,2538200
2024-12-03,12.270000457763672,12.58899974822998,12.210000038146973,12.229999542236328,1458700
2024-12-04,12.609999656677246,12.710000038146973,12.100000381469728,12.489999771118164,1994300
2024-12-05,12.3100004196167,12.90999984741211,12.109999656677246,12.65999984741211,1213600
2024-12-06,12.399999618530272,12.979999542236328,12.152000427246094,12.43000030517578,1507300
2024-12-09,12.579999923706056,12.93000030517578,12.324999809265137,12.579999923706056,1400500
2024-12-10,13.149999618530272,13.239999771118164,12.25,12.489999771118164,2227800
2024-12-11,12.770000457763672,13.475000381469728,12.302000045776367,13.300000190734863,1715600
2024-12-12,12.25,12.890000343322754,12.06999969482422,12.729999542236328,1817800
2024-12-13,12.6899995803833,13.390000343322754,12.119999885559082,12.25,2719700
2024-12-16,13.56999969482422,13.600000381469728,12.630000114440918,12.770000457763672,1963400
2024-12-17,14.859999656677246,15.020000457763672,13.449999809265137,13.449999809265137,3867200
2024-12-18,13.399999618530272,14.989999771118164,12.789999961853027,14.789999961853027,2103700
2024-12-19,14.109999656677246,14.350000381469728,12.65999984741211,13.710000038146973,2792300
2024-12-20,14.989999771118164,15.789999961853027,14.18000030517578,14.25,5216400
2024-12-23,14.970000267028809,15.729999542236328,14.90999984741211,15.100000381469728,2437300
2024-12-24,14.989999771118164,15.100000381469728,14.432000160217283,15.010000228881836,1274800
2024-12-26,14.93000030517578,15.223999977111816,14.630000114440918,14.800000190734863,1473700
2024-12-27,14.300000190734863,15.029999732971191,14.19499969482422,14.880000114440918,1590100
2024-12-30,14.199999809265137,14.640999794006348,13.90999984741211,14.34000015258789,1651300
2024-12-31,13.93000030517578,14.479999542236328,13.789999961853027,14.350000381469728,1294800
2025-01-02,14.5600004196167,15.399999618530272,14.15999984741211,14.199999809265137,2460700
2025-01-03,14.619999885559082,14.979999542236328,14.359999656677246,14.56999969482422,1529600
2025-01-06,14.710000038146973,15.119999885559082,14.435999870300291,14.75,1363400
2025-01-07,15.760000228881836,16.200000762939453,14.890000343322754,15.130000114440918,3000200
2025-01-08,15.270000457763672,15.979999542236328,15.149999618530272,15.550000190734863,1858800
2025-01-10,13.8100004196167,15.0600004196167,13.701000213623049,14.899999618530272,2077300
2025-01-13,13.630000114440918,14.989999771118164,13.152000427246094,14.989999771118164,2323200
2025-01-14,13.279999732971191,14.119999885559082,13.100000381469728,13.859999656677246,1835700
2025-01-15,13.920000076293944,14.359999656677246,13.5,13.59000015258789,1772200
2025-01-16,13.75,13.96500015258789,13.404000282287598,13.93000030517578,1250100
2025-01-17,12.68000030517578,13.949999809265137,12.609999656677246,13.84000015258789,2290900
2025-01-21,13.079999923706056,13.369999885559082,12.779999732971191,12.779999732971191,1475500
2025-01-22,13.710000038146973,13.739999771118164,13.029999732971191,13.029999732971191,1472600
2025-01-23,13.600000381469728,14.289999961853027,13.399999618530272,13.670000076293944,2415500
2025-01-24,13.850000381469728,14.229999542236328,13.329999923706056,13.5,1937000
2025-01-27,14.25,15.09000015258789,13.380000114440918,13.670000076293944,2946200
2025-01-28,13.93000030517578,14.56999969482422,13.673999786376951,14.31999969482422,1312000
2025-01-29,13.720000267028809,14.229999542236328,13.479999542236328,13.880000114440918,1417600
2025-01-30,13.670000076293944,13.954999923706056,13.369999885559082,13.890000343322754,2231500
2025-01-31,13.239999771118164,13.850000381469728,13.15999984741211,13.699999809265137,1663100
2025-02-03,12.6899995803833,13.029999732971191,12.529999732971191,12.880000114440918,1900000
2025-02-04,13.100000381469728,13.154999732971191,12.09000015258789,12.600000381469728,1872500
2025-02-05,13.18000030517578,13.390000343322754,12.979999542236328,13.130000114440918,1009600
2025-02-06,12.420000076293944,13.350000381469728,12.40999984741211,13.270000457763672,1411200
2025-02-07,11.609999656677246,12.895000457763672,11.380000114440918,12.729999542236328,2952200
2025-02-10,11.59000015258789,11.8100004196167,11.18000030517578,11.75,2307300
2025-02-11,11.399999618530272,11.484999656677246,11.130000114440918,11.369999885559082,1700800
2025-02-12,13.210000038146973,13.880000114440918,11.149999618530272,11.199999809265137,7537900
2025-02-13,12.3100004196167,13.220000267028809,11.550000190734863,13.079999923706056,4916300
2025-02-14,12.779999732971191,12.81999969482422,12.1899995803833,12.40999984741211,1671400
2025-02-18,12.510000228881836,13.619999885559082,12.31999969482422,12.869999885559082,1692700
2025-02-19,12.989999771118164,13.229999542236328,12.420000076293944,12.4399995803833,1842100
2025-02-20,13.420000076293944,13.739999771118164,12.864999771118164,12.93000030517578,1659000
2025-02-21,13.020000457763672,13.9399995803833,12.75,13.619999885559082,1887000
2025-02-24,12.390000343322754,13.0600004196167,12.350000381469728,12.960000038146973,1704400
2025-02-25,12.199999809265137,12.600000381469728,11.75,12.479999542236328,2796700
2025-02-26,13.220000267028809,13.850000381469728,12.520000457763672,13.850000381469728,3955900
2025-02-27,12.800000190734863,13.399999618530272,12.675000190734863,13.239999771118164,1953200
2025-02-28,13.6899995803833,13.710000038146973,12.609999656677246,12.739999771118164,2606100
2025-03-03,12.829999923706056,13.850000381469728,12.670000076293944,13.56999969482422,2831600
2025-03-04,13.399999618530272,14.0,12.25,12.600000381469728,2871300
2025-03-05,14.779999732971191,14.81999969482422,13.300000190734863,13.350000381469728,2958300
2025-03-06,14.5,15.100000381469728,14.239999771118164,14.529999732971191,2073900
2025-03-07,14.720000267028809,14.859999656677246,13.800000190734863,14.5,1501100
2025-03-10,14.380000114440918,14.729999542236328,14.140000343322754,14.31999969482422,1813300
2025-03-11,15.489999771118164,15.5,14.15999984741211,14.385000228881836,2575000
2025-03-12,15.15999984741211,16.09000015258789,14.729999542236328,15.760000228881836,2345100
2025-03-13,14.8100004196167,15.399999618530272,14.630000114440918,15.119999885559082,1047600
2025-03-14,14.619999885559082,15.380000114440918,14.510000228881836,14.869999885559082,1689900
2025-03-17,16.420000076293945,17.700000762939453,14.260000228881836,14.6899995803833,8834000
2025-03-18,15.869999885559082,16.350000381469727,15.449999809265137,16.239999771118164,3445000
2025-03-19,16.600000381469727,16.850000381469727,15.699999809265137,16.030000686645508,2408700
2025-03-20,16.770000457763672,17.5,16.6299991607666,16.700000762939453,3287400
2025-03-21,17.010000228881836,17.1200008392334,16.270000457763672,16.6200008392334,1973600
2025-03-24,17.290000915527344,17.639999389648438,16.90999984741211,17.295000076293945,2479000
2025-03-25,17.110000610351562,17.75,16.799999237060547,17.639999389648438,3093800
2025-03-26,16.469999313354492,17.549999237060547,16.3799991607666,17.1200008392334,1557300
2025-03-27,16.09000015258789,16.6200008392334,15.960000038146973,16.389999389648438,1460900
2025-03-28,15.729999542236328,16.26799964904785,15.40999984741211,16.0,1452500
2025-03-31,15.640000343322754,16.110000610351562,14.760000228881836,15.100000381469728,3061500
2025-04-01,14.979999542236328,15.56999969482422,14.8100004196167,15.56999969482422,1458100
2025-04-02,16.600000381469727,17.43000030517578,14.510000228881836,14.609999656677246,5392600
2025-04-03,16.15999984741211,16.850000381469727,15.4399995803833,15.949999809265137,2758000
2025-04-04,14.729999542236328,16.040000915527344,14.260000228881836,15.600000381469728,2143600
2025-04-07,14.300000190734863,15.0,13.010000228881836,13.60200023651123,3017900
2025-04-08,13.289999961853027,15.18000030517578,13.11299991607666,15.104999542236328,2678500
2025-04-09,14.56999969482422,14.800000190734863,12.25100040435791,12.869999885559082,3981600
2025-04-10,13.4399995803833,13.869999885559082,12.800000190734863,13.869999885559082,2522000
2025-04-11,12.59000015258789,13.130000114440918,11.859999656677246,13.109999656677246,4855600
2025-04-14,12.9399995803833,13.239999771118164,12.649999618530272,13.0600004196167,2023900
2025-04-15,13.1899995803833,13.670000076293944,12.859999656677246,12.859999656677246,2354200
2025-04-16,12.960000038146973,13.130000114440918,12.510000228881836,12.9399995803833,1826100
2025-04-17,13.010000228881836,13.859999656677246,12.75,12.960000038146973,1598100
2025-04-21,13.529999732971191,14.010000228881836,12.789999961853027,12.789999961853027,2447100
2025-04-22,13.829999923706056,14.0,13.56999969482422,13.739999771118164,2253500
2025-04-23,14.449999809265137,15.020000457763672,14.199999809265137,14.350000381469728,1704800
2025-04-24,14.720000267028809,14.93000030517578,14.270000457763672,14.4399995803833,1531400
2025-04-25,14.609999656677246,14.770000457763672,14.210000038146973,14.5600004196167,830200
2025-04-28,14.529999732971191,14.960000038146973,14.19499969482422,14.710000038146973,1047500
2025-04-29,14.75,14.84000015258789,14.109999656677246,14.460000038146973,1449800
2025-04-30,14.90999984741211,15.0,14.190999984741213,14.385000228881836,1276000
2025-05-01,14.649999618530272,14.949999809265137,14.130000114440918,14.949999809265137,1606800
2025-05-02,15.239999771118164,15.579999923706056,14.739999771118164,14.75,1566000
2025-05-05,15.40999984741211,15.670000076293944,15.020000457763672,15.260000228881836,2094800
2025-05-06,14.31999969482422,15.5600004196167,14.31999969482422,14.970000267028809,3580000
2025-05-07,13.699999809265137,14.34000015258789,12.420000076293944,14.239999771118164,4688600
2025-05-08,13.515000343322754,14.210000038146973,13.43000030517578,13.630000114440918,2672700
2025-05-09,13.529999732971191,13.93000030517578,13.149999618530272,13.5,1987300
2025-05-12,14.390000343322754,14.609999656677246,13.5,13.510000228881836,2289300
2025-05-13,13.81999969482422,14.55500030517578,13.630000114440918,14.529999732971191,2075800
2025-05-14,13.600000381469728,14.125,13.539999961853027,13.9399995803833,2081000
2025-05-15,13.630000114440918,13.781000137329102,13.3100004196167,13.550000190734863,1444800
2025-05-16,14.109999656677246,14.1850004196167,13.56999969482422,13.789999961853027,1873900
2025-05-19,14.640000343322754,14.670000076293944,13.65999984741211,13.779999732971191,1381500
2025-05-20,14.510000228881836,14.75,14.140000343322754,14.699999809265137,1916000
2025-05-21,13.760000228881836,14.375,13.56999969482422,14.3100004196167,2005100
2025-05-22,13.65999984741211,14.100000381469728,13.489999771118164,13.739999771118164,3107100
2025-05-23,13.979999542236328,14.0,13.272000312805176,13.489999771118164,1646100
2025-05-27,14.140000343322754,14.300000190734863,13.725000381469728,14.260000228881836,2073400
2025-05-28,13.579999923706056,14.15999984741211,13.529999732971191,14.15999984741211,1308900
2025-05-29,13.670000076293944,13.869999885559082,13.369999885559082,13.729999542236328,1488200
2025-05-30,13.039999961853027,13.550000190734863,12.829999923706056,13.550000190734863,3324900
2025-06-02,13.479999542236328,13.649999618530272,13.119999885559082,13.119999885559082,1893600
2025-06-03,13.270000457763672,13.505999565124512,13.100000381469728,13.449999809265137,1740600
2025-06-04,13.270000457763672,13.470000267028809,13.25,13.260000228881836,1411900
2025-06-05,13.510000228881836,13.729999542236328,13.039999961853027,13.25,1332000
2025-06-06,14.369999885559082,14.545000076293944,13.670000076293944,13.899999618530272,2441600
2025-06-09,14.210000038146973,14.850000381469728,14.079999923706056,14.75,1545600
2025-06-10,13.890000343322754,14.40999984741211,13.864999771118164,14.15999984741211,1546800
2025-06-11,13.729999542236328,14.420000076293944,13.699999809265137,14.25,2993500
2025-06-12,13.5,13.800000190734863,13.369999885559082,13.619999885559082,1370500
2025-06-13,13.43000030517578,13.550000190734863,12.720000267028809,13.029999732971191,2230200
2025-06-16,13.399999618530272,13.84000015258789,13.0600004196167,13.619999885559082,2099200
2025-06-17,13.260000228881836,13.300000190734863,12.970000267028809,13.260000228881836,1629300
2025-06-18,13.670000076293944,13.989999771118164,13.210000038146973,13.350000381469728,2334800
2025-06-20,13.81999969482422,14.300000190734863,13.630000114440918,13.81999969482422,1902200
2025-06-23,14.399999618530272,14.529999732971191,13.670000076293944,13.68000030517578,3175100
2025-06-24,14.329999923706056,14.6899995803833,14.100000381469728,14.6899995803833,2360400
2025-06-25,14.470000267028809,14.64799976348877,13.970000267028809,14.329999923706056,2157000
2025-06-26,14.399999618530272,14.579999923706056,14.225000381469728,14.390000343322754,1335800
2025-06-27,13.739999771118164,14.399999618530272,13.649999618530272,14.399999618530272,2335600
2025-06-30,14.020000457763672,14.095000267028809,13.472000122070312,13.75,1935900
