Date,Close,High,Low,Open,Volume
2021-04-28,10.050000190734863,10.050000190734863,10.050000190734863,10.050000190734863,100
2021-04-29,10.050000190734863,10.050000190734863,10.050000190734863,10.050000190734863,0
2021-04-30,10.050000190734863,10.050000190734863,10.050000190734863,10.050000190734863,0
2021-05-03,10.050000190734863,10.050000190734863,10.050000190734863,10.050000190734863,0
2021-05-04,10.0,10.029999732971191,10.0,10.029999732971191,400
2021-05-05,9.859999656677246,9.979999542236328,9.739999771118164,9.859999656677246,100
2021-05-06,9.859999656677246,9.859999656677246,9.859999656677246,9.859999656677246,0
2021-05-07,9.859999656677246,9.859999656677246,9.859999656677246,9.859999656677246,0
2021-05-10,9.859999656677246,9.859999656677246,9.859999656677246,9.859999656677246,0
2021-05-11,9.949999809265137,10.100000381469728,9.949999809265137,10.100000381469728,21200
2021-05-12,10.100000381469728,10.100000381469728,9.8100004196167,9.829999923706056,100
2021-05-13,9.960000038146973,9.960000038146973,9.829999923706056,9.829999923706056,100
2021-05-14,10.0,10.0,10.0,10.0,100
2021-05-17,9.95300006866455,9.95300006866455,9.95300006866455,9.95300006866455,300
2021-05-18,9.75,9.779999732971191,9.75,9.779999732971191,29600
2021-05-19,9.609999656677246,9.609999656677246,9.609999656677246,9.609999656677246,300
2021-05-20,9.720000267028809,9.75,9.5600004196167,9.600000381469728,126900
2021-05-21,9.670000076293944,9.800000190734863,9.670000076293944,9.800000190734863,10000
2021-05-24,9.670000076293944,9.670000076293944,9.670000076293944,9.670000076293944,0
2021-05-25,9.670000076293944,9.670000076293944,9.670000076293944,9.670000076293944,0
2021-05-26,9.800000190734863,9.800000190734863,9.670000076293944,9.758000373840332,11100
2021-05-27,9.800000190734863,9.800000190734863,9.800000190734863,9.800000190734863,0
2021-05-28,9.800000190734863,9.800000190734863,9.800000190734863,9.800000190734863,0
2021-06-01,9.800000190734863,9.800000190734863,9.800000190734863,9.800000190734863,0
2021-06-02,9.65999984741211,9.949999809265137,9.65999984741211,9.949999809265137,3200
2021-06-03,9.75,9.800000190734863,9.729999542236328,9.729999542236328,800
2021-06-04,9.75,9.75,9.75,9.75,100
2021-06-07,9.75,9.75,9.75,9.75,0
2021-06-08,9.800000190734863,9.800000190734863,9.800000190734863,9.800000190734863,1000
2021-06-09,9.800000190734863,9.800000190734863,9.800000190734863,9.800000190734863,200
2021-06-10,9.800000190734863,9.800000190734863,9.800000190734863,9.800000190734863,0
2021-06-11,9.800000190734863,9.800000190734863,9.800000190734863,9.800000190734863,0
2021-06-14,9.800000190734863,9.800000190734863,9.800000190734863,9.800000190734863,0
2021-06-15,9.800000190734863,9.800000190734863,9.75,9.75,3300
2021-06-16,9.8100004196167,9.81999969482422,9.8100004196167,9.81999969482422,10700
2021-06-17,9.800000190734863,9.800000190734863,9.800000190734863,9.800000190734863,4900
2021-06-18,9.899999618530272,9.899999618530272,9.899999618530272,9.899999618530272,1000
2021-06-21,9.899999618530272,9.899999618530272,9.899999618530272,9.899999618530272,0
2021-06-22,9.899999618530272,9.899999618530272,9.899999618530272,9.899999618530272,0
2021-06-23,9.753999710083008,9.800000190734863,9.753999710083008,9.789999961853027,2500
2021-06-24,9.739999771118164,9.739999771118164,9.739999771118164,9.739999771118164,2900
2021-06-25,9.670000076293944,9.699999809265137,9.670000076293944,9.699999809265137,5500
2021-06-28,9.755999565124512,9.755999565124512,9.670000076293944,9.699999809265137,34700
2021-06-29,9.755999565124512,9.755999565124512,9.755999565124512,9.755999565124512,0
2021-06-30,9.675000190734863,9.689000129699709,9.670000076293944,9.689000129699709,1200
2021-07-01,9.675000190734863,9.675000190734863,9.675000190734863,9.675000190734863,0
2021-07-02,9.675000190734863,9.675000190734863,9.675000190734863,9.675000190734863,0
2021-07-06,9.68000030517578,9.68000030517578,9.68000030517578,9.68000030517578,200
2021-07-07,9.699999809265137,9.699999809265137,9.619999885559082,9.619999885559082,2100
2021-07-08,9.699999809265137,9.699999809265137,9.699999809265137,9.699999809265137,114000
2021-07-09,9.65999984741211,9.699999809265137,9.65999984741211,9.699999809265137,5700
2021-07-12,9.710000038146973,9.710000038146973,9.710000038146973,9.710000038146973,1000
2021-07-13,9.710000038146973,9.710000038146973,9.710000038146973,9.710000038146973,0
2021-07-14,9.720000267028809,9.720000267028809,9.720000267028809,9.720000267028809,33400
2021-07-15,9.720000267028809,9.720000267028809,9.720000267028809,9.720000267028809,0
2021-07-16,9.720000267028809,9.720000267028809,9.720000267028809,9.720000267028809,100
2021-07-19,9.720000267028809,9.720000267028809,9.720000267028809,9.720000267028809,100
2021-07-20,9.720000267028809,9.720000267028809,9.720000267028809,9.720000267028809,0
2021-07-21,9.720000267028809,9.720000267028809,9.710000038146973,9.710000038146973,1600
2021-07-22,9.670000076293944,9.81999969482422,9.670000076293944,9.81999969482422,1600
2021-07-23,9.729999542236328,9.729999542236328,9.729999542236328,9.729999542236328,400
2021-07-26,9.729999542236328,9.729999542236328,9.729999542236328,9.729999542236328,0
2021-07-27,9.729999542236328,9.729999542236328,9.729999542236328,9.729999542236328,0
2021-07-28,9.65999984741211,9.710000038146973,9.65999984741211,9.710000038146973,400
2021-07-29,9.65999984741211,9.65999984741211,9.65999984741211,9.65999984741211,0
2021-07-30,9.65999984741211,9.65999984741211,9.65999984741211,9.65999984741211,0
2021-08-02,9.65999984741211,9.65999984741211,9.65999984741211,9.65999984741211,0
2021-08-03,9.65999984741211,9.65999984741211,9.65999984741211,9.65999984741211,0
2021-08-04,9.720000267028809,9.720000267028809,9.630000114440918,9.65999984741211,499200
2021-08-05,9.710000038146973,9.75,9.710000038146973,9.75,800
2021-08-06,9.640999794006348,9.720000267028809,9.600000381469728,9.649999618530272,306000
2021-08-09,9.699999809265137,9.699999809265137,9.640000343322754,9.640000343322754,1400
2021-08-10,9.734999656677246,9.789999961853027,9.692999839782717,9.789999961853027,7300
2021-08-11,9.720000267028809,9.72599983215332,9.720000267028809,9.72599983215332,3400
2021-08-12,9.720000267028809,9.720000267028809,9.720000267028809,9.720000267028809,214700
2021-08-13,9.729999542236328,9.729999542236328,9.699999809265137,9.720000267028809,3400
2021-08-16,9.729999542236328,9.729999542236328,9.666000366210938,9.71500015258789,4200
2021-08-17,9.729999542236328,9.729999542236328,9.729999542236328,9.729999542236328,0
2021-08-18,9.729999542236328,9.729999542236328,9.729999542236328,9.729999542236328,0
2021-08-19,9.699999809265137,9.729999542236328,9.670000076293944,9.670000076293944,1900
2021-08-20,9.68000030517578,9.829999923706056,9.630000114440918,9.829999923706056,13800
2021-08-23,9.609999656677246,9.630000114440918,9.609999656677246,9.619999885559082,85500
2021-08-24,9.630000114440918,9.630000114440918,9.609999656677246,9.609999656677246,71900
2021-08-25,9.619999885559082,9.630000114440918,9.619999885559082,9.630000114440918,1200
2021-08-26,9.619999885559082,9.642000198364258,9.619999885559082,9.619999885559082,1300
2021-08-27,9.619999885559082,9.619999885559082,9.619999885559082,9.619999885559082,0
2021-08-30,9.649999618530272,9.6899995803833,9.649999618530272,9.67099952697754,9700
2021-08-31,9.65999984741211,9.65999984741211,9.65999984741211,9.65999984741211,500
2021-09-01,9.65999984741211,9.65999984741211,9.65999984741211,9.65999984741211,0
2021-09-02,9.630000114440918,9.6899995803833,9.630000114440918,9.65999984741211,41800
2021-09-03,9.649999618530272,9.6899995803833,9.649999618530272,9.6899995803833,3900
2021-09-07,9.68000030517578,9.68000030517578,9.68000030517578,9.68000030517578,500
2021-09-08,9.68000030517578,9.68000030517578,9.68000030517578,9.68000030517578,0
2021-09-09,9.68000030517578,9.68000030517578,9.68000030517578,9.68000030517578,300
2021-09-10,9.630000114440918,9.65999984741211,9.630000114440918,9.65999984741211,3400
2021-09-13,9.68000030517578,9.68000030517578,9.640000343322754,9.640000343322754,1900
2021-09-14,9.699999809265137,9.710000038146973,9.6899995803833,9.6899995803833,12800
2021-09-15,9.710000038146973,9.710000038146973,9.640000343322754,9.670000076293944,1000
2021-09-16,9.710000038146973,9.710000038146973,9.710000038146973,9.710000038146973,0
2021-09-17,9.710000038146973,9.710000038146973,9.710000038146973,9.710000038146973,0
2021-09-20,9.710000038146973,9.710000038146973,9.710000038146973,9.710000038146973,0
2021-09-21,9.710000038146973,9.710000038146973,9.710000038146973,9.710000038146973,0
2021-09-22,9.710000038146973,9.710000038146973,9.710000038146973,9.710000038146973,0
2021-09-23,9.699999809265137,9.699999809265137,9.6899995803833,9.6899995803833,35600
2021-09-24,9.699999809265137,9.699999809265137,9.699999809265137,9.699999809265137,0
2021-09-27,9.739999771118164,9.739999771118164,9.699999809265137,9.729000091552734,4000
2021-09-28,9.739999771118164,9.739999771118164,9.739999771118164,9.739999771118164,0
2021-09-29,9.739999771118164,9.739999771118164,9.739999771118164,9.739999771118164,0
2021-09-30,9.734999656677246,9.739999771118164,9.729999542236328,9.729999542236328,2000
2021-10-01,9.65999984741211,9.739999771118164,9.65999984741211,9.68000030517578,800
2021-10-04,9.720000267028809,9.760000228881836,9.68000030517578,9.68000030517578,122400
2021-10-05,9.739999771118164,9.739999771118164,9.699999809265137,9.699999809265137,694400
2021-10-06,9.770000457763672,9.770000457763672,9.729999542236328,9.75,526500
2021-10-07,9.760000228881836,9.770000457763672,9.75,9.770000457763672,101000
2021-10-08,9.75,9.75,9.75,9.75,100000
2021-10-11,9.75,9.75,9.75,9.75,1000
2021-10-12,9.739999771118164,9.755000114440918,9.68000030517578,9.729999542236328,30400
2021-10-13,9.760000228881836,9.779999732971191,9.729999542236328,9.729999542236328,4800
2021-10-14,9.760000228881836,9.760000228881836,9.760000228881836,9.760000228881836,0
2021-10-15,9.770000457763672,9.770000457763672,9.739999771118164,9.739999771118164,1200
2021-10-18,9.739999771118164,9.760000228881836,9.739999771118164,9.739999771118164,2300
2021-10-19,9.739999771118164,9.770000457763672,9.739999771118164,9.770000457763672,31500
2021-10-20,9.739999771118164,9.739999771118164,9.729999542236328,9.729999542236328,1400
2021-10-21,9.729999542236328,9.729999542236328,9.729999542236328,9.729999542236328,200
2021-10-22,9.720000267028809,9.760000228881836,9.720000267028809,9.729999542236328,27600
2021-10-25,9.720000267028809,9.720000267028809,9.720000267028809,9.720000267028809,0
2021-10-26,9.739999771118164,9.739999771118164,9.720000267028809,9.720000267028809,4400
2021-10-27,9.75,9.75,9.710000038146973,9.710000038146973,13100
2021-10-28,9.75,9.75,9.75,9.75,0
2021-10-29,9.75,9.75,9.75,9.75,0
2021-11-01,9.760000228881836,9.760000228881836,9.734999656677246,9.734999656677246,500
2021-11-02,9.779999732971191,9.779999732971191,9.760000228881836,9.760000228881836,5900
2021-11-03,9.81999969482422,9.81999969482422,9.729999542236328,9.729999542236328,13400
2021-11-04,9.789999961853027,9.789999961853027,9.779999732971191,9.779999732971191,4500
2021-11-05,9.80500030517578,9.80500030517578,9.789999961853027,9.789999961853027,800
2021-11-08,9.80500030517578,9.80500030517578,9.80500030517578,9.80500030517578,0
2021-11-09,9.779999732971191,9.779999732971191,9.779999732971191,9.779999732971191,200
2021-11-10,9.779999732971191,9.779999732971191,9.779999732971191,9.779999732971191,200
2021-11-11,9.779999732971191,9.779999732971191,9.779999732971191,9.779999732971191,0
2021-11-12,9.75,9.75,9.75,9.75,300
2021-11-15,9.75,9.75,9.75,9.75,0
2021-11-16,9.800000190734863,9.800000190734863,9.789999961853027,9.800000190734863,31400
2021-11-17,9.779999732971191,9.8100004196167,9.779999732971191,9.789999961853027,170700
2021-11-18,9.729999542236328,9.779999732971191,9.720000267028809,9.779999732971191,74000
2021-11-19,9.739999771118164,9.739999771118164,9.720000267028809,9.720000267028809,55800
2021-11-22,9.75,9.75,9.720000267028809,9.720000267028809,7200
2021-11-23,9.75,9.75,9.75,9.75,7000
2021-11-24,9.75,9.755999565124512,9.739999771118164,9.75,1038500
2021-11-26,9.739999771118164,9.75,9.739999771118164,9.75,531300
2021-11-29,9.760000228881836,9.760000228881836,9.729999542236328,9.729999542236328,170200
2021-11-30,9.729999542236328,9.729999542236328,9.729999542236328,9.729999542236328,1700
2021-12-01,9.770000457763672,9.770000457763672,9.770000457763672,9.770000457763672,16700
2021-12-02,9.729999542236328,9.762999534606934,9.720000267028809,9.762999534606934,217300
2021-12-03,9.729999542236328,9.729999542236328,9.729999542236328,9.729999542236328,700
2021-12-06,9.75,9.770000457763672,9.729999542236328,9.760000228881836,8600
2021-12-07,9.729999542236328,9.770000457763672,9.729999542236328,9.770000457763672,13000
2021-12-08,9.720000267028809,9.75,9.720000267028809,9.75,51300
2021-12-09,9.729999542236328,9.770000457763672,9.729999542236328,9.739999771118164,10400
2021-12-10,9.729999542236328,9.770000457763672,9.729999542236328,9.770000457763672,41900
2021-12-13,9.789999961853027,9.84000015258789,9.789999961853027,9.829999923706056,1681500
2021-12-14,9.8100004196167,9.850000381469728,9.8100004196167,9.8100004196167,328500
2021-12-15,9.8100004196167,9.84000015258789,9.8100004196167,9.84000015258789,15300
2021-12-16,9.8100004196167,9.8100004196167,9.800000190734863,9.8100004196167,24600
2021-12-17,9.8100004196167,9.815999984741213,9.8100004196167,9.815999984741213,300
2021-12-20,9.850000381469728,9.850000381469728,9.84000015258789,9.84000015258789,3400
2021-12-21,9.8100004196167,9.8100004196167,9.8100004196167,9.8100004196167,500
2021-12-22,9.8100004196167,9.850000381469728,9.8100004196167,9.850000381469728,300
2021-12-23,9.850000381469728,9.850000381469728,9.8100004196167,9.8100004196167,4300
2021-12-27,9.8100004196167,9.824999809265137,9.8100004196167,9.824999809265137,2600
2021-12-28,9.8100004196167,9.8100004196167,9.8100004196167,9.8100004196167,9500
2021-12-29,9.850000381469728,9.850000381469728,9.8100004196167,9.8100004196167,12300
2021-12-30,9.8100004196167,9.8100004196167,9.8100004196167,9.8100004196167,60100
2021-12-31,9.800000190734863,9.821999549865724,9.800000190734863,9.8100004196167,20100
2022-01-03,9.850000381469728,9.850000381469728,9.826000213623049,9.84000015258789,17200
2022-01-04,9.850000381469728,9.850000381469728,9.850000381469728,9.850000381469728,0
2022-01-05,9.850000381469728,9.850000381469728,9.850000381469728,9.850000381469728,0
2022-01-06,9.81999969482422,9.81999969482422,9.81999969482422,9.81999969482422,400
2022-01-07,9.869999885559082,9.869999885559082,9.824000358581545,9.824000358581545,790500
2022-01-10,9.81999969482422,9.850000381469728,9.81999969482422,9.850000381469728,1800
2022-01-11,9.84000015258789,9.84000015258789,9.8100004196167,9.81999969482422,539100
2022-01-12,9.84000015258789,9.850000381469728,9.84000015258789,9.850000381469728,7100
2022-01-13,9.84000015258789,9.84000015258789,9.84000015258789,9.84000015258789,800
2022-01-14,9.822999954223633,9.84000015258789,9.822999954223633,9.84000015258789,1100
2022-01-18,9.819000244140623,9.81999969482422,9.819000244140623,9.81999969482422,15300
2022-01-19,9.829999923706056,9.829999923706056,9.81999969482422,9.81999969482422,50800
2022-01-20,9.84000015258789,9.84000015258789,9.8100004196167,9.81999969482422,452300
2022-01-21,9.824999809265137,9.84000015258789,9.81999969482422,9.84000015258789,95500
2022-01-24,9.829999923706056,9.835000038146973,9.829999923706056,9.835000038146973,62900
2022-01-25,9.8100004196167,9.84000015258789,9.8100004196167,9.84000015258789,43300
2022-01-26,9.84000015258789,9.84000015258789,9.829999923706056,9.829999923706056,34000
2022-01-27,9.84000015258789,9.84000015258789,9.829999923706056,9.829999923706056,9300
2022-01-28,9.850000381469728,9.850000381469728,9.829999923706056,9.84000015258789,3700
2022-01-31,9.84000015258789,9.850000381469728,9.84000015258789,9.850000381469728,4000
2022-02-01,9.850000381469728,9.850000381469728,9.81999969482422,9.850000381469728,46500
2022-02-02,9.859999656677246,9.869999885559082,9.850000381469728,9.850000381469728,22000
2022-02-03,9.869999885559082,9.869999885559082,9.850000381469728,9.850000381469728,400
2022-02-04,9.850000381469728,9.850000381469728,9.850000381469728,9.850000381469728,400
2022-02-07,9.850000381469728,9.859999656677246,9.84000015258789,9.859999656677246,551400
2022-02-08,9.850000381469728,9.850000381469728,9.850000381469728,9.850000381469728,29100
2022-02-09,9.850000381469728,9.850000381469728,9.850000381469728,9.850000381469728,18400
2022-02-10,9.859999656677246,9.869999885559082,9.850000381469728,9.859999656677246,95200
2022-02-11,9.81999969482422,9.850000381469728,9.81999969482422,9.850000381469728,552500
2022-02-14,9.850000381469728,9.850000381469728,9.84000015258789,9.84000015258789,334100
2022-02-15,9.84000015258789,9.850000381469728,9.84000015258789,9.84000015258789,391300
2022-02-16,9.84000015258789,9.850000381469728,9.84000015258789,9.850000381469728,149800
2022-02-17,9.833000183105469,9.84000015258789,9.833000183105469,9.84000015258789,17500
2022-02-18,9.850000381469728,9.850000381469728,9.84000015258789,9.84000015258789,74600
2022-02-22,9.829999923706056,9.845000267028809,9.829999923706056,9.84000015258789,47400
2022-02-23,9.829999923706056,9.836999893188477,9.829999923706056,9.836999893188477,1600
2022-02-24,9.829999923706056,9.831000328063965,9.81999969482422,9.829999923706056,34900
2022-02-25,9.829999923706056,9.829999923706056,9.829999923706056,9.829999923706056,100
2022-02-28,9.84000015258789,9.84000015258789,9.829999923706056,9.829999923706056,54000
2022-03-01,9.829999923706056,9.84000015258789,9.829999923706056,9.836000442504885,24200
2022-03-02,9.824999809265137,9.850000381469728,9.81999969482422,9.84000015258789,43600
2022-03-03,9.835000038146973,9.84000015258789,9.829999923706056,9.84000015258789,31300
2022-03-04,9.84000015258789,9.850000381469728,9.829999923706056,9.829999923706056,178300
2022-03-07,9.829999923706056,9.850000381469728,9.829999923706056,9.829999923706056,189300
2022-03-08,9.829999923706056,9.829999923706056,9.81999969482422,9.829999923706056,186400
2022-03-09,9.829999923706056,9.835000038146973,9.829999923706056,9.829999923706056,31700
2022-03-10,9.829999923706056,9.84000015258789,9.829999923706056,9.835000038146973,285500
2022-03-11,9.829999923706056,9.84000015258789,9.822999954223633,9.84000015258789,197800
2022-03-14,9.829999923706056,9.829999923706056,9.81999969482422,9.829999923706056,162700
2022-03-15,9.84000015258789,9.850000381469728,9.84000015258789,9.84000015258789,15000
2022-03-16,9.84000015258789,9.845000267028809,9.829999923706056,9.84000015258789,214700
2022-03-17,9.84000015258789,9.843999862670898,9.829999923706056,9.84000015258789,99400
2022-03-18,9.848999977111816,9.850000381469728,9.84000015258789,9.850000381469728,6200
2022-03-21,9.84000015258789,9.850000381469728,9.84000015258789,9.850000381469728,4500
2022-03-22,9.84000015258789,9.880000114440918,9.84000015258789,9.880000114440918,17800
2022-03-23,9.869999885559082,9.880000114440918,9.850000381469728,9.850000381469728,85800
2022-03-24,9.859999656677246,9.859999656677246,9.85099983215332,9.859999656677246,11200
2022-03-25,9.859999656677246,9.859999656677246,9.859999656677246,9.859999656677246,0
2022-03-28,9.869999885559082,9.880000114440918,9.850000381469728,9.859999656677246,32900
2022-03-29,9.869999885559082,9.880000114440918,9.859999656677246,9.880000114440918,27100
2022-03-30,9.869999885559082,9.869999885559082,9.859999656677246,9.869999885559082,8000
2022-03-31,9.880000114440918,9.880000114440918,9.859999656677246,9.859999656677246,14200
2022-04-01,9.859999656677246,9.904999732971191,9.859999656677246,9.880000114440918,47000
2022-04-04,9.869999885559082,9.880999565124512,9.859999656677246,9.859999656677246,40000
2022-04-05,9.885000228881836,9.885000228881836,9.869999885559082,9.883999824523926,23800
2022-04-06,9.890000343322754,9.890000343322754,9.890000343322754,9.890000343322754,6300
2022-04-07,9.890000343322754,9.925000190734863,9.890000343322754,9.925000190734863,11500
2022-04-08,9.892000198364258,9.892000198364258,9.890000343322754,9.890000343322754,1100
2022-04-11,9.890000343322754,9.895000457763672,9.890000343322754,9.895000457763672,400
2022-04-12,9.890000343322754,9.890000343322754,9.890000343322754,9.890000343322754,75000
2022-04-13,9.890000343322754,9.899999618530272,9.890000343322754,9.895000457763672,95800
2022-04-14,9.899999618530272,9.904999732971191,9.890000343322754,9.904999732971191,7500
2022-04-18,9.890000343322754,9.890000343322754,9.890000343322754,9.890000343322754,700
2022-04-19,9.90999984741211,9.920000076293944,9.895000457763672,9.899999618530272,60800
2022-04-20,9.90999984741211,9.914999961853027,9.895000457763672,9.899999618530272,247200
2022-04-21,9.90999984741211,9.90999984741211,9.899999618530272,9.899999618530272,1600
2022-04-22,9.90999984741211,9.90999984741211,9.899999618530272,9.904999732971191,22400
2022-04-25,9.90999984741211,9.90999984741211,9.90999984741211,9.90999984741211,0
2022-04-26,9.914999961853027,9.920000076293944,9.91100025177002,9.920000076293944,6300
2022-04-27,9.920000076293944,9.920000076293944,9.920000076293944,9.920000076293944,300
2022-04-28,9.90999984741211,9.920000076293944,9.90999984741211,9.920000076293944,85300
2022-04-29,9.920000076293944,9.920000076293944,9.90999984741211,9.90999984741211,33300
2022-05-02,9.90999984741211,9.920000076293944,9.90999984741211,9.920000076293944,54900
2022-05-03,9.90999984741211,9.914999961853027,9.899999618530272,9.90999984741211,72800
2022-05-04,9.90999984741211,9.920000076293944,9.899999618530272,9.90999984741211,131300
2022-05-05,9.960000038146973,9.960000038146973,9.9399995803833,9.9399995803833,374400
2022-05-06,9.949999809265137,10.109999656677246,9.949999809265137,9.960000038146973,98700
2022-05-09,9.960000038146973,9.970000267028809,9.949999809265137,9.949999809265137,290500
2022-05-10,9.949999809265137,9.970000267028809,9.949999809265137,9.960000038146973,213700
2022-05-11,9.970000267028809,9.970000267028809,9.949999809265137,9.949999809265137,252100
2022-05-12,9.967000007629396,9.970000267028809,9.949999809265137,9.970000267028809,32500
2022-05-13,9.960000038146973,9.970000267028809,9.949999809265137,9.949999809265137,52300
2022-05-16,9.960000038146973,9.979999542236328,9.949999809265137,9.970000267028809,251400
2022-05-17,9.970000267028809,9.979999542236328,9.960000038146973,9.960000038146973,288400
2022-05-18,9.979999542236328,9.979999542236328,9.949999809265137,9.949999809265137,425000
2022-05-19,9.779999732971191,9.789999961853027,9.65999984741211,9.789999961853027,20800
2022-05-20,10.0,10.06999969482422,9.720000267028809,9.770000457763672,15100
2022-05-23,9.890000343322754,10.06999969482422,9.479999542236328,9.989999771118164,245200
2022-05-24,10.060999870300291,10.524999618530272,9.539999961853027,9.960000038146973,247600
2022-05-25,9.920000076293944,10.390000343322754,9.739999771118164,10.140000343322754,954000
2022-05-26,9.020000457763672,9.75,8.920000076293945,9.75,28800
2022-05-27,6.309999942779541,10.510000228881836,6.309999942779541,10.039999961853027,319900
2022-05-31,6.5,6.75,6.139999866485596,6.309999942779541,161700
2022-06-01,5.489999771118164,6.550000190734863,5.409999847412109,6.550000190734863,178600
2022-06-02,5.400000095367432,5.519999980926514,5.25,5.489999771118164,265200
2022-06-03,5.880000114440918,7.25,4.7220001220703125,5.769999980926514,2039200
2022-06-06,4.494999885559082,5.820000171661377,4.150000095367432,5.599999904632568,300200
2022-06-07,4.539999961853027,4.789999961853027,4.210000038146973,4.539999961853027,111700
2022-06-08,4.489999771118164,4.699999809265137,4.28000020980835,4.449999809265137,54900
2022-06-09,4.464000225067139,4.710000038146973,4.400000095367432,4.5,27300
2022-06-10,4.340000152587891,4.498000144958496,4.320000171661377,4.429999828338623,22700
2022-06-13,3.799999952316284,5.199999809265137,3.75,4.300000190734863,145300
2022-06-14,5.079999923706055,6.400000095367432,3.75,3.839999914169311,2932500
2022-06-15,4.570000171661377,4.804999828338623,4.110000133514404,4.539999961853027,380100
2022-06-16,4.5,4.929999828338623,4.150000095367432,4.150000095367432,359400
2022-06-17,4.440000057220459,4.599999904632568,4.050000190734863,4.550000190734863,168300
2022-06-21,3.880000114440918,4.800000190734863,3.849999904632568,4.199999809265137,302900
2022-06-22,3.569999933242798,3.799999952316284,3.5199999809265137,3.75,163700
2022-06-23,3.450000047683716,4.150000095367432,3.25,3.569999933242798,303200
2022-06-24,3.4200000762939453,3.849999904632568,3.2799999713897705,3.390000104904175,157200
2022-06-27,3.549999952316284,3.5799999237060547,3.1700000762939453,3.450000047683716,214400
2022-06-28,3.5299999713897705,3.7899999618530273,3.259999990463257,3.5799999237060547,275200
2022-06-29,3.549999952316284,3.650000095367432,3.4100000858306885,3.509999990463257,40200
2022-06-30,3.7699999809265137,3.859999895095825,3.450000047683716,3.549999952316284,81500
2022-07-01,4.03000020980835,4.210000038146973,3.75,3.7699999809265137,109700
2022-07-05,4.110000133514404,4.150000095367432,3.849999904632568,3.950000047683716,38700
2022-07-06,4.050000190734863,4.190000057220459,3.7200000286102295,4.130000114440918,22400
2022-07-07,4.170000076293945,4.309999942779541,3.940000057220459,4.179999828338623,45600
2022-07-08,4.599999904632568,4.699999809265137,4.079999923706055,4.329999923706055,47800
2022-07-11,4.329999923706055,4.619999885559082,4.230000019073486,4.619999885559082,31100
2022-07-12,4.590000152587891,4.619999885559082,4.25,4.46999979019165,34900
2022-07-13,4.760000228881836,4.901000022888184,4.309999942779541,4.53000020980835,61500
2022-07-14,4.78000020980835,4.949999809265137,4.71999979019165,4.949999809265137,26400
2022-07-15,4.630000114440918,4.849999904632568,4.349999904632568,4.349999904632568,5000
2022-07-18,4.980000019073486,5.099999904632568,4.695000171661377,4.860000133514404,212800
2022-07-19,3.809999942779541,5.0,3.5999999046325684,4.900000095367432,206600
2022-07-20,3.5,3.7100000381469727,2.0,2.640000104904175,6600
2022-07-21,3.900000095367432,3.900000095367432,3.0,3.549999952316284,35900
2022-07-22,3.630000114440918,3.75,3.5,3.75,32300
2022-07-25,4.039999961853027,4.090000152587891,3.7300000190734863,3.7300000190734863,9500
2022-07-26,4.0,4.28000020980835,4.0,4.039999961853027,7400
2022-07-27,4.150000095367432,4.150000095367432,4.0,4.0,5300
2022-07-28,4.0,4.126999855041504,4.0,4.119999885559082,2900
2022-07-29,3.5999999046325684,4.0,3.5999999046325684,4.0,7300
2022-08-01,3.680000066757202,4.360000133514404,3.650000095367432,3.900000095367432,10300
2022-08-02,3.680000066757202,4.0,3.680000066757202,4.0,4800
2022-08-03,3.700000047683716,4.590000152587891,3.700000047683716,4.0,4100
2022-08-04,4.190000057220459,4.440000057220459,4.099999904632568,4.440000057220459,33700
2022-08-05,4.380000114440918,4.380000114440918,4.25,4.269999980926514,1100
2022-08-08,4.349999904632568,4.380000114440918,4.349999904632568,4.380000114440918,5000
2022-08-09,4.320000171661377,4.449999809265137,4.199999809265137,4.199999809265137,2900
2022-08-10,4.449999809265137,4.5,4.400000095367432,4.5,71800
2022-08-11,4.400000095367432,4.429999828338623,4.389999866485596,4.389999866485596,9200
2022-08-12,4.349999904632568,4.400000095367432,4.349999904632568,4.400000095367432,7600
2022-08-15,4.269999980926514,4.699999809265137,4.269999980926514,4.699999809265137,4500
2022-08-16,4.400000095367432,4.400000095367432,4.25,4.260000228881836,4100
2022-08-17,4.199999809265137,4.355999946594238,4.199999809265137,4.355999946594238,7800
2022-08-18,4.208000183105469,4.258999824523926,4.050000190734863,4.199999809265137,6500
2022-08-19,4.150000095367432,4.199999809265137,4.150000095367432,4.199999809265137,1100
2022-08-22,3.4800000190734863,4.197999954223633,3.200000047683716,4.03000020980835,23000
2022-08-23,3.619999885559082,4.199999809265137,3.619999885559082,3.694999933242798,3300
2022-08-24,4.150000095367432,4.190000057220459,4.1479997634887695,4.1479997634887695,1100
2022-08-25,4.25,4.25,4.25,4.25,24200
2022-08-26,3.849999904632568,4.400000095367432,3.75,4.25,110700
2022-08-29,4.449999809265137,4.949999809265137,3.8299999237060542,4.239999771118164,68600
2022-08-30,4.400000095367432,4.699999809265137,4.010000228881836,4.699999809265137,26400
2022-08-31,4.400000095367432,4.5,4.239999771118164,4.340000152587891,142100
2022-09-01,4.409999847412109,5.380000114440918,4.300000190734863,4.599999904632568,290600
2022-09-02,4.400000095367432,4.5,4.139999866485596,4.5,43700
2022-09-06,4.199999809265137,4.5,4.0,4.5,64500
2022-09-07,4.150000095367432,4.269999980926514,4.052999973297119,4.269999980926514,8600
2022-09-08,4.380000114440918,4.380000114440918,4.110000133514404,4.119999885559082,11900
2022-09-09,4.21999979019165,4.5,4.110000133514404,4.409999847412109,56200
2022-09-12,4.0,4.322999954223633,4.0,4.210000038146973,88200
2022-09-13,4.039999961853027,4.130000114440918,4.0,4.0,67800
2022-09-14,4.03000020980835,4.453999996185303,3.950000047683716,4.130000114440918,50900
2022-09-15,4.0,4.144999980926514,4.0,4.03000020980835,70900
2022-09-16,4.0,4.199999809265137,3.900000095367432,4.03000020980835,20600
2022-09-19,4.0,4.230000019073486,3.930000066757202,4.230000019073486,35500
2022-09-20,3.9700000286102295,4.079999923706055,3.950000047683716,3.9600000381469727,43400
2022-09-21,3.910000085830689,4.0,3.9049999713897705,3.910000085830689,15300
2022-09-22,3.9200000762939458,3.9600000381469727,3.714999914169311,3.900000095367432,34800
2022-09-23,4.199999809265137,4.210000038146973,3.799999952316284,3.799999952316284,28800
2022-09-26,4.210000038146973,4.349999904632568,4.0,4.159999847412109,83300
2022-09-27,4.159999847412109,4.425000190734863,4.090000152587891,4.329999923706055,58500
2022-09-28,4.130000114440918,4.159999847412109,4.019999980926514,4.159999847412109,5200
2022-09-29,4.150000095367432,4.190000057220459,4.070000171661377,4.130000114440918,64900
2022-09-30,4.28000020980835,4.28000020980835,4.041999816894531,4.139999866485596,50900
2022-10-03,4.360000133514404,4.380000114440918,4.070000171661377,4.239999771118164,8800
2022-10-04,4.489999771118164,4.800000190734863,4.199999809265137,4.28000020980835,58700
2022-10-05,4.420000076293945,4.489999771118164,4.059999942779541,4.360000133514404,27900
2022-10-06,4.449999809265137,4.449999809265137,4.099999904632568,4.329999923706055,94200
2022-10-07,4.360000133514404,4.440000057220459,4.25,4.440000057220459,6100
2022-10-10,4.360000133514404,4.449999809265137,4.198999881744385,4.260000228881836,13000
2022-10-11,4.360000133514404,4.360000133514404,4.224999904632568,4.224999904632568,7300
2022-10-12,4.389999866485596,4.394999980926514,4.224999904632568,4.224999904632568,9800
2022-10-13,4.449999809265137,4.610000133514404,4.260000228881836,4.260000228881836,19200
2022-10-14,4.599999904632568,4.679999828338623,4.263999938964844,4.449999809265137,61000
2022-10-17,4.489999771118164,4.590000152587891,4.400000095367432,4.590000152587891,65200
2022-10-18,4.409999847412109,4.53000020980835,4.360000133514404,4.5,22700
2022-10-19,4.389999866485596,4.510000228881836,4.389999866485596,4.510000228881836,8000
2022-10-20,4.539999961853027,4.545000076293945,4.314000129699707,4.314000129699707,15600
2022-10-21,4.420000076293945,4.590000152587891,4.409999847412109,4.590000152587891,4500
2022-10-24,4.420000076293945,4.581999778747559,4.400000095367432,4.449999809265137,3900
2022-10-25,4.400000095367432,4.579999923706055,4.349999904632568,4.5,22100
2022-10-26,4.340000152587891,4.574999809265137,4.340000152587891,4.369999885559082,5800
2022-10-27,4.46999979019165,4.570000171661377,4.380000114440918,4.46999979019165,2800
2022-10-28,4.409999847412109,4.5,4.366000175476074,4.489999771118164,16900
2022-10-31,4.5,4.5,4.369999885559082,4.440000057220459,8900
2022-11-01,4.329999923706055,4.409999847412109,4.260000228881836,4.349999904632568,12900
2022-11-02,4.25,4.340000152587891,4.210000038146973,4.309999942779541,22300
2022-11-03,4.300000190734863,4.349999904632568,4.244999885559082,4.244999885559082,10600
2022-11-04,4.25,4.300000190734863,4.139999866485596,4.239999771118164,37800
2022-11-07,3.940000057220459,4.349999904632568,3.890000104904175,4.300000190734863,119900
2022-11-08,3.984999895095825,4.133999824523926,3.5999999046325684,4.133999824523926,11100
2022-11-09,4.03000020980835,4.175000190734863,3.9700000286102295,4.050000190734863,24800
2022-11-10,4.039999961853027,4.039999961853027,4.0,4.0,37200
2022-11-11,4.039999961853027,4.039999961853027,3.8289999961853023,4.039999961853027,15000
2022-11-14,3.849999904632568,4.28000020980835,3.809999942779541,4.059999942779541,11700
2022-11-15,3.9700000286102295,4.15500020980835,3.890000104904175,4.010000228881836,6400
2022-11-16,3.8299999237060542,4.28000020980835,3.650000095367432,4.28000020980835,17800
2022-11-17,3.950000047683716,3.950000047683716,3.619999885559082,3.650000095367432,3100
2022-11-18,3.8299999237060542,3.950000047683716,3.640000104904175,3.819999933242798,15100
2022-11-21,3.819999933242798,4.179999828338623,3.7100000381469727,4.179999828338623,12800
2022-11-22,3.819999933242798,3.890000104904175,3.6700000762939458,3.736000061035156,6100
2022-11-23,4.130000114440918,4.190000057220459,3.869999885559082,3.9200000762939458,27800
2022-11-25,4.105999946594238,4.105999946594238,3.98799991607666,4.090000152587891,1100
2022-11-28,4.139999866485596,4.150000095367432,3.9600000381469727,4.130000114440918,58300
2022-11-29,4.059999942779541,4.159999847412109,4.059999942779541,4.150000095367432,3200
2022-11-30,3.990000009536743,4.230000019073486,3.990000009536743,4.119999885559082,17700
2022-12-01,4.074999809265137,4.122000217437744,4.050000190734863,4.050000190734863,3100
2022-12-02,4.179999828338623,4.190000057220459,4.0,4.070000171661377,43200
2022-12-05,4.239999771118164,4.260000228881836,4.110000133514404,4.199999809265137,20300
2022-12-06,4.260000228881836,4.260000228881836,4.199999809265137,4.199999809265137,3500
2022-12-07,4.289999961853027,4.335000038146973,4.170000076293945,4.320000171661377,13700
2022-12-08,4.224999904632568,4.300000190734863,4.170000076293945,4.298999786376953,6600
2022-12-09,4.25,4.300000190734863,4.25,4.300000190734863,6200
2022-12-12,4.25,4.550000190734863,4.059999942779541,4.059999942779541,40600
2022-12-13,4.28000020980835,4.449999809265137,4.210000038146973,4.300000190734863,19900
2022-12-14,4.369999885559082,4.409999847412109,4.2179999351501465,4.2179999351501465,7000
2022-12-15,4.309999942779541,4.420000076293945,4.230000019073486,4.409999847412109,14500
2022-12-16,3.809999942779541,4.389999866485596,3.799999952316284,4.389999866485596,75700
2022-12-19,3.9600000381469727,4.099999904632568,3.9549999237060542,3.9600000381469727,133400
2022-12-20,4.010000228881836,4.085999965667725,3.990000009536743,4.039999961853027,4200
2022-12-21,3.9800000190734863,4.090000152587891,3.9800000190734863,4.090000152587891,4000
2022-12-22,3.950000047683716,4.045000076293945,3.950000047683716,4.0,2800
2022-12-23,3.910000085830689,3.950000047683716,3.900000095367432,3.950000047683716,2000
2022-12-27,3.869999885559082,4.000999927520752,3.869999885559082,3.910000085830689,8000
2022-12-28,3.910000085830689,3.9189999103546143,3.7300000190734863,3.7300000190734863,9900
2022-12-29,3.75,3.869999885559082,3.6449999809265137,3.869999885559082,21200
2022-12-30,3.7300000190734863,3.75,3.640000104904175,3.640000104904175,6200
2023-01-03,3.609999895095825,3.9049999713897705,3.5,3.640000104904175,27200
2023-01-04,3.140000104904175,3.5,3.0,3.5,162700
2023-01-05,3.2200000286102295,3.4700000286102295,2.75,3.0,1487000
2023-01-06,3.194999933242798,3.2200000286102295,3.0899999141693115,3.2200000286102295,91600
2023-01-09,3.3499999046325684,3.440000057220459,3.200000047683716,3.2100000381469727,51900
2023-01-10,3.75,3.930000066757202,3.4000000953674316,3.4000000953674316,144800
2023-01-11,3.9200000762939458,4.039999961853027,3.75,3.7899999618530273,108700
2023-01-12,3.940000057220459,3.9800000190734863,3.799999952316284,3.813999891281128,72600
2023-01-13,3.930000066757202,4.090000152587891,3.839999914169311,3.849999904632568,62600
2023-01-17,3.900000095367432,3.9800000190734863,3.75,3.940000057220459,11800
2023-01-18,3.900000095367432,3.9719998836517334,3.900000095367432,3.900000095367432,18400
2023-01-19,3.809999942779541,3.930000066757202,3.700000047683716,3.890000104904175,6800
2023-01-20,3.819999933242798,3.890000104904175,3.660000085830689,3.799999952316284,25600
2023-01-23,3.799999952316284,4.034999847412109,3.799999952316284,3.880000114440918,7100
2023-01-24,3.8299999237060542,3.900000095367432,3.7799999713897705,3.7799999713897705,6500
2023-01-25,3.900000095367432,3.900000095367432,3.819999933242798,3.849999904632568,11800
2023-01-26,3.900000095367432,4.046000003814697,3.785000085830689,3.880000114440918,16400
2023-01-27,4.159999847412109,4.159999847412109,3.825000047683716,4.002999782562256,35300
2023-01-30,4.079999923706055,4.329999923706055,3.8010001182556152,4.199999809265137,78700
2023-01-31,4.130000114440918,4.150000095367432,3.973000049591065,4.099999904632568,75800
2023-02-01,4.295000076293945,4.349999904632568,4.139999866485596,4.179999828338623,28100
2023-02-02,4.559999942779541,4.639999866485596,4.300000190734863,4.300000190734863,63800
2023-02-03,4.75,4.75,4.550000190734863,4.559999942779541,61000
2023-02-06,4.75,4.889999866485596,4.565000057220459,4.75,57100
2023-02-07,4.900000095367432,4.949999809265137,4.559999942779541,4.559999942779541,90300
2023-02-08,4.989999771118164,5.050000190734863,4.860000133514404,5.0,71700
2023-02-09,5.059999942779541,5.139999866485596,4.849999904632568,4.989999771118164,34700
2023-02-10,4.75,5.019999980926514,4.619999885559082,4.989999771118164,143000
2023-02-13,4.71999979019165,4.769999980926514,4.5,4.679999828338623,39700
2023-02-14,4.679999828338623,4.78000020980835,4.605000019073486,4.735000133514404,129500
2023-02-15,4.75,4.920000076293945,4.604000091552734,4.679999828338623,33200
2023-02-16,4.75,4.829999923706055,4.699999809265137,4.829999923706055,16600
2023-02-17,4.78000020980835,4.928999900817871,4.699999809265137,4.699999809265137,27100
2023-02-21,4.75,4.840000152587891,4.619999885559082,4.809999942779541,38200
2023-02-22,4.75,4.800000190734863,4.619999885559082,4.690999984741211,35700
2023-02-23,4.75,4.760000228881836,4.679999828338623,4.75,31100
2023-02-24,4.670000076293945,4.739999771118164,4.510000228881836,4.739999771118164,18200
2023-02-27,4.75,4.78000020980835,4.599999904632568,4.630000114440918,70100
2023-02-28,4.659999847412109,4.75,4.630000114440918,4.630000114440918,21600
2023-03-01,4.670000076293945,4.909999847412109,4.519999980926514,4.78000020980835,108800
2023-03-02,4.599999904632568,4.820000171661377,4.539999961853027,4.820000171661377,16700
2023-03-03,4.630000114440918,4.699999809265137,4.53000020980835,4.53000020980835,40200
2023-03-06,4.599999904632568,4.670000076293945,4.53000020980835,4.565999984741211,124700
2023-03-07,4.53000020980835,4.590000152587891,4.349999904632568,4.590000152587891,33700
2023-03-08,4.659999847412109,4.659999847412109,4.422999858856201,4.5,13200
2023-03-09,4.579999923706055,4.659999847412109,4.400000095367432,4.659999847412109,8700
2023-03-10,4.550000190734863,4.659999847412109,4.440000057220459,4.519999980926514,58700
2023-03-13,4.400000095367432,4.630000114440918,4.28000020980835,4.630000114440918,38200
2023-03-14,4.840000152587891,4.989999771118164,4.46999979019165,4.474999904632568,42500
2023-03-15,5.150000095367432,5.289999961853027,4.664999961853027,4.840000152587891,143100
2023-03-16,5.25,5.380000114440918,5.21999979019165,5.25,91200
2023-03-17,5.25,5.449999809265137,5.110000133514404,5.309999942779541,168900
2023-03-20,5.159999847412109,5.300000190734863,5.059999942779541,5.25,101000
2023-03-21,4.96999979019165,5.329999923706055,4.888999938964844,5.130000114440918,170700
2023-03-22,4.699999809265137,5.050000190734863,4.630000114440918,4.900000095367432,46900
2023-03-23,4.599999904632568,4.699999809265137,4.5,4.610000133514404,39600
2023-03-24,4.630000114440918,4.6529998779296875,4.239999771118164,4.519999980926514,22300
2023-03-27,4.590000152587891,4.650000095367432,4.329999923706055,4.329999923706055,29700
2023-03-28,4.730000019073486,4.739999771118164,4.610000133514404,4.610000133514404,10900
2023-03-29,5.349999904632568,5.374000072479248,4.769999980926514,4.829999923706055,69900
2023-03-30,5.659999847412109,5.800000190734863,5.340000152587891,5.340000152587891,50300
2023-03-31,6.190000057220459,6.199999809265137,5.599999904632568,5.639999866485596,59700
2023-04-03,5.800000190734863,6.229000091552734,5.670000076293945,6.199999809265137,97700
2023-04-04,5.789999961853027,6.090000152587891,5.670000076293945,5.730000019073486,63400
2023-04-05,5.880000114440918,5.900000095367432,5.809999942779541,5.809999942779541,4200
2023-04-06,5.900000095367432,6.099999904632568,5.840000152587891,5.900000095367432,33600
2023-04-10,5.880000114440918,5.989999771118164,5.659999847412109,5.900000095367432,43600
2023-04-11,5.730000019073486,5.949999809265137,5.599999904632568,5.789999961853027,152500
2023-04-12,5.949999809265137,6.079999923706055,5.639999866485596,5.699999809265137,61800
2023-04-13,6.019999980926514,6.099999904632568,5.859000205993652,5.989999771118164,21500
2023-04-14,6.130000114440918,6.199999809265137,5.860000133514404,6.199999809265137,95600
2023-04-17,6.199999809265137,6.599999904632568,5.909999847412109,6.150000095367432,119200
2023-04-18,6.0,6.349999904632568,5.949999809265137,6.260000228881836,79900
2023-04-19,6.159999847412109,6.159999847412109,5.809999942779541,5.929999828338623,36900
2023-04-20,6.090000152587891,6.139999866485596,6.0,6.03000020980835,29600
2023-04-21,6.090000152587891,6.269999980926514,6.079999923706055,6.170000076293945,15400
2023-04-24,6.059999942779541,6.119999885559082,5.940000057220459,6.070000171661377,15600
2023-04-25,6.0,6.059999942779541,5.949999809265137,6.059999942779541,6300
2023-04-26,5.889999866485596,5.940000057220459,5.75,5.920000076293945,23700
2023-04-27,6.119999885559082,6.210000038146973,5.75,6.090000152587891,20800
2023-04-28,6.460000038146973,6.460000038146973,6.150000095367432,6.150000095367432,26000
2023-05-01,6.159999847412109,6.480000019073486,6.139999866485596,6.480000019073486,22700
2023-05-02,6.210000038146973,6.442999839782715,6.064000129699707,6.179999828338623,31600
2023-05-03,6.119999885559082,6.349999904632568,6.119999885559082,6.28000020980835,13900
2023-05-04,5.989999771118164,6.210000038146973,5.920000076293945,6.099999904632568,25800
2023-05-05,6.409999847412109,6.409999847412109,5.920000076293945,5.96999979019165,17800
2023-05-08,6.900000095367432,6.989999771118164,6.269999980926514,6.329999923706055,26400
2023-05-09,6.400000095367432,7.119999885559082,6.349999904632568,6.788000106811523,69100
2023-05-10,5.710000038146973,5.800000190734863,5.190000057220459,5.199999809265137,519500
2023-05-11,5.510000228881836,5.867000102996826,5.429999828338623,5.514999866485596,246100
2023-05-12,5.909999847412109,5.909999847412109,5.539999961853027,5.550000190734863,65000
2023-05-15,5.730000019073486,5.940999984741211,5.5,5.820000171661377,62700
2023-05-16,5.679999828338623,5.900000095367432,5.489999771118164,5.699999809265137,108400
2023-05-17,5.829999923706055,5.849999904632568,5.554999828338623,5.610000133514404,47400
2023-05-18,5.650000095367432,5.849999904632568,5.644999980926514,5.699999809265137,84000
2023-05-19,5.684999942779541,5.800000190734863,5.650000095367432,5.736999988555908,57500
2023-05-22,5.349999904632568,5.614999771118164,5.190000057220459,5.579999923706055,139200
2023-05-23,5.400000095367432,5.519999980926514,5.210000038146973,5.309999942779541,24900
2023-05-24,5.349999904632568,5.400000095367432,5.1570000648498535,5.380000114440918,17300
2023-05-25,5.269999980926514,5.400000095367432,5.150000095367432,5.369999885559082,64900
2023-05-26,5.400000095367432,5.46999979019165,5.251999855041504,5.329999923706055,42500
2023-05-30,5.559999942779541,5.829999923706055,5.550000190734863,5.670000076293945,20700
2023-05-31,5.46999979019165,5.75,5.454999923706055,5.75,17900
2023-06-01,5.389999866485596,5.53000020980835,5.150000095367432,5.474999904632568,24900
2023-06-02,5.690000057220459,5.789999961853027,5.480000019073486,5.480000019073486,51500
2023-06-05,5.639999866485596,5.949999809265137,5.510000228881836,5.510000228881836,142300
2023-06-06,5.840000152587891,5.980000019073486,5.559999942779541,5.559999942779541,63700
2023-06-07,5.679999828338623,5.936999797821045,5.679999828338623,5.789999961853027,63500
2023-06-08,5.480000019073486,5.78000020980835,5.349999904632568,5.78000020980835,74200
2023-06-09,5.539999961853027,5.715000152587891,5.349999904632568,5.409999847412109,89500
2023-06-12,5.630000114440918,5.78000020980835,5.519999980926514,5.519999980926514,176400
2023-06-13,5.610000133514404,5.75,5.5,5.75,84100
2023-06-14,5.599999904632568,5.849999904632568,5.46999979019165,5.650000095367432,245200
2023-06-15,5.679999828338623,5.860000133514404,5.550000190734863,5.625,163800
2023-06-16,5.949999809265137,6.010000228881836,5.559999942779541,5.679999828338623,680300
2023-06-20,6.070000171661377,6.264999866485596,5.840000152587891,5.849999904632568,240700
2023-06-21,6.190000057220459,6.5,6.03000020980835,6.070000171661377,131500
2023-06-22,6.400000095367432,6.400000095367432,6.164999961853027,6.329999923706055,125000
2023-06-23,6.559999942779541,6.599999904632568,6.25,6.489999771118164,1672800
2023-06-26,6.510000228881836,6.590000152587891,6.28000020980835,6.46999979019165,136500
2023-06-27,6.5,6.619999885559082,6.320000171661377,6.510000228881836,114700
2023-06-28,6.539999961853027,6.61899995803833,6.25,6.539999961853027,68200
2023-06-29,6.679999828338623,6.699999809265137,6.46999979019165,6.559999942779541,73900
2023-06-30,6.760000228881836,6.760000228881836,6.659999847412109,6.679999828338623,61100
2023-07-03,6.769999980926514,6.900000095367432,6.650000095367432,6.849999904632568,59600
2023-07-05,6.320000171661377,6.699999809265137,6.25,6.679999828338623,144900
2023-07-06,6.309999942779541,6.440000057220459,6.179999828338623,6.269999980926514,104600
2023-07-07,6.400000095367432,6.820000171661377,6.28000020980835,6.28000020980835,118200
2023-07-10,6.420000076293945,6.46999979019165,6.260000228881836,6.349999904632568,41000
2023-07-11,6.760000228881836,7.275000095367432,6.349999904632568,6.429999828338623,369500
2023-07-12,7.039999961853027,7.349999904632568,6.960000038146973,7.320000171661377,149600
2023-07-13,7.03000020980835,7.380000114440918,6.800000190734863,7.369999885559082,113700
2023-07-14,6.960000038146973,7.239999771118164,6.929999828338623,7.199999809265137,118300
2023-07-17,7.510000228881836,7.519999980926514,7.019999980926514,7.099999904632568,347900
2023-07-18,7.829999923706055,8.220000267028809,7.400000095367432,7.539999961853027,431400
2023-07-19,7.769999980926514,7.989999771118164,7.610000133514404,7.869999885559082,318100
2023-07-20,7.579999923706055,7.869999885559082,7.429999828338623,7.869999885559082,65200
2023-07-21,7.420000076293945,7.730999946594238,7.119999885559082,7.659999847412109,138900
2023-07-24,6.889999866485596,7.429999828338623,6.75,7.409999847412109,125800
2023-07-25,6.420000076293945,6.940000057220459,6.400000095367432,6.760000228881836,165000
2023-07-26,6.880000114440918,6.980000019073486,6.300000190734863,6.329999923706055,97200
2023-07-27,6.760000228881836,7.150000095367432,6.679999828338623,6.949999809265137,67200
2023-07-28,6.980000019073486,7.039999961853027,6.78000020980835,6.78000020980835,49500
2023-07-31,6.820000171661377,7.03000020980835,6.599999904632568,7.0,118100
2023-08-01,7.110000133514404,7.159999847412109,6.820000171661377,6.880000114440918,89500
2023-08-02,6.730000019073486,7.179999828338623,6.611999988555908,7.150000095367432,55300
2023-08-03,6.289999961853027,6.889999866485596,6.28000020980835,6.630000114440918,112200
2023-08-04,6.760000228881836,6.809999942779541,6.329999923706055,6.380000114440918,59400
2023-08-07,6.909999847412109,7.289999961853027,6.699999809265137,6.900000095367432,118300
2023-08-08,6.699999809265137,6.980000019073486,6.6620001792907715,6.980000019073486,46400
2023-08-09,6.550000190734863,6.679999828338623,6.510000228881836,6.670000076293945,34500
2023-08-10,6.480000019073486,6.614999771118164,6.289999961853027,6.599999904632568,120300
2023-08-11,5.610000133514404,5.78000020980835,5.300000190734863,5.420000076293945,1141600
2023-08-14,5.40500020980835,5.599999904632568,5.159999847412109,5.599999904632568,270100
2023-08-15,5.110000133514404,5.488999843597412,4.96999979019165,5.400000095367432,226900
2023-08-16,5.170000076293945,5.25,4.960000038146973,5.079999923706055,153200
2023-08-17,4.960000038146973,5.170000076293945,4.849999904632568,5.170000076293945,126400
2023-08-18,4.730000019073486,4.949999809265137,4.480000019073486,4.889999866485596,512300
2023-08-21,4.960000038146973,4.989999771118164,4.599999904632568,4.599999904632568,183000
2023-08-22,4.989999771118164,5.070000171661377,4.849999904632568,4.869999885559082,109400
2023-08-23,4.940000057220459,5.050000190734863,4.809999942779541,5.0,84100
2023-08-24,4.78000020980835,5.03000020980835,4.739999771118164,4.909999847412109,98300
2023-08-25,4.889999866485596,5.0,4.75,4.789999961853027,76300
2023-08-28,4.960000038146973,4.985000133514404,4.880000114440918,4.940000057220459,75800
2023-08-29,5.03000020980835,5.079999923706055,4.934999942779541,4.949999809265137,169900
2023-08-30,4.929999828338623,5.039999961853027,4.78000020980835,5.039999961853027,136700
2023-08-31,4.940000057220459,5.070000171661377,4.929999828338623,4.949999809265137,183500
2023-09-01,4.949999809265137,5.0,4.909999847412109,4.989999771118164,77500
2023-09-05,5.019999980926514,5.105000019073486,4.940000057220459,4.940000057220459,161700
2023-09-06,5.010000228881836,5.130000114440918,4.949999809265137,5.0,94600
2023-09-07,5.019999980926514,5.159999847412109,4.96999979019165,5.0,148600
2023-09-08,5.0,5.0960001945495605,4.920000076293945,5.0,127300
2023-09-11,4.909999847412109,5.054999828338623,4.880000114440918,5.019999980926514,136200
2023-09-12,5.0,5.099999904632568,4.900000095367432,4.900000095367432,383900
2023-09-13,5.0,5.159999847412109,4.949999809265137,5.0,263800
2023-09-14,5.170000076293945,5.199999809265137,5.03000020980835,5.03000020980835,57800
2023-09-15,5.25,5.329999923706055,5.090000152587891,5.159999847412109,196900
2023-09-18,5.25,5.349999904632568,5.090000152587891,5.349999904632568,86000
2023-09-19,5.28000020980835,5.315000057220459,5.074999809265137,5.25,60500
2023-09-20,5.269999980926514,5.489999771118164,5.230999946594238,5.28000020980835,139300
2023-09-21,5.340000152587891,5.460000038146973,5.119999885559082,5.25,126000
2023-09-22,5.25,5.340000152587891,5.230000019073486,5.340000152587891,29200
2023-09-25,5.489999771118164,5.519999980926514,5.199999809265137,5.25,157400
2023-09-26,5.480000019073486,5.579999923706055,5.449999809265137,5.489999771118164,48300
2023-09-27,5.369999885559082,5.539999961853027,5.289999961853027,5.5,79900
2023-09-28,5.28000020980835,5.320000171661377,5.210000038146973,5.25,27900
2023-09-29,5.119999885559082,5.199999809265137,5.090000152587891,5.159999847412109,42800
2023-10-02,5.0,5.079999923706055,4.985000133514404,5.079999923706055,92700
2023-10-03,5.070000171661377,5.130000114440918,4.96999979019165,5.0,50400
2023-10-04,5.079999923706055,5.340000152587891,5.014999866485596,5.224999904632568,40200
2023-10-05,5.420000076293945,5.460000038146973,5.144000053405762,5.239999771118164,79200
2023-10-06,5.449999809265137,5.514999866485596,5.409999847412109,5.510000228881836,33500
2023-10-09,5.340000152587891,5.519999980926514,5.295000076293945,5.409999847412109,27300
2023-10-10,5.400000095367432,5.5,5.243000030517578,5.243000030517578,54000
2023-10-11,5.269999980926514,5.429999828338623,5.150000095367432,5.409999847412109,41600
2023-10-12,5.170000076293945,5.300000190734863,5.090000152587891,5.289999961853027,46600
2023-10-13,5.21999979019165,5.25,5.079999923706055,5.25,38500
2023-10-16,5.210000038146973,5.307000160217285,5.099999904632568,5.159999847412109,67400
2023-10-17,5.380000114440918,5.440000057220459,5.210000038146973,5.239999771118164,54000
2023-10-18,5.269999980926514,5.304999828338623,5.199999809265137,5.269999980926514,43900
2023-10-19,5.170000076293945,5.320000171661377,5.144999980926514,5.320000171661377,33600
2023-10-20,5.119999885559082,5.309999942779541,5.085000038146973,5.090000152587891,43300
2023-10-23,5.0,5.179999828338623,4.960000038146973,5.179999828338623,92000
2023-10-24,5.190000057220459,5.300000190734863,4.949999809265137,5.059999942779541,81600
2023-10-25,5.159999847412109,5.434000015258789,5.119999885559082,5.190000057220459,35500
2023-10-26,5.170000076293945,5.28000020980835,5.119999885559082,5.150000095367432,34400
2023-10-27,5.110000133514404,5.360000133514404,5.079999923706055,5.185999870300293,24100
2023-10-30,5.230000019073486,5.295000076293945,5.110000133514404,5.179999828338623,27800
2023-10-31,5.329999923706055,5.335000038146973,5.079999923706055,5.159999847412109,37500
2023-11-01,5.329999923706055,5.5,5.28000020980835,5.349999904632568,18800
2023-11-02,5.420000076293945,5.460000038146973,5.339000225067139,5.339000225067139,51100
2023-11-03,5.599999904632568,5.690000057220459,5.3979997634887695,5.5,79800
2023-11-06,5.550000190734863,5.679999828338623,5.550000190734863,5.579999923706055,30300
2023-11-07,5.809999942779541,5.809999942779541,5.599999904632568,5.690000057220459,120600
2023-11-08,4.429999828338623,5.5,4.329999923706055,5.5,392600
2023-11-09,4.5,4.59499979019165,4.400000095367432,4.460000038146973,191800
2023-11-10,4.53000020980835,4.960000038146973,4.480000019073486,4.53000020980835,319100
2023-11-13,4.840000152587891,4.869999885559082,4.485000133514404,4.619999885559082,97300
2023-11-14,4.989999771118164,5.099999904632568,4.849999904632568,5.079999923706055,56700
2023-11-15,4.809999942779541,5.179999828338623,4.739999771118164,4.980000019073486,59400
2023-11-16,4.849999904632568,4.948999881744385,4.699999809265137,4.760000228881836,40800
2023-11-17,4.96999979019165,4.989999771118164,4.869999885559082,4.869999885559082,67000
2023-11-20,5.059999942779541,5.239999771118164,4.980000019073486,4.980000019073486,51200
2023-11-21,5.099999904632568,5.190000057220459,4.980000019073486,5.050000190734863,36300
2023-11-22,5.159999847412109,5.224999904632568,5.099999904632568,5.099999904632568,34700
2023-11-24,5.239999771118164,5.300000190734863,5.179999828338623,5.179999828338623,22400
2023-11-27,5.099999904632568,5.210000038146973,5.019999980926514,5.210000038146973,41200
2023-11-28,5.039999961853027,5.159999847412109,5.039999961853027,5.050000190734863,26300
2023-11-29,5.019999980926514,5.130000114440918,4.929999828338623,5.090000152587891,37900
2023-11-30,4.989999771118164,5.045000076293945,4.949999809265137,5.039999961853027,30100
2023-12-01,4.920000076293945,5.0,4.800000190734863,5.0,71300
2023-12-04,5.369999885559082,5.429999828338623,4.954999923706055,5.070000171661377,109400
2023-12-05,5.480000019073486,5.545000076293945,5.289999961853027,5.289999961853027,104200
2023-12-06,5.389999866485596,5.5,5.289999961853027,5.5,56900
2023-12-07,5.5,5.5,5.369999885559082,5.413000106811523,71100
2023-12-08,5.460000038146973,5.630000114440918,5.440000057220459,5.5,44800
2023-12-11,5.440000057220459,5.599999904632568,5.349999904632568,5.539999961853027,66700
2023-12-12,5.239999771118164,5.5,5.090000152587891,5.5,60600
2023-12-13,5.25,5.400000095367432,5.130000114440918,5.28000020980835,161800
2023-12-14,5.090000152587891,5.389999866485596,5.059999942779541,5.329999923706055,93600
2023-12-15,5.099999904632568,5.28000020980835,5.010000228881836,5.199999809265137,996400
2023-12-18,5.150000095367432,5.215000152587891,5.099999904632568,5.099999904632568,85800
2023-12-19,5.03000020980835,5.215000152587891,5.010000228881836,5.159999847412109,59700
2023-12-20,5.050000190734863,5.170000076293945,5.039999961853027,5.050000190734863,36300
2023-12-21,5.050000190734863,5.090000152587891,5.019999980926514,5.079999923706055,43900
2023-12-22,5.039999961853027,5.079999923706055,4.96999979019165,5.050000190734863,77200
2023-12-26,5.079999923706055,5.150000095367432,5.0,5.079999923706055,110700
2023-12-27,5.03000020980835,5.139999866485596,5.010000228881836,5.079999923706055,58500
2023-12-28,5.019999980926514,5.107999801635742,5.019999980926514,5.079999923706055,56400
2023-12-29,4.940000057220459,5.019999980926514,4.809999942779541,5.019999980926514,126600
2024-01-02,4.730000019073486,5.044000148773193,4.699999809265137,4.920000076293945,114000
2024-01-03,4.650000095367432,4.71999979019165,4.619999885559082,4.699999809265137,55900
2024-01-04,4.5,4.664999961853027,4.480000019073486,4.639999866485596,105600
2024-01-05,4.619999885559082,4.690000057220459,4.420000076293945,4.5,137500
2024-01-08,4.889999866485596,4.945000171661377,4.638999938964844,4.710000038146973,45800
2024-01-09,4.710000038146973,5.091000080108643,4.710000038146973,4.829999923706055,31600
2024-01-10,4.650000095367432,4.829999923706055,4.570000171661377,4.699999809265137,30900
2024-01-11,4.510000228881836,4.765999794006348,4.494999885559082,4.619999885559082,43000
2024-01-12,4.53000020980835,4.679999828338623,4.429999828338623,4.480000019073486,210400
2024-01-16,4.610000133514404,4.78000020980835,4.578000068664551,4.619999885559082,29900
2024-01-17,4.630000114440918,4.71999979019165,4.5,4.579999923706055,69500
2024-01-18,4.0,4.400000095367432,4.0,4.269999980926514,174900
2024-01-19,3.930000066757202,4.21999979019165,3.880000114440918,4.21999979019165,67500
2024-01-22,3.7899999618530273,4.039999961853027,3.6700000762939458,3.9600000381469727,169200
2024-01-23,3.7899999618530273,3.7899999618530273,3.6540000438690186,3.7799999713897705,37200
2024-01-24,3.839999914169311,3.990000009536743,3.7899999618530273,3.819999933242798,27900
2024-01-25,3.869999885559082,3.885999917984009,3.7899999618530273,3.839999914169311,29700
2024-01-26,4.0,4.099999904632568,3.880000114440918,4.099999904632568,84500
2024-01-29,4.0,4.079999923706055,3.819999933242798,4.0,36900
2024-01-30,3.940000057220459,4.0370001792907715,3.869999885559082,4.0,36800
2024-01-31,3.7899999618530273,3.9800000190734863,3.7899999618530273,3.9800000190734863,66200
2024-02-01,4.0,4.170000076293945,3.9200000762939458,4.144999980926514,106200
2024-02-02,3.940000057220459,4.010000228881836,3.809999942779541,4.010000228881836,27000
2024-02-05,4.050000190734863,4.289999961853027,3.900000095367432,3.950000047683716,73300
2024-02-06,4.050000190734863,4.340000152587891,3.9200000762939458,4.03000020980835,71900
2024-02-07,3.9800000190734863,4.070000171661377,3.950000047683716,4.050000190734863,56300
2024-02-08,3.9700000286102295,4.070000171661377,3.950000047683716,4.010000228881836,42600
2024-02-09,3.990000009536743,4.076000213623047,3.930000066757202,4.010000228881836,71300
2024-02-12,4.690000057220459,5.236000061035156,3.990000009536743,4.010000228881836,360300
2024-02-13,4.199999809265137,4.638000011444092,3.9600000381469727,4.409999847412109,128500
2024-02-14,4.659999847412109,4.980000019073486,4.400000095367432,4.420000076293945,115200
2024-02-15,4.659999847412109,4.800000190734863,4.519999980926514,4.599999904632568,99500
2024-02-16,4.679999828338623,4.860000133514404,4.610000133514404,4.659999847412109,88300
2024-02-20,4.630000114440918,4.900000095367432,4.570000171661377,4.659999847412109,89000
2024-02-21,4.960000038146973,5.920000076293945,4.849999904632568,5.010000228881836,259100
2024-02-22,5.489999771118164,5.519999980926514,5.03000020980835,5.199999809265137,96600
2024-02-23,6.050000190734863,6.610000133514404,5.341000080108643,5.460000038146973,212900
2024-02-26,5.590000152587891,6.510000228881836,5.539999961853027,6.110000133514404,156800
2024-02-27,6.25,6.46999979019165,5.550000190734863,5.78000020980835,101100
2024-02-28,5.889999866485596,6.300000190734863,5.869999885559082,6.079999923706055,90900
2024-02-29,5.949999809265137,6.269999980926514,5.860000133514404,5.880000114440918,144200
2024-03-01,5.840000152587891,6.204999923706055,5.78000020980835,5.960000038146973,91500
2024-03-04,5.510000228881836,6.054999828338623,5.420000076293945,5.789999961853027,118100
2024-03-05,5.690000057220459,5.927999973297119,5.46999979019165,5.5,85600
2024-03-06,5.730000019073486,5.960999965667725,5.449999809265137,5.679999828338623,96800
2024-03-07,6.03000020980835,6.159999847412109,5.699999809265137,5.730000019073486,78700
2024-03-08,5.639999866485596,6.079999923706055,5.554999828338623,6.079999923706055,100200
2024-03-11,5.440000057220459,5.909999847412109,5.409999847412109,5.650000095367432,104000
2024-03-12,5.300000190734863,5.590000152587891,5.289999961853027,5.309999942779541,141900
2024-03-13,6.090000152587891,6.75,5.831999778747559,6.130000114440918,289000
2024-03-14,6.210000038146973,6.480000019073486,6.0,6.090000152587891,142100
2024-03-15,6.909999847412109,6.909999847412109,6.010000228881836,6.110000133514404,324700
2024-03-18,6.659999847412109,7.5,6.610000133514404,7.28000020980835,248700
2024-03-19,6.380000114440918,7.0,6.320000171661377,6.510000228881836,161000
2024-03-20,6.400000095367432,6.699999809265137,6.360000133514404,6.570000171661377,95500
2024-03-21,6.260000228881836,6.519999980926514,6.210000038146973,6.449999809265137,83500
2024-03-22,6.300000190734863,6.400000095367432,6.210000038146973,6.289999961853027,54000
2024-03-25,6.019999980926514,6.218999862670898,5.920000076293945,6.179999828338623,173100
2024-03-26,5.900000095367432,6.159999847412109,5.889999866485596,5.989999771118164,128100
2024-03-27,5.869999885559082,5.960000038146973,5.71999979019165,5.900000095367432,151000
2024-03-28,5.800000190734863,6.133999824523926,5.789999961853027,5.989999771118164,170900
2024-04-01,5.71999979019165,5.880000114440918,5.630000114440918,5.860000133514404,206200
2024-04-02,5.769999980926514,5.960000038146973,5.550000190734863,5.550000190734863,127800
2024-04-03,5.900000095367432,5.96999979019165,5.639999866485596,5.769999980926514,143300
2024-04-04,5.75,5.96999979019165,5.75,5.920000076293945,105600
2024-04-05,5.880000114440918,5.96999979019165,5.78000020980835,5.820000171661377,164300
2024-04-08,5.929999828338623,5.96999979019165,5.75,5.900000095367432,110800
2024-04-09,6.070000171661377,6.119999885559082,5.929999828338623,5.949999809265137,218300
2024-04-10,5.949999809265137,6.110000133514404,5.809999942779541,5.96999979019165,42400
2024-04-11,5.989999771118164,6.21999979019165,5.900000095367432,6.0,69000
2024-04-12,6.019999980926514,6.178999900817871,5.869999885559082,5.920000076293945,54500
2024-04-15,5.889999866485596,5.96999979019165,5.820000171661377,5.929999828338623,71700
2024-04-16,5.710000038146973,5.934999942779541,5.679999828338623,5.849999904632568,61600
2024-04-17,5.519999980926514,5.690000057220459,5.510000228881836,5.690000057220459,63100
2024-04-18,5.440000057220459,5.614999771118164,5.300000190734863,5.53000020980835,69900
2024-04-19,5.539999961853027,5.610000133514404,5.400000095367432,5.420000076293945,88100
2024-04-22,5.550000190734863,5.599999904632568,5.46999979019165,5.599999904632568,63400
2024-04-23,5.570000171661377,5.800000190734863,5.480000019073486,5.480000019073486,54100
2024-04-24,5.590000152587891,5.623000144958496,5.514999866485596,5.579999923706055,21000
2024-04-25,5.579999923706055,5.690000057220459,5.46999979019165,5.590000152587891,42000
2024-04-26,5.519999980926514,5.730000019073486,5.400000095367432,5.559999942779541,68900
2024-04-29,5.480000019073486,5.635000228881836,5.394999980926514,5.599999904632568,65800
2024-04-30,5.510000228881836,5.699999809265137,5.480000019073486,5.489999771118164,37500
2024-05-01,5.650000095367432,5.699999809265137,5.454999923706055,5.539999961853027,99000
2024-05-02,5.78000020980835,5.789000034332275,5.519999980926514,5.659999847412109,59900
2024-05-03,6.010000228881836,6.090000152587891,5.710000038146973,5.860000133514404,44800
2024-05-06,6.059999942779541,6.184999942779541,5.920000076293945,6.019999980926514,69100
2024-05-07,5.769999980926514,6.25,5.730000019073486,6.130000114440918,108300
2024-05-08,6.070000171661377,6.119999885559082,5.590000152587891,5.880000114440918,131700
2024-05-09,6.25,6.5,6.150000095367432,6.179999828338623,283500
2024-05-10,6.119999885559082,6.449999809265137,6.090000152587891,6.25,119300
2024-05-13,6.010000228881836,6.210000038146973,5.940000057220459,6.179999828338623,99000
2024-05-14,5.949999809265137,6.090000152587891,5.900000095367432,5.949999809265137,76500
2024-05-15,5.829999923706055,6.03000020980835,5.820000171661377,6.03000020980835,44000
2024-05-16,5.840000152587891,5.900000095367432,5.75,5.889999866485596,100700
2024-05-17,5.75,5.940000057220459,5.75,5.869999885559082,55300
2024-05-20,5.639999866485596,5.849999904632568,5.150000095367432,5.369999885559082,417200
2024-05-21,5.570000171661377,5.670000076293945,5.46999979019165,5.539999961853027,122700
2024-05-22,5.829999923706055,5.860000133514404,5.570000171661377,5.579999923706055,59500
2024-05-23,5.900000095367432,6.010000228881836,5.760000228881836,5.829999923706055,147600
2024-05-24,6.349999904632568,6.550000190734863,5.96999979019165,5.980000019073486,201900
2024-05-28,6.590000152587891,6.71999979019165,6.369999885559082,6.369999885559082,259400
2024-05-29,6.71999979019165,6.75,6.400000095367432,6.46999979019165,289100
2024-05-30,6.559999942779541,6.789999961853027,6.539999961853027,6.679999828338623,120000
2024-05-31,6.659999847412109,6.739999771118164,6.320000171661377,6.590000152587891,289200
2024-06-03,6.699999809265137,6.710000038146973,6.510000228881836,6.699999809265137,178800
2024-06-04,6.690000057220459,6.730000019073486,6.630000114440918,6.690000057220459,162900
2024-06-05,6.690000057220459,6.71999979019165,6.630000114440918,6.699999809265137,186000
2024-06-06,6.730000019073486,6.849999904632568,6.670000076293945,6.670000076293945,374700
2024-06-07,6.690000057220459,6.710000038146973,6.489999771118164,6.699999809265137,145900
2024-06-10,6.440000057220459,6.730000019073486,6.139999866485596,6.699999809265137,198700
2024-06-11,6.21999979019165,6.440000057220459,6.179999828338623,6.409999847412109,78200
2024-06-12,6.630000114440918,6.639999866485596,6.309999942779541,6.309999942779541,101100
2024-06-13,6.650000095367432,6.699999809265137,6.539999961853027,6.610000133514404,67700
2024-06-14,6.380000114440918,6.650000095367432,6.320000171661377,6.639999866485596,58600
2024-06-17,6.650000095367432,6.659999847412109,6.369999885559082,6.369999885559082,75300
2024-06-18,6.550000190734863,6.670000076293945,6.0,6.650000095367432,1654900
2024-06-20,6.610000133514404,6.651000022888184,6.400000095367432,6.53000020980835,112800
2024-06-21,7.300000190734863,7.705999851226807,6.639999866485596,6.639999866485596,853800
2024-06-24,7.349999904632568,7.400000095367432,7.099999904632568,7.400000095367432,303500
2024-06-25,7.230000019073486,7.590000152587891,7.190000057220459,7.329999923706055,153500
2024-06-26,7.449999809265137,7.46999979019165,7.114999771118164,7.21999979019165,144800
2024-06-27,7.389999866485596,7.559999942779541,7.260000228881836,7.389999866485596,166200
2024-06-28,7.46999979019165,7.550000190734863,7.320000171661377,7.480000019073486,2057100
2024-07-01,7.400000095367432,7.539999961853027,7.340000152587891,7.53000020980835,151900
2024-07-02,7.650000095367432,7.880000114440918,7.28000020980835,7.400000095367432,236300
2024-07-03,7.400000095367432,7.670000076293945,7.380000114440918,7.650000095367432,60400
2024-07-05,7.389999866485596,7.5,7.170000076293945,7.230000019073486,177900
2024-07-08,7.389999866485596,7.599999904632568,7.380000114440918,7.440000057220459,213900
2024-07-09,7.800000190734863,7.860000133514404,7.392000198364258,7.420000076293945,294000
2024-07-10,7.800000190734863,7.916999816894531,7.690000057220459,7.869999885559082,172700
2024-07-11,8.0,8.100000381469727,7.75,7.78000020980835,491300
2024-07-12,8.100000381469727,8.289999961853027,7.96999979019165,8.0,400100
2024-07-15,8.210000038146973,8.3100004196167,8.100000381469727,8.100000381469727,296200
2024-07-16,8.359999656677246,8.4399995803833,8.25,8.380000114440918,298300
2024-07-17,8.25,8.430000305175781,8.130000114440918,8.359999656677246,153300
2024-07-18,7.840000152587891,8.345000267028809,7.820000171661377,8.25,123500
2024-07-19,7.829999923706055,7.949999809265137,7.699999809265137,7.860000133514404,106000
2024-07-22,8.029999732971191,8.100000381469727,7.739999771118164,7.889999866485596,218600
2024-07-23,7.96999979019165,8.069999694824219,7.909999847412109,8.010000228881836,100200
2024-07-24,7.739999771118164,7.960000038146973,7.730999946594238,7.900000095367432,111400
2024-07-25,7.869999885559082,8.0,7.690000057220459,7.769999980926514,169300
2024-07-26,7.989999771118164,8.0600004196167,7.829999923706055,7.960000038146973,185800
2024-07-29,7.989999771118164,8.020000457763672,7.842999935150147,8.0,156900
2024-07-30,7.78000020980835,8.020000457763672,7.550000190734863,8.020000457763672,276000
2024-07-31,7.929999828338623,8.029999732971191,7.806000232696533,7.849999904632568,92900
2024-08-01,7.480000019073486,7.949999809265137,7.380000114440918,7.949999809265137,152700
2024-08-02,7.139999866485596,7.340000152587891,7.110000133514404,7.230000019073486,182300
2024-08-05,6.820000171661377,6.920000076293945,6.599999904632568,6.829999923706055,161900
2024-08-06,7.010000228881836,7.050000190734863,6.769999980926514,6.820000171661377,158100
2024-08-07,6.96999979019165,7.119999885559082,6.880000114440918,7.119999885559082,200800
2024-08-08,6.769999980926514,7.25,6.704999923706055,7.079999923706055,110300
2024-08-09,5.489999771118164,6.670000076293945,5.25,6.670000076293945,477300
2024-08-12,5.329999923706055,5.460000038146973,5.159999847412109,5.380000114440918,620100
2024-08-13,5.730000019073486,5.75,5.255000114440918,5.300000190734863,318700
2024-08-14,5.889999866485596,5.914999961853027,5.559999942779541,5.730000019073486,214900
2024-08-15,6.050000190734863,6.159999847412109,5.949999809265137,6.019999980926514,91600
2024-08-16,5.789999961853027,6.050000190734863,5.739999771118164,6.050000190734863,283000
2024-08-19,5.96999979019165,5.989999771118164,5.75,5.909999847412109,147000
2024-08-20,5.619999885559082,6.010000228881836,5.590000152587891,5.980000019073486,116300
2024-08-21,5.75,5.785999774932861,5.420000076293945,5.610000133514404,122800
2024-08-22,5.75,5.795000076293945,5.519999980926514,5.519999980926514,205800
2024-08-23,5.960000038146973,6.019999980926514,5.800000190734863,5.800000190734863,96200
2024-08-26,6.130000114440918,6.139999866485596,6.019999980926514,6.019999980926514,237000
2024-08-27,6.039999961853027,6.190000057220459,6.014999866485596,6.090000152587891,165200
2024-08-28,6.099999904632568,6.159999847412109,6.0,6.03000020980835,252500
2024-08-29,6.25,6.289999961853027,6.139999866485596,6.170000076293945,147800
2024-08-30,6.28000020980835,6.28000020980835,6.195000171661377,6.25,110100
2024-09-03,5.989999771118164,6.300000190734863,5.96999979019165,6.179999828338623,97600
2024-09-04,6.099999904632568,6.210000038146973,5.920000076293945,5.96999979019165,163900
2024-09-05,6.239999771118164,6.25,5.980000019073486,6.110000133514404,129000
2024-09-06,6.230000019073486,6.320000171661377,6.130000114440918,6.210000038146973,172400
2024-09-09,6.179999828338623,6.389999866485596,6.125,6.230000019073486,249400
2024-09-10,5.789999961853027,6.170000076293945,5.699999809265137,6.170000076293945,227100
2024-09-11,5.96999979019165,5.988999843597412,5.75,5.78000020980835,93500
2024-09-12,5.730000019073486,6.039999961853027,5.690000057220459,6.0,267500
2024-09-13,5.860000133514404,5.940000057220459,5.730000019073486,5.800000190734863,124100
2024-09-16,5.909999847412109,5.96999979019165,5.619999885559082,5.880000114440918,165900
2024-09-17,6.019999980926514,6.085000038146973,5.889999866485596,5.980000019073486,160700
2024-09-18,5.880000114440918,6.039999961853027,5.75,5.75,143300
2024-09-19,6.110000133514404,6.215000152587891,5.920000076293945,5.989999771118164,208400
2024-09-20,6.03000020980835,6.130000114440918,5.940000057220459,6.130000114440918,602400
2024-09-23,6.010000228881836,6.130000114440918,5.940000057220459,6.039999961853027,495000
2024-09-24,5.800000190734863,6.03000020980835,5.800000190734863,6.03000020980835,137300
2024-09-25,5.480000019073486,5.820000171661377,5.460000038146973,5.800000190734863,155300
2024-09-26,5.449999809265137,5.570000171661377,5.320000171661377,5.570000171661377,92100
2024-09-27,5.670000076293945,5.75,5.5,5.5,100100
2024-09-30,5.579999923706055,5.730000019073486,5.505000114440918,5.619999885559082,60700
2024-10-01,5.480000019073486,5.610000133514404,5.440000057220459,5.579999923706055,92300
2024-10-02,5.21999979019165,5.46999979019165,5.21999979019165,5.429999828338623,118100
2024-10-03,5.0,5.224999904632568,4.96999979019165,5.199999809265137,107500
2024-10-04,5.130000114440918,5.210000038146973,4.934999942779541,5.079999923706055,166600
2024-10-07,5.130000114440918,5.28000020980835,5.079999923706055,5.130000114440918,97500
2024-10-08,5.210000038146973,5.300000190734863,5.099999904632568,5.199999809265137,140700
2024-10-09,5.260000228881836,5.320000171661377,5.160999774932861,5.210000038146973,74700
2024-10-10,5.170000076293945,5.210000038146973,5.139999866485596,5.190000057220459,189100
2024-10-11,5.260000228881836,5.269999980926514,5.09499979019165,5.159999847412109,399300
2024-10-14,5.199999809265137,5.329999923706055,5.175000190734863,5.260000228881836,37400
2024-10-15,5.360000133514404,5.414999961853027,5.159999847412109,5.159999847412109,55500
2024-10-16,5.449999809265137,5.460000038146973,5.389999866485596,5.400000095367432,73800
2024-10-17,5.320000171661377,5.460000038146973,5.304999828338623,5.460000038146973,46900
2024-10-18,5.320000171661377,5.489999771118164,5.300000190734863,5.349999904632568,103600
2024-10-21,5.170000076293945,5.360000133514404,5.170000076293945,5.360000133514404,57200
2024-10-22,5.199999809265137,5.260000228881836,5.150000095367432,5.179999828338623,114300
2024-10-23,5.199999809265137,5.21999979019165,5.119999885559082,5.159999847412109,49600
2024-10-24,5.019999980926514,5.190000057220459,5.005000114440918,5.190000057220459,97700
2024-10-25,5.130000114440918,5.195000171661377,5.019999980926514,5.019999980926514,97200
2024-10-28,5.239999771118164,5.320000171661377,5.139999866485596,5.139999866485596,44700
2024-10-29,5.230000019073486,5.360000133514404,5.210000038146973,5.239999771118164,104700
2024-10-30,5.119999885559082,5.28000020980835,5.099999904632568,5.21999979019165,46000
2024-10-31,5.099999904632568,5.159999847412109,5.019999980926514,5.119999885559082,102300
2024-11-01,5.230000019073486,5.239999771118164,5.130000114440918,5.130000114440918,71100
2024-11-04,5.170000076293945,5.369999885559082,5.1519999504089355,5.21999979019165,77100
2024-11-05,5.21999979019165,5.269999980926514,5.119999885559082,5.199999809265137,77300
2024-11-06,5.590000152587891,5.78000020980835,5.480000019073486,5.559999942779541,167800
2024-11-07,5.650000095367432,5.71999979019165,5.579999923706055,5.579999923706055,106500
2024-11-08,5.559999942779541,5.730000019073486,5.539999961853027,5.619999885559082,96800
2024-11-11,5.75,5.78000020980835,5.525000095367432,5.550000190734863,134100
2024-11-12,5.519999980926514,5.784999847412109,5.514999866485596,5.71999979019165,139100
2024-11-13,6.71999979019165,6.889999866485596,5.25,5.900000095367432,678500
2024-11-14,6.570000171661377,6.829999923706055,6.400000095367432,6.570000171661377,231800
2024-11-15,5.389999866485596,6.620999813079834,5.260000228881836,6.590000152587891,484500
2024-11-18,6.159999847412109,6.21999979019165,5.440000057220459,5.440000057220459,364100
2024-11-19,6.090000152587891,6.125,5.980000019073486,6.090000152587891,180100
2024-11-20,6.059999942779541,6.119999885559082,5.849999904632568,6.090000152587891,127900
2024-11-21,6.139999866485596,6.150000095367432,5.789999961853027,6.099999904632568,147200
2024-11-22,5.980000019073486,6.255000114440918,5.940000057220459,6.159999847412109,308900
2024-11-25,6.340000152587891,6.5,5.989999771118164,5.989999771118164,258400
2024-11-26,6.690000057220459,6.710000038146973,6.25,6.360000133514404,180200
2024-11-27,6.679999828338623,6.78000020980835,6.519999980926514,6.739999771118164,110100
2024-11-29,6.610000133514404,6.699999809265137,6.519999980926514,6.570000171661377,41700
2024-12-02,6.929999828338623,6.980000019073486,6.570000171661377,6.570000171661377,147000
2024-12-03,6.630000114440918,6.960000038146973,6.559999942779541,6.960000038146973,159900
2024-12-04,6.590000152587891,6.650000095367432,6.389999866485596,6.630000114440918,99400
2024-12-05,6.420000076293945,6.599999904632568,6.329999923706055,6.599999904632568,99500
2024-12-06,6.429999828338623,6.480000019073486,6.309999942779541,6.460000038146973,76500
2024-12-09,6.670000076293945,6.78000020980835,6.400000095367432,6.46999979019165,168800
2024-12-10,6.75,6.900000095367432,6.579999923706055,6.71999979019165,150400
2024-12-11,6.670000076293945,6.775000095367432,6.599999904632568,6.75,87200
2024-12-12,6.539999961853027,6.679999828338623,6.53000020980835,6.619999885559082,70500
2024-12-13,6.369999885559082,6.550000190734863,6.210000038146973,6.550000190734863,58700
2024-12-16,6.389999866485596,6.699999809265137,6.389999866485596,6.650000095367432,236300
2024-12-17,6.349999904632568,6.519999980926514,6.25,6.429999828338623,90900
2024-12-18,6.179999828338623,6.599999904632568,6.0879998207092285,6.409999847412109,229700
2024-12-19,5.760000228881836,6.170000076293945,5.75,6.170000076293945,138800
2024-12-20,6.099999904632568,6.150000095367432,5.699999809265137,5.699999809265137,340300
2024-12-23,5.789999961853027,6.179999828338623,5.75,6.179999828338623,90300
2024-12-24,5.960000038146973,5.960000038146973,5.679999828338623,5.789999961853027,31300
2024-12-26,6.170000076293945,6.190000057220459,5.84499979019165,5.909999847412109,72100
2024-12-27,5.989999771118164,6.210000038146973,5.820000171661377,6.210000038146973,65600
2024-12-30,5.909999847412109,5.960000038146973,5.757999897003174,5.960000038146973,53500
2024-12-31,6.179999828338623,6.320000171661377,5.880000114440918,5.880000114440918,162100
2025-01-02,6.03000020980835,6.360000133514404,6.0,6.179999828338623,91400
2025-01-03,6.199999809265137,6.300000190734863,6.0,6.0,113800
2025-01-06,6.099999904632568,6.25,6.045000076293945,6.199999809265137,75900
2025-01-07,5.920000076293945,6.119999885559082,5.829999923706055,6.119999885559082,85500
2025-01-08,5.889999866485596,5.929999828338623,5.610000133514404,5.929999828338623,64300
2025-01-10,5.650000095367432,5.889999866485596,5.559999942779541,5.889999866485596,103300
2025-01-13,5.539999961853027,5.620999813079834,5.460000038146973,5.510000228881836,72600
2025-01-14,5.670000076293945,5.715000152587891,5.5,5.650000095367432,76700
2025-01-15,5.940000057220459,5.940000057220459,5.760000228881836,5.820000171661377,102400
2025-01-16,5.639999866485596,6.03000020980835,5.590000152587891,5.880000114440918,89800
2025-01-17,5.639999866485596,5.809999942779541,5.579999923706055,5.690000057220459,75500
2025-01-21,5.909999847412109,5.989999771118164,5.690000057220459,5.739999771118164,110600
2025-01-22,5.650000095367432,5.989999771118164,5.559999942779541,5.96999979019165,127600
2025-01-23,5.619999885559082,5.744999885559082,5.539999961853027,5.690000057220459,97800
2025-01-24,5.510000228881836,5.617000102996826,5.480000019073486,5.610000133514404,91300
2025-01-27,5.800000190734863,5.929999828338623,5.53000020980835,5.53000020980835,152500
2025-01-28,5.739999771118164,5.820000171661377,5.679999828338623,5.820000171661377,122900
2025-01-29,5.679999828338623,5.730000019073486,5.590000152587891,5.710000038146973,75000
2025-01-30,5.53000020980835,5.739999771118164,5.510000228881836,5.739999771118164,79600
2025-01-31,5.090000152587891,5.329999923706055,4.784999847412109,5.239999771118164,401600
2025-02-03,5.289999961853027,5.309999942779541,5.050000190734863,5.199999809265137,189900
2025-02-04,5.070000171661377,5.369999885559082,5.070000171661377,5.349999904632568,244500
2025-02-05,4.820000171661377,5.150000095367432,4.760000228881836,5.150000095367432,200700
2025-02-06,4.809999942779541,5.03000020980835,4.789999961853027,4.880000114440918,153000
2025-02-07,4.559999942779541,4.900000095367432,4.489999771118164,4.849999904632568,206600
2025-02-10,4.829999923706055,4.864999771118164,4.610000133514404,4.610000133514404,227900
2025-02-11,4.909999847412109,4.929999828338623,4.71999979019165,4.760000228881836,114000
2025-02-12,4.659999847412109,4.900000095367432,4.619999885559082,4.849999904632568,107900
2025-02-13,4.579999923706055,4.699999809265137,4.449999809265137,4.650000095367432,121600
2025-02-14,4.579999923706055,4.650000095367432,4.449999809265137,4.46999979019165,144600
2025-02-18,4.920000076293945,5.0,4.550000190734863,4.550000190734863,177200
2025-02-19,4.900000095367432,4.980000019073486,4.760000228881836,4.889999866485596,122600
2025-02-20,4.78000020980835,4.949999809265137,4.710000038146973,4.860000133514404,118400
2025-02-21,4.489999771118164,4.829999923706055,4.480000019073486,4.829999923706055,264000
2025-02-24,4.639999866485596,4.7210001945495605,4.460000038146973,4.570000171661377,150900
2025-02-25,4.400000095367432,4.896999835968018,4.340000152587891,4.639999866485596,164000
2025-02-26,4.320000171661377,4.419000148773193,4.21999979019165,4.409999847412109,124000
2025-02-27,4.269999980926514,4.369999885559082,4.190999984741211,4.320000171661377,195100
2025-02-28,4.369999885559082,4.369999885559082,4.170000076293945,4.210000038146973,72600
2025-03-03,4.239999771118164,4.519999980926514,4.21999979019165,4.420000076293945,111000
2025-03-04,4.03000020980835,4.289999961853027,4.03000020980835,4.199999809265137,180000
2025-03-05,4.150000095367432,4.230000019073486,4.045000076293945,4.050000190734863,120100
2025-03-06,4.210000038146973,4.28000020980835,4.090000152587891,4.090000152587891,90500
2025-03-07,4.260000228881836,4.295000076293945,4.130000114440918,4.199999809265137,103200
2025-03-10,4.110000133514404,4.289999961853027,4.110000133514404,4.210000038146973,159300
2025-03-11,4.130000114440918,4.199999809265137,4.03000020980835,4.130000114440918,203600
2025-03-12,4.099999904632568,4.224999904632568,4.03000020980835,4.199999809265137,296400
2025-03-13,3.069999933242798,3.7100000381469727,3.0399999618530273,3.700000047683716,1602300
2025-03-14,3.759999990463257,3.849999904632568,3.0999999046325684,3.190000057220459,797900
2025-03-17,4.0,4.03000020980835,3.5450000762939453,3.680000066757202,609400
2025-03-18,4.070000171661377,4.389999866485596,4.070000171661377,4.320000171661377,231900
2025-03-19,4.21999979019165,4.46999979019165,4.170000076293945,4.389999866485596,479800
2025-03-20,4.199999809265137,4.4019999504089355,4.199999809265137,4.329999923706055,225400
2025-03-21,3.859999895095825,4.190000057220459,3.809999942779541,4.119999885559082,230700
2025-03-24,3.900000095367432,4.0,3.799999952316284,3.940000057220459,213700
2025-03-25,3.809999942779541,3.9549999237060542,3.759999990463257,3.910000085830689,145100
2025-03-26,3.7200000286102295,3.900000095367432,3.6700000762939458,3.799999952316284,119300
2025-03-27,3.6700000762939458,3.799999952316284,3.609999895095825,3.7100000381469727,140800
2025-03-28,3.390000104904175,3.740000009536743,3.390000104904175,3.650000095367432,154000
2025-03-31,3.3299999237060547,3.5,3.2100000381469727,3.369999885559082,381400
2025-04-01,3.630000114440918,3.650000095367432,3.2799999713897705,3.3299999237060547,188500
2025-04-02,3.4600000381469727,3.559999942779541,3.4100000858306885,3.549999952316284,93500
2025-04-03,3.359999895095825,3.4100000858306885,3.2200000286102295,3.4100000858306885,137200
2025-04-04,3.2899999618530273,3.3499999046325684,3.2100000381469727,3.2100000381469727,253800
2025-04-07,3.25,3.359999895095825,3.086999893188477,3.1600000858306885,218900
2025-04-08,3.25,3.4600000381469727,3.1500000953674316,3.390000104904175,220300
2025-04-09,3.509999990463257,3.6700000762939458,3.1700000762939453,3.200000047683716,167700
2025-04-10,3.3499999046325684,3.5799999237060547,3.25,3.440000057220459,128500
2025-04-11,3.650000095367432,3.690000057220459,3.3399999141693115,3.450000047683716,224600
2025-04-14,3.5299999713897705,3.7899999618530273,3.430000066757202,3.740000009536743,168000
2025-04-15,3.450000047683716,3.5399999618530273,3.384999990463257,3.5399999618530273,140200
2025-04-16,3.309999942779541,3.3980000019073486,3.2799999713897705,3.380000114440918,89600
2025-04-17,3.299999952316284,3.365000009536743,3.2699999809265137,3.299999952316284,108300
2025-04-21,3.4100000858306885,3.430000066757202,3.25,3.259999990463257,91500
2025-04-22,3.4800000190734863,3.5299999713897705,3.4089999198913574,3.4700000286102295,71500
2025-04-23,3.430000066757202,3.630000114440918,3.4100000858306885,3.5899999141693115,70600
2025-04-24,3.450000047683716,3.5350000858306885,3.4100000858306885,3.450000047683716,84200
2025-04-25,3.430000066757202,3.4600000381469727,3.3499999046325684,3.4200000762939453,57400
2025-04-28,3.4700000286102295,3.5799999237060547,3.4100000858306885,3.4800000190734863,93300
2025-04-29,3.5399999618530273,3.569999933242798,3.4200000762939453,3.4600000381469727,77300
2025-04-30,3.3299999237060547,3.5299999713897705,3.2100000381469727,3.5299999713897705,165200
2025-05-01,3.2699999809265137,3.4189999103546143,3.2100000381469727,3.359999895095825,110900
2025-05-02,3.4800000190734863,3.5199999809265137,3.309999942779541,3.359999895095825,83900
2025-05-05,3.25,3.509999990463257,3.240000009536743,3.430000066757202,203900
2025-05-06,3.369999885559082,3.4200000762939453,3.1500000953674316,3.200000047683716,1169400
2025-05-07,3.3399999141693115,3.609999895095825,3.3399999141693115,3.380000114440918,171900
2025-05-08,3.740000009536743,3.8299999237060542,3.515000104904175,3.684999942779541,244400
2025-05-09,4.0,4.145999908447266,3.8299999237060542,3.839999914169311,273200
2025-05-12,3.990000009536743,4.400000095367432,3.964999914169311,4.139999866485596,186800
2025-05-13,3.910000085830689,4.0,3.869999885559082,3.9700000286102295,143300
2025-05-14,3.940000057220459,4.010000228881836,3.849999904632568,3.900000095367432,99500
2025-05-15,4.019999980926514,4.085000038146973,3.880000114440918,3.930000066757202,86700
2025-05-16,4.099999904632568,4.264999866485596,4.014999866485596,4.099999904632568,250700
2025-05-19,4.059999942779541,4.139999866485596,4.03000020980835,4.059999942779541,80900
2025-05-20,3.9800000190734863,4.114999771118164,3.9600000381469727,4.059999942779541,85100
2025-05-21,3.869999885559082,4.059999942779541,3.819999933242798,3.9800000190734863,86100
2025-05-22,3.75,3.910000085830689,3.75,3.809999942779541,67000
2025-05-23,3.680000066757202,3.869999885559082,3.650000095367432,3.660000085830689,90900
2025-05-27,4.079999923706055,4.139999866485596,3.680000066757202,3.7100000381469727,339800
2025-05-28,3.5299999713897705,4.050000190734863,3.5299999713897705,4.050000190734863,242200
2025-05-29,3.5950000286102295,3.680000066757202,3.559999942779541,3.609999895095825,82000
2025-05-30,3.4600000381469727,3.6089999675750737,3.4600000381469727,3.559999942779541,135000
2025-06-02,3.5399999618530273,3.680000066757202,3.4100000858306885,3.5,139200
2025-06-03,3.549999952316284,3.640000104904175,3.5,3.549999952316284,92500
2025-06-04,3.5399999618530273,3.63700008392334,3.509999990463257,3.5299999713897705,52200
2025-06-05,3.6700000762939458,3.7200000286102295,3.440000057220459,3.5399999618530273,103100
2025-06-06,3.8299999237060542,3.890000104904175,3.75,3.7699999809265137,141000
2025-06-09,3.930000066757202,3.940000057220459,3.7720000743865967,3.839999914169311,110200
2025-06-10,4.139999866485596,4.179999828338623,3.950000047683716,3.990000009536743,238200
2025-06-11,4.019999980926514,4.249000072479248,4.0,4.170000076293945,96400
2025-06-12,3.950000047683716,4.019999980926514,3.8450000286102295,4.010000228881836,147900
2025-06-13,3.7799999713897705,3.950000047683716,3.7799999713897705,3.940000057220459,75600
2025-06-16,3.9800000190734863,4.010000228881836,3.759999990463257,3.7799999713897705,97100
2025-06-17,3.930000066757202,4.019999980926514,3.890000104904175,3.910000085830689,98300
2025-06-18,3.990000009536743,4.050000190734863,3.849999904632568,3.930000066757202,98100
2025-06-20,3.9600000381469727,4.03000020980835,3.880000114440918,4.010000228881836,124100
2025-06-23,4.010000228881836,4.03000020980835,3.900000095367432,3.950000047683716,149500
2025-06-24,3.990000009536743,4.099999904632568,3.9600000381469727,4.03000020980835,128000
2025-06-25,4.139999866485596,4.179999828338623,3.9800000190734863,3.9800000190734863,86200
2025-06-26,4.28000020980835,4.289999961853027,4.130000114440918,4.130000114440918,109800
2025-06-27,4.199999809265137,4.400000095367432,4.139999866485596,4.349999904632568,704000
2025-06-30,4.019999980926514,4.300000190734863,4.0,4.230000019073486,131500
