Date,Close,High,Low,Open,Volume
2021-07-23,20.0,20.989999771118164,19.899999618530273,20.0,3945100
2021-07-26,20.049999237060547,20.709999084472656,20.0,20.700000762939453,427700
2021-07-27,19.899999618530273,20.200000762939453,19.799999237060547,20.01799964904785,338300
2021-07-28,20.0,20.200000762939453,19.700000762939453,20.13999938964844,163200
2021-07-29,19.950000762939453,20.11000061035156,19.812000274658203,20.06999969482422,169500
2021-07-30,19.6200008392334,19.969999313354492,19.3700008392334,19.950000762939453,166800
2021-08-02,19.43000030517578,19.833999633789062,19.3700008392334,19.56999969482422,67200
2021-08-03,19.0,19.510000228881836,19.0,19.5,89500
2021-08-04,19.38999938964844,19.649999618530273,19.010000228881836,19.010000228881836,90300
2021-08-05,19.5,19.71299934387207,19.36000061035156,19.38999938964844,66800
2021-08-06,19.420000076293945,19.652999877929688,19.190000534057617,19.30900001525879,61200
2021-08-09,20.049999237060547,20.079999923706055,19.15999984741211,19.450000762939453,210600
2021-08-10,19.760000228881836,20.290000915527344,19.729999542236328,20.100000381469727,164600
2021-08-11,19.790000915527344,20.006999969482425,19.510000228881836,19.850000381469727,78600
2021-08-12,19.940000534057617,20.0,19.75,19.799999237060547,72600
2021-08-13,19.75,19.989999771118164,19.5,19.81999969482422,94200
2021-08-16,19.09000015258789,19.63999938964844,19.0,19.600000381469727,109100
2021-08-17,16.739999771118164,19.68400001525879,16.020000457763672,19.25,508700
2021-08-18,16.579999923706055,17.1200008392334,15.40999984741211,17.1200008392334,262800
2021-08-19,16.959999084472656,17.190000534057617,16.15999984741211,16.290000915527344,250200
2021-08-20,16.579999923706055,17.239999771118164,16.579999923706055,17.239999771118164,159500
2021-08-23,16.540000915527344,17.229999542236328,15.75,16.75,252400
2021-08-24,16.399999618530273,16.577999114990234,16.149999618530273,16.3799991607666,196100
2021-08-25,16.290000915527344,16.52400016784668,16.020000457763672,16.450000762939453,112000
2021-08-26,16.450000762939453,16.649999618530273,16.049999237060547,16.459999084472656,176200
2021-08-27,17.0,17.26300048828125,15.9399995803833,16.459999084472656,234400
2021-08-30,17.139999389648438,17.229999542236328,16.100000381469727,17.09000015258789,270800
2021-08-31,17.399999618530273,17.860000610351562,16.899999618530273,17.239999771118164,208200
2021-09-01,18.690000534057617,18.850000381469727,17.270000457763672,17.6299991607666,152000
2021-09-02,18.440000534057617,18.8799991607666,18.260000228881836,18.799999237060547,153100
2021-09-03,17.93000030517578,18.510000228881836,17.75,18.329999923706055,195400
2021-09-07,17.479999542236328,18.13999938964844,16.899999618530273,17.860000610351562,209300
2021-09-08,16.530000686645508,17.479999542236328,16.530000686645508,17.479999542236328,99900
2021-09-09,16.399999618530273,16.979999542236328,16.309999465942383,16.709999084472656,151200
2021-09-10,16.700000762939453,16.860000610351562,16.420000076293945,16.700000762939453,82600
2021-09-13,16.530000686645508,16.940000534057617,15.722000122070312,16.649999618530273,188700
2021-09-14,16.739999771118164,16.8700008392334,16.238000869750977,16.649999618530273,76400
2021-09-15,16.809999465942383,17.15999984741211,16.5,16.940000534057617,147800
2021-09-16,16.68000030517578,16.84000015258789,16.309999465942383,16.799999237060547,141000
2021-09-17,15.460000038146973,16.65999984741211,15.40999984741211,16.530000686645508,1250700
2021-09-20,14.880000114440918,15.5,14.619999885559082,15.5,261800
2021-09-21,14.93000030517578,15.104999542236328,14.420000076293944,14.9399995803833,180100
2021-09-22,15.09000015258789,15.229999542236328,14.600000381469728,15.079999923706056,200900
2021-09-23,15.710000038146973,15.720000267028809,14.90999984741211,15.109999656677246,169400
2021-09-24,16.280000686645508,16.559999465942383,15.5,15.630000114440918,188100
2021-09-27,16.899999618530273,17.0049991607666,16.010000228881836,16.309999465942383,189600
2021-09-28,15.880000114440918,16.75,15.789999961853027,16.739999771118164,125300
2021-09-29,15.619999885559082,16.030000686645508,15.539999961853027,15.880000114440918,143500
2021-09-30,14.800000190734863,15.90999984741211,14.75,15.770000457763672,130300
2021-10-01,15.760000228881836,15.899999618530272,14.630000114440918,14.970000267028809,107600
2021-10-04,15.06999969482422,15.890000343322754,15.0,15.65999984741211,85700
2021-10-05,15.960000038146973,16.149999618530273,15.100000381469728,15.170000076293944,141700
2021-10-06,15.649999618530272,16.0,15.289999961853027,15.739999771118164,82300
2021-10-07,16.110000610351562,16.375,15.260000228881836,15.699999809265137,89600
2021-10-08,15.93000030517578,16.43000030517578,15.8100004196167,16.200000762939453,77500
2021-10-11,15.800000190734863,16.020000457763672,15.59000015258789,15.90999984741211,38100
2021-10-12,15.56999969482422,16.09000015258789,15.31999969482422,15.880000114440918,62900
2021-10-13,15.84000015258789,16.059999465942383,15.510000228881836,15.670000076293944,48000
2021-10-14,16.110000610351562,16.530000686645508,15.609999656677246,16.110000610351562,55500
2021-10-15,15.970000267028809,16.329999923706055,15.836999893188477,16.329999923706055,70400
2021-10-18,16.399999618530273,16.690000534057617,15.515000343322754,15.760000228881836,70000
2021-10-19,16.309999465942383,16.540000915527344,16.134000778198242,16.399999618530273,33800
2021-10-20,16.25,16.5,16.177000045776367,16.31999969482422,60400
2021-10-21,16.93000030517578,17.268999099731445,16.290000915527344,16.360000610351562,80300
2021-10-22,16.510000228881836,16.93000030517578,16.350000381469727,16.93000030517578,62200
2021-10-25,17.030000686645508,17.079999923706055,16.23200035095215,16.479999542236328,56600
2021-10-26,16.510000228881836,17.219999313354492,16.329999923706055,17.15999984741211,110600
2021-10-27,16.09000015258789,16.75,15.6899995803833,16.440000534057617,141400
2021-10-28,16.579999923706055,16.6299991607666,16.049999237060547,16.149999618530273,37100
2021-10-29,16.940000534057617,16.940000534057617,16.469999313354492,16.469999313354492,49200
2021-11-01,16.760000228881836,17.079999923706055,16.59000015258789,16.940000534057617,62700
2021-11-02,16.40999984741211,16.780000686645508,16.341999053955078,16.780000686645508,37800
2021-11-03,16.8700008392334,17.079999923706055,16.34000015258789,16.3799991607666,58200
2021-11-04,16.610000610351562,17.059999465942383,16.350000381469727,16.969999313354492,37100
2021-11-05,16.420000076293945,16.8799991607666,16.18000030517578,16.790000915527344,43600
2021-11-08,16.59000015258789,16.75,16.315000534057617,16.440000534057617,63100
2021-11-09,16.579999923706055,16.790000915527344,16.1299991607666,16.6299991607666,59900
2021-11-10,16.770000457763672,17.100000381469727,16.610000610351562,16.610000610351562,150000
2021-11-11,16.049999237060547,17.735000610351562,15.810999870300291,17.0,153500
2021-11-12,16.31999969482422,16.489999771118164,16.010000228881836,16.309999465942383,51000
2021-11-15,16.799999237060547,16.860000610351562,16.06999969482422,16.399999618530273,159200
2021-11-16,16.579999923706055,16.92300033569336,15.739999771118164,16.81999969482422,88400
2021-11-17,16.6200008392334,16.729999542236328,16.270000457763672,16.639999389648438,97100
2021-11-18,16.469999313354492,16.6200008392334,16.100000381469727,16.6200008392334,153200
2021-11-19,15.420000076293944,16.5,15.029999732971191,16.3799991607666,130300
2021-11-22,14.56999969482422,15.779999732971191,14.427000045776367,15.609999656677246,120000
2021-11-23,14.18000030517578,14.670000076293944,13.71500015258789,14.56999969482422,119100
2021-11-24,15.15999984741211,15.225000381469728,14.039999961853027,14.09000015258789,57300
2021-11-26,15.010000228881836,15.289999961853027,14.520000457763672,14.770000457763672,40600
2021-11-29,14.850000381469728,15.40999984741211,14.251999855041504,15.18000030517578,113700
2021-11-30,15.09000015258789,15.279999732971191,14.329999923706056,14.717000007629396,67700
2021-12-01,14.369999885559082,15.300000190734863,13.920000076293944,15.050000190734863,134800
2021-12-02,14.399999618530272,14.90999984741211,13.6899995803833,14.300000190734863,102500
2021-12-03,14.479999542236328,14.59000015258789,13.34000015258789,14.5,125200
2021-12-06,14.81999969482422,15.079999923706056,14.020000457763672,14.56999969482422,109000
2021-12-07,15.31999969482422,15.729999542236328,14.835000038146973,15.109999656677246,67800
2021-12-08,15.220000267028809,15.536999702453612,14.699999809265137,15.31999969482422,115400
2021-12-09,14.489999771118164,15.630000114440918,14.3100004196167,15.119999885559082,112400
2021-12-10,14.1899995803833,15.0,14.09000015258789,14.600000381469728,57500
2021-12-13,13.640000343322754,14.06999969482422,13.479999542236328,14.010000228881836,118400
2021-12-14,13.5,13.84000015258789,13.010000228881836,13.449999809265137,159700
2021-12-15,14.0,14.140000343322754,13.0,13.5,86700
2021-12-16,13.449999809265137,14.375,13.279999732971191,14.3100004196167,107500
2021-12-17,13.960000038146973,14.25,13.0,13.369999885559082,198600
2021-12-20,13.449999809265137,13.80500030517578,13.15999984741211,13.600000381469728,99700
2021-12-21,13.880000114440918,14.170000076293944,13.5600004196167,13.600000381469728,50800
2021-12-22,13.93000030517578,14.199999809265137,13.6899995803833,13.960000038146973,71200
2021-12-23,14.229999542236328,14.539999961853027,13.5600004196167,14.020000457763672,56400
2021-12-27,13.81999969482422,14.239999771118164,13.399999618530272,14.239999771118164,115700
2021-12-28,13.470000267028809,13.93000030517578,13.40999984741211,13.779999732971191,33200
2021-12-29,13.579999923706056,13.670000076293944,13.279999732971191,13.579999923706056,87300
2021-12-30,14.010000228881836,14.390000343322754,13.520000457763672,13.529999732971191,64500
2021-12-31,14.0,14.09000015258789,13.630000114440918,14.0,129800
2022-01-03,13.770000457763672,14.68000030517578,13.510000228881836,14.0,72400
2022-01-04,14.140000343322754,14.239999771118164,13.699999809265137,13.890000343322754,75800
2022-01-05,13.600000381469728,14.600000381469728,13.5,14.170000076293944,86900
2022-01-06,14.170000076293944,14.59000015258789,13.65999984741211,13.979999542236328,149400
2022-01-07,14.520000457763672,15.3100004196167,14.489999771118164,14.6899995803833,130200
2022-01-10,14.300000190734863,14.460000038146973,14.0,14.369999885559082,71400
2022-01-11,14.979999542236328,15.350000381469728,14.326000213623049,14.40999984741211,181900
2022-01-12,14.979999542236328,15.3149995803833,14.8100004196167,15.06999969482422,156500
2022-01-13,14.239999771118164,15.449999809265137,14.140000343322754,15.130000114440918,63600
2022-01-14,14.600000381469728,14.609999656677246,13.890000343322754,14.350000381469728,76100
2022-01-18,14.210000038146973,14.600000381469728,13.81999969482422,14.600000381469728,120600
2022-01-19,14.989999771118164,15.229999542236328,13.34000015258789,13.510000228881836,1346100
2022-01-20,14.380000114440918,15.699999809265137,14.31999969482422,14.789999961853027,533000
2022-01-21,12.984999656677246,14.3100004196167,12.90999984741211,14.3100004196167,585300
2022-01-24,12.579999923706056,12.739999771118164,11.5600004196167,12.550000190734863,828400
2022-01-25,12.65999984741211,12.949999809265137,12.25,12.329999923706056,215900
2022-01-26,13.029999732971191,13.239999771118164,12.630000114440918,12.800000190734863,509300
2022-01-27,12.470000267028809,13.329999923706056,12.390000343322754,13.1899995803833,422600
2022-01-28,12.0,12.449999809265137,11.710000038146973,12.260000228881836,457400
2022-01-31,12.619999885559082,12.800000190734863,11.75,12.0,694000
2022-02-01,13.59000015258789,13.609999656677246,12.56999969482422,12.68000030517578,992900
2022-02-02,12.470000267028809,13.5,12.4399995803833,13.5,591100
2022-02-03,12.510000228881836,12.510000228881836,11.789999961853027,12.25,708300
2022-02-04,13.140000343322754,13.229999542236328,12.010000228881836,12.43000030517578,845100
2022-02-07,13.1899995803833,13.5,12.779999732971191,13.140000343322754,503500
2022-02-08,13.760000228881836,13.81999969482422,12.970000267028809,13.079999923706056,405100
2022-02-09,13.729999542236328,13.890000343322754,13.524999618530272,13.890000343322754,406000
2022-02-10,13.59000015258789,13.9399995803833,13.329999923706056,13.390000343322754,394000
2022-02-11,12.880000114440918,13.710000038146973,12.8100004196167,13.710000038146973,435600
2022-02-14,12.890000343322754,13.470000267028809,12.510000228881836,12.829999923706056,374300
2022-02-15,13.149999618530272,13.1899995803833,12.779999732971191,13.100000381469728,458800
2022-02-16,12.93000030517578,13.079999923706056,12.520000457763672,13.079999923706056,329700
2022-02-17,12.140000343322754,12.850000381469728,12.109999656677246,12.829999923706056,292000
2022-02-18,11.920000076293944,12.260000228881836,11.65999984741211,12.260000228881836,423300
2022-02-22,12.609999656677246,12.899999618530272,11.739999771118164,11.93000030517578,522700
2022-02-23,12.760000228881836,13.229999542236328,12.550000190734863,12.699999809265137,354800
2022-02-24,13.6899995803833,13.729999542236328,12.01099967956543,12.25,399700
2022-02-25,13.829999923706056,14.140000343322754,13.531000137329102,13.649999618530272,390900
2022-02-28,13.039999961853027,13.75,12.44200038909912,13.350000381469728,470600
2022-03-01,12.0,13.399999618530272,11.390999794006348,13.399999618530272,1018500
2022-03-02,11.789999961853027,12.420000076293944,11.329999923706056,12.020000457763672,494300
2022-03-03,11.010000228881836,11.699999809265137,10.869999885559082,11.510000228881836,675700
2022-03-04,10.630000114440918,10.956000328063965,10.5600004196167,10.880000114440918,389000
2022-03-07,10.859999656677246,11.364999771118164,10.449999809265137,10.510000228881836,490200
2022-03-08,11.010000228881836,11.4399995803833,10.65999984741211,10.869999885559082,289700
2022-03-09,11.779999732971191,11.880000114440918,11.029999732971191,11.15999984741211,465600
2022-03-10,11.390000343322754,11.8100004196167,11.210000038146973,11.710000038146973,263600
2022-03-11,11.010000228881836,11.5,10.989999771118164,11.40999984741211,270100
2022-03-14,10.170000076293944,11.119999885559082,10.119999885559082,10.949999809265137,399300
2022-03-15,10.93000030517578,11.199999809265137,10.119999885559082,10.119999885559082,444600
2022-03-16,11.210000038146973,11.579999923706056,10.949999809265137,10.949999809265137,475400
2022-03-17,11.289999961853027,11.420000076293944,10.960000038146973,10.960000038146973,453800
2022-03-18,11.18000030517578,11.800000190734863,11.039999961853027,11.170000076293944,2290700
2022-03-21,11.170000076293944,11.619999885559082,11.050000190734863,11.170000076293944,401300
2022-03-22,11.380000114440918,11.649999618530272,11.199999809265137,11.279999732971191,486900
2022-03-23,10.869999885559082,11.31999969482422,10.829999923706056,11.199999809265137,230200
2022-03-24,11.020000457763672,11.039999961853027,10.56999969482422,10.920000076293944,210800
2022-03-25,10.880000114440918,11.149999618530272,10.664999961853027,11.079999923706056,156400
2022-03-28,11.0600004196167,11.06999969482422,10.78499984741211,10.880000114440918,147400
2022-03-29,11.329999923706056,11.460000038146973,11.029999732971191,11.170000076293944,198700
2022-03-30,11.020000457763672,11.539999961853027,10.970000267028809,11.34000015258789,148300
2022-03-31,10.729999542236328,11.170000076293944,10.720000267028809,11.0600004196167,144700
2022-04-01,10.920000076293944,10.960000038146973,10.609999656677246,10.739999771118164,189800
2022-04-04,11.239999771118164,11.40999984741211,11.010000228881836,11.0600004196167,140500
2022-04-05,10.90999984741211,11.279999732971191,10.824999809265137,11.239999771118164,126000
2022-04-06,10.5,10.786999702453612,10.390000343322754,10.720000267028809,194400
2022-04-07,10.5,10.670000076293944,10.270000457763672,10.670000076293944,243100
2022-04-08,10.449999809265137,10.899999618530272,10.279999732971191,10.479999542236328,204700
2022-04-11,10.25,10.56999969482422,10.220000267028809,10.390000343322754,113500
2022-04-12,10.020000457763672,10.43000030517578,10.0,10.380000114440918,118600
2022-04-13,10.1899995803833,10.270000457763672,9.869999885559082,10.020000457763672,108800
2022-04-14,10.079999923706056,10.260000228881836,9.979999542236328,10.260000228881836,87900
2022-04-18,10.050000190734863,10.100000381469728,9.8100004196167,9.890000343322754,142000
2022-04-19,10.350000381469728,10.460000038146973,9.93000030517578,9.949999809265137,111200
2022-04-20,10.09000015258789,10.359999656677246,10.0600004196167,10.359999656677246,111300
2022-04-21,9.920000076293944,10.335000038146973,9.789999961853027,10.270000457763672,114800
2022-04-22,9.9399995803833,10.0600004196167,9.8149995803833,9.960000038146973,134800
2022-04-25,10.079999923706056,10.09000015258789,9.800000190734863,9.81999969482422,215100
2022-04-26,9.420000076293944,10.0,9.380000114440918,9.949999809265137,252400
2022-04-27,9.359999656677246,9.59000015258789,9.0,9.399999618530272,280600
2022-04-28,9.5,9.62600040435791,9.140000343322754,9.520000457763672,199700
2022-04-29,9.0,9.545000076293944,8.970000267028809,9.369999885559082,191900
2022-05-02,9.279999732971191,9.295000076293944,8.821999549865723,9.06999969482422,171800
2022-05-03,9.229999542236328,9.4399995803833,9.09000015258789,9.119999885559082,181500
2022-05-04,9.710000038146973,9.75,8.914999961853027,9.289999961853027,243500
2022-05-05,9.25,9.510000228881836,9.050000190734863,9.510000228881836,234400
2022-05-06,8.90999984741211,9.359999656677246,8.829999923706055,9.279999732971191,243000
2022-05-09,8.529999732971191,9.109999656677246,8.479999542236328,8.859999656677246,196000
2022-05-10,8.949999809265137,9.130000114440918,8.680000305175781,8.720000267028809,605300
2022-05-11,7.889999866485596,8.979999542236328,7.815000057220459,8.930000305175781,206300
2022-05-12,6.28000020980835,7.0,5.585000038146973,7.0,1240700
2022-05-13,6.050000190734863,6.46999979019165,5.785999774932861,6.300000190734863,1017300
2022-05-16,5.800000190734863,6.150000095367432,5.590000152587891,6.110000133514404,511600
2022-05-17,6.019999980926514,6.039999961853027,5.699999809265137,5.900000095367432,305600
2022-05-18,5.840000152587891,6.25,5.659999847412109,5.949999809265137,481100
2022-05-19,6.110000133514404,6.289999961853027,5.760000228881836,5.849999904632568,362700
2022-05-20,5.920000076293945,6.320000171661377,5.75,6.320000171661377,261700
2022-05-23,5.980000019073486,6.099999904632568,5.710000038146973,5.980000019073486,434600
2022-05-24,5.71999979019165,5.809999942779541,5.46999979019165,5.809999942779541,368800
2022-05-25,5.710000038146973,5.800000190734863,5.53000020980835,5.639999866485596,210400
2022-05-26,5.929999828338623,6.03000020980835,5.610000133514404,5.840000152587891,212400
2022-05-27,6.130000114440918,6.269999980926514,5.980000019073486,6.050000190734863,238900
2022-05-31,6.139999866485596,6.260000228881836,5.860000133514404,6.099999904632568,422600
2022-06-01,5.840000152587891,6.289999961853027,5.829999923706055,6.199999809265137,257900
2022-06-02,5.989999771118164,6.15500020980835,5.670000076293945,5.739999771118164,533100
2022-06-03,5.949999809265137,6.0,5.739999771118164,5.869999885559082,243100
2022-06-06,5.889999866485596,6.130000114440918,5.690000057220459,6.050000190734863,284200
2022-06-07,6.0,6.019999980926514,5.699999809265137,5.829999923706055,309700
2022-06-08,5.840000152587891,6.059999942779541,5.820000171661377,5.949999809265137,349300
2022-06-09,5.53000020980835,5.840000152587891,5.510000228881836,5.809999942779541,429300
2022-06-10,5.389999866485596,5.664999961853027,5.329999923706055,5.429999828338623,505300
2022-06-13,5.460000038146973,5.5,4.849999904632568,5.119999885559082,451500
2022-06-14,5.5,5.539999961853027,5.369999885559082,5.489999771118164,259000
2022-06-15,5.559999942779541,5.599999904632568,5.349999904632568,5.550000190734863,349800
2022-06-16,4.659999847412109,5.199999809265137,4.599999904632568,5.150000095367432,1321100
2022-06-17,5.150000095367432,5.21999979019165,4.690000057220459,4.699999809265137,1001900
2022-06-21,5.070000171661377,5.380000114440918,5.039999961853027,5.119999885559082,530200
2022-06-22,5.159999847412109,5.320000171661377,5.0,5.0,456600
2022-06-23,5.440000057220459,5.454999923706055,4.980000019073486,5.179999828338623,400400
2022-06-24,5.449999809265137,5.650000095367432,5.329999923706055,5.46999979019165,2480900
2022-06-27,5.369999885559082,5.650000095367432,5.289999961853027,5.510000228881836,291800
2022-06-28,5.070000171661377,5.429999828338623,5.059999942779541,5.409999847412109,273800
2022-06-29,5.019999980926514,5.170000076293945,4.949999809265137,5.039999961853027,215000
2022-06-30,5.03000020980835,5.090000152587891,4.849999904632568,4.960000038146973,210500
2022-07-01,5.070000171661377,5.170000076293945,4.829999923706055,4.960000038146973,235800
2022-07-05,5.389999866485596,5.389999866485596,4.742000102996826,5.010000228881836,242000
2022-07-06,5.159999847412109,5.460000038146973,5.130000114440918,5.349999904632568,213000
2022-07-07,5.199999809265137,5.309999942779541,5.130000114440918,5.130000114440918,182700
2022-07-08,5.21999979019165,5.260000228881836,5.074999809265137,5.170000076293945,220900
2022-07-11,5.079999923706055,5.329999923706055,5.050000190734863,5.190000057220459,128100
2022-07-12,5.159999847412109,5.239999771118164,5.079999923706055,5.099999904632568,148500
2022-07-13,5.300000190734863,5.360000133514404,5.050000190734863,5.050000190734863,320600
2022-07-14,5.110000133514404,5.380000114440918,4.980000019073486,5.289999961853027,541600
2022-07-15,5.380000114440918,5.380000114440918,5.179999828338623,5.21999979019165,194400
2022-07-18,5.300000190734863,5.539999961853027,5.28000020980835,5.380000114440918,214400
2022-07-19,5.320000171661377,5.525000095367432,5.269999980926514,5.269999980926514,307800
2022-07-20,5.46999979019165,5.550000190734863,5.260000228881836,5.320000171661377,317400
2022-07-21,5.639999866485596,5.690000057220459,5.429999828338623,5.429999828338623,223400
2022-07-22,5.25,5.619999885559082,5.199999809265137,5.619999885559082,149800
2022-07-25,5.329999923706055,5.329999923706055,4.820000171661377,5.210000038146973,350000
2022-07-26,5.260000228881836,5.380000114440918,5.119999885559082,5.239999771118164,215900
2022-07-27,5.429999828338623,5.440000057220459,5.204999923706055,5.300000190734863,168200
2022-07-28,5.53000020980835,5.559999942779541,5.260000228881836,5.400000095367432,156700
2022-07-29,5.599999904632568,5.639999866485596,5.389999866485596,5.599999904632568,382100
2022-08-01,5.619999885559082,5.679999828338623,5.360000133514404,5.519999980926514,223100
2022-08-02,5.840000152587891,5.880000114440918,5.559999942779541,5.570000171661377,225100
2022-08-03,5.980000019073486,6.135000228881836,5.809999942779541,5.849999904632568,345400
2022-08-04,6.159999847412109,6.190000057220459,5.889999866485596,5.989999771118164,169500
2022-08-05,6.139999866485596,6.199999809265137,5.860000133514404,6.019999980926514,254600
2022-08-08,6.429999828338623,6.519999980926514,6.150000095367432,6.150000095367432,205500
2022-08-09,6.429999828338623,6.510000228881836,6.224999904632568,6.340000152587891,455600
2022-08-10,6.71999979019165,6.920000076293945,6.46999979019165,6.550000190734863,445000
2022-08-11,5.130000114440918,6.349999904632568,5.119999885559082,6.349999904632568,1186500
2022-08-12,5.800000190734863,5.9720001220703125,5.099999904632568,5.199999809265137,655000
2022-08-15,5.989999771118164,6.110000133514404,5.599999904632568,5.699999809265137,342800
2022-08-16,5.320000171661377,5.869999885559082,5.21999979019165,5.75,618700
2022-08-17,4.960000038146973,5.329999923706055,4.940000057220459,5.329999923706055,503500
2022-08-18,4.989999771118164,5.099999904632568,4.730000019073486,4.949999809265137,451200
2022-08-19,4.590000152587891,4.900000095367432,4.570000171661377,4.900000095367432,699100
2022-08-22,4.420000076293945,4.625,4.369999885559082,4.579999923706055,475400
2022-08-23,4.420000076293945,4.559999942779541,4.329999923706055,4.389999866485596,377300
2022-08-24,4.690000057220459,4.71999979019165,4.260000228881836,4.380000114440918,451400
2022-08-25,4.809999942779541,4.885000228881836,4.644999980926514,4.730000019073486,233600
2022-08-26,4.75,4.880000114440918,4.679999828338623,4.78000020980835,209000
2022-08-29,4.739999771118164,4.900000095367432,4.659999847412109,4.679999828338623,162500
2022-08-30,4.510000228881836,4.867000102996826,4.485000133514404,4.769999980926514,301200
2022-08-31,4.409999847412109,4.599999904632568,4.380000114440918,4.510000228881836,287600
2022-09-01,4.380000114440918,4.400000095367432,4.170000076293945,4.349999904632568,317200
2022-09-02,4.289999961853027,4.429999828338623,4.260000228881836,4.429999828338623,216200
2022-09-06,4.269999980926514,4.340000152587891,4.170000076293945,4.269999980926514,245100
2022-09-07,4.25,4.380000114440918,4.170000076293945,4.230000019073486,588700
2022-09-08,4.21999979019165,4.25,4.070000171661377,4.179999828338623,317400
2022-09-09,4.260000228881836,4.400000095367432,4.199999809265137,4.260000228881836,344200
2022-09-12,4.340000152587891,4.425000190734863,4.260000228881836,4.260000228881836,351600
2022-09-13,4.139999866485596,4.260000228881836,4.090000152587891,4.260000228881836,496500
2022-09-14,4.0,4.150000095367432,3.8550000190734863,4.139999866485596,689200
2022-09-15,3.900000095367432,4.050000190734863,3.890000104904175,4.0,432200
2022-09-16,3.609999895095825,3.859999895095825,3.515000104904175,3.8299999237060542,1990900
2022-09-19,3.740000009536743,3.759999990463257,3.450000047683716,3.569999933242798,725100
2022-09-20,3.569999933242798,3.759999990463257,3.559999942779541,3.650000095367432,381600
2022-09-21,3.490000009536743,3.615000009536743,3.4200000762939453,3.430000066757202,673600
2022-09-22,3.7200000286102295,3.7799999713897705,3.4600000381469727,3.5399999618530273,484700
2022-09-23,3.660000085830689,3.7899999618530273,3.630000114440918,3.640000104904175,255900
2022-09-26,3.5999999046325684,3.7799999713897705,3.559999942779541,3.650000095367432,227400
2022-09-27,3.650000095367432,3.744999885559082,3.5950000286102295,3.630000114440918,257500
2022-09-28,3.630000114440918,3.7200000286102295,3.5899999141693115,3.640000104904175,443400
2022-09-29,3.609999895095825,3.609999895095825,3.509999990463257,3.5999999046325684,234700
2022-09-30,3.650000095367432,3.75,3.5899999141693115,3.5899999141693115,231600
2022-10-03,3.619999885559082,3.7300000190734863,3.569999933242798,3.680000066757202,731000
2022-10-04,3.940000057220459,4.03000020980835,3.660000085830689,3.6700000762939458,413900
2022-10-05,4.119999885559082,4.144999980926514,3.859999895095825,3.859999895095825,227100
2022-10-06,4.230000019073486,4.264999866485596,4.079999923706055,4.130000114440918,310400
2022-10-07,4.059999942779541,4.210000038146973,3.990000009536743,4.170000076293945,262800
2022-10-10,3.9700000286102295,4.050000190734863,3.890000104904175,4.050000190734863,206600
2022-10-11,3.930000066757202,3.984999895095825,3.7950000762939458,3.950000047683716,174700
2022-10-12,3.940000057220459,3.984999895095825,3.839999914169311,3.910000085830689,196100
2022-10-13,4.019999980926514,4.065000057220459,3.7100000381469727,3.839999914169311,231300
2022-10-14,3.9200000762939458,4.079999923706055,3.910000085830689,4.059999942779541,190900
2022-10-17,4.199999809265137,4.229000091552734,3.9700000286102295,3.990000009536743,187000
2022-10-18,4.150000095367432,4.360000133514404,4.099999904632568,4.21999979019165,286300
2022-10-19,3.9700000286102295,4.119999885559082,3.880000114440918,4.090000152587891,247000
2022-10-20,4.03000020980835,4.170000076293945,3.900000095367432,3.9800000190734863,130200
2022-10-21,4.139999866485596,4.140999794006348,3.930000066757202,4.050000190734863,143900
2022-10-24,4.110000133514404,4.164999961853027,3.940000057220459,4.150000095367432,131800
2022-10-25,4.309999942779541,4.34499979019165,4.079999923706055,4.150000095367432,178200
2022-10-26,4.21999979019165,4.394999980926514,4.03000020980835,4.300000190734863,147000
2022-10-27,4.199999809265137,4.320000171661377,3.940000057220459,4.239999771118164,131800
2022-10-28,4.289999961853027,4.309999942779541,4.039999961853027,4.230000019073486,230800
2022-10-31,4.28000020980835,4.340000152587891,4.050000190734863,4.25,113100
2022-11-01,4.349999904632568,4.428999900817871,4.260000228881836,4.340000152587891,175600
2022-11-02,4.199999809265137,4.409999847412109,4.199999809265137,4.349999904632568,157600
2022-11-03,3.950000047683716,4.210000038146973,3.940000057220459,4.130000114440918,198400
2022-11-04,3.759999990463257,4.0,3.630000114440918,3.990000009536743,219200
2022-11-07,3.930000066757202,4.014999866485596,3.700000047683716,3.8299999237060542,148100
2022-11-08,3.910000085830689,4.039999961853027,3.680000066757202,3.950000047683716,134800
2022-11-09,3.75,4.019000053405762,3.674999952316284,3.900000095367432,395200
2022-11-10,4.400000095367432,4.579999923706055,4.039999961853027,4.130000114440918,440900
2022-11-11,4.460000038146973,4.519999980926514,4.199999809265137,4.21999979019165,381900
2022-11-14,4.21999979019165,4.40500020980835,4.199999809265137,4.21999979019165,393300
2022-11-15,4.130000114440918,4.389999866485596,4.045000076293945,4.28000020980835,362300
2022-11-16,4.170000076293945,4.260000228881836,4.059999942779541,4.190000057220459,237400
2022-11-17,4.119999885559082,4.260000228881836,4.050000190734863,4.059999942779541,391800
2022-11-18,4.079999923706055,4.210000038146973,4.03000020980835,4.210000038146973,166300
2022-11-21,4.190000057220459,4.235000133514404,4.039999961853027,4.050000190734863,320200
2022-11-22,4.170000076293945,4.210000038146973,4.03000020980835,4.190000057220459,200700
2022-11-23,4.099999904632568,4.199999809265137,4.090000152587891,4.159999847412109,167100
2022-11-25,4.039999961853027,4.130000114440918,3.9800000190734863,4.039999961853027,62300
2022-11-28,3.640000104904175,4.190000057220459,3.450000047683716,4.159999847412109,535100
2022-11-29,3.680000066757202,3.75,3.5399999618530273,3.609999895095825,191900
2022-11-30,3.880000114440918,3.910000085830689,3.569999933242798,3.700000047683716,308000
2022-12-01,3.859999895095825,4.0289998054504395,3.759999990463257,3.890000104904175,213000
2022-12-02,3.849999904632568,3.900000095367432,3.609999895095825,3.819999933242798,189000
2022-12-05,3.7799999713897705,3.881999969482422,3.759999990463257,3.809999942779541,171400
2022-12-06,3.609999895095825,3.7699999809265137,3.490000009536743,3.7699999809265137,307500
2022-12-07,3.549999952316284,3.690000057220459,3.490000009536743,3.559999942779541,198500
2022-12-08,3.490000009536743,3.684999942779541,3.4600000381469727,3.5399999618530273,266500
2022-12-09,3.4000000953674316,3.5899999141693115,3.390000104904175,3.4600000381469727,191300
2022-12-12,3.569999933242798,3.5850000381469727,3.3299999237060547,3.4000000953674316,276000
2022-12-13,3.4700000286102295,3.809999942779541,3.450000047683716,3.690000057220459,281900
2022-12-14,3.509999990463257,3.5999999046325684,3.4200000762939453,3.5399999618530273,203700
2022-12-15,3.390000104904175,3.4600000381469727,3.359999895095825,3.4200000762939453,146600
2022-12-16,3.9700000286102295,3.990000009536743,3.4800000190734863,3.549999952316284,831300
2022-12-19,3.8299999237060542,4.059999942779541,3.75,3.9200000762939458,374200
2022-12-20,3.650000095367432,3.815000057220459,3.619999885559082,3.7799999713897705,240700
2022-12-21,3.7899999618530273,3.859999895095825,3.5999999046325684,3.650000095367432,307300
2022-12-22,3.5299999713897705,3.740000009536743,3.440000057220459,3.740000009536743,271700
2022-12-23,3.569999933242798,3.6050000190734863,3.440000057220459,3.5199999809265137,140400
2022-12-27,3.450000047683716,3.569999933242798,3.430000066757202,3.509999990463257,168600
2022-12-28,3.359999895095825,3.509999990463257,3.3399999141693115,3.440000057220459,133900
2022-12-29,3.690000057220459,3.7200000286102295,3.369999885559082,3.440000057220459,231200
2022-12-30,3.619999885559082,3.7899999618530273,3.4649999141693115,3.630000114440918,294300
2023-01-03,3.869999885559082,3.9600000381469727,3.650000095367432,3.650000095367432,215300
2023-01-04,3.9600000381469727,4.050000190734863,3.910000085830689,3.9200000762939458,175100
2023-01-05,3.910000085830689,3.984999895095825,3.869999885559082,3.930000066757202,149300
2023-01-06,4.03000020980835,4.070000171661377,3.880000114440918,3.950000047683716,131300
2023-01-09,4.159999847412109,4.257999897003174,4.050000190734863,4.070000171661377,152700
2023-01-10,4.25,4.260000228881836,4.135000228881836,4.210000038146973,134600
2023-01-11,4.239999771118164,4.304999828338623,4.190000057220459,4.289999961853027,146400
2023-01-12,4.179999828338623,4.329999923706055,4.079999923706055,4.239999771118164,284400
2023-01-13,4.300000190734863,4.309999942779541,4.130000114440918,4.130000114440918,102500
2023-01-17,4.320000171661377,4.340000152587891,4.130000114440918,4.269999980926514,147900
2023-01-18,4.150000095367432,4.389999866485596,4.150000095367432,4.340000152587891,192800
2023-01-19,4.159999847412109,4.21999979019165,4.070000171661377,4.110000133514404,269600
2023-01-20,4.369999885559082,4.389999866485596,4.099999904632568,4.21999979019165,309800
2023-01-23,4.570000171661377,4.579999923706055,4.360000133514404,4.369999885559082,173200
2023-01-24,4.809999942779541,4.980000019073486,4.510000228881836,4.539999961853027,211300
2023-01-25,5.0,5.0,4.660999774932861,4.769999980926514,159000
2023-01-26,4.929999828338623,5.0,4.789999961853027,5.0,153000
2023-01-27,4.960000038146973,5.039999961853027,4.889999866485596,4.929999828338623,117500
2023-01-30,4.800000190734863,4.929999828338623,4.800000190734863,4.929999828338623,45000
2023-01-31,4.920000076293945,4.989999771118164,4.760000228881836,4.829999923706055,172800
2023-02-01,4.949999809265137,5.059999942779541,4.889999866485596,4.909999847412109,202900
2023-02-02,5.050000190734863,5.190000057220459,4.989999771118164,5.03000020980835,274000
2023-02-03,5.190000057220459,5.210000038146973,4.920000076293945,4.920000076293945,222000
2023-02-06,5.130000114440918,5.25,5.119999885559082,5.159999847412109,118700
2023-02-07,5.159999847412109,5.210000038146973,5.079999923706055,5.130000114440918,133900
2023-02-08,5.170000076293945,5.239999771118164,5.079999923706055,5.150000095367432,114800
2023-02-09,4.940000057220459,5.230000019073486,4.8979997634887695,5.199999809265137,175800
2023-02-10,4.880000114440918,4.989999771118164,4.849999904632568,4.909999847412109,95700
2023-02-13,5.0,5.099999904632568,4.869999885559082,4.900000095367432,114700
2023-02-14,5.139999866485596,5.210000038146973,4.889999866485596,4.949999809265137,133100
2023-02-15,5.230000019073486,5.239999771118164,5.050000190734863,5.110000133514404,155400
2023-02-16,5.21999979019165,5.400000095367432,5.150000095367432,5.159999847412109,130300
2023-02-17,5.0,5.244999885559082,4.989999771118164,5.239999771118164,194400
2023-02-21,5.099999904632568,5.349999904632568,4.800000190734863,5.0,171900
2023-02-22,4.960000038146973,5.190000057220459,4.929999828338623,5.099999904632568,149900
2023-02-23,4.820000171661377,5.010000228881836,4.800000190734863,5.010000228881836,79800
2023-02-24,4.440000057220459,4.760000228881836,4.420000076293945,4.710000038146973,81500
2023-02-27,4.389999866485596,4.491000175476074,4.349999904632568,4.489999771118164,95400
2023-02-28,4.420000076293945,4.46999979019165,4.369999885559082,4.389999866485596,95400
2023-03-01,4.300000190734863,4.500999927520752,4.289999961853027,4.440000057220459,68000
2023-03-02,5.0,5.019999980926514,4.170000076293945,4.170000076293945,262300
2023-03-03,4.869999885559082,5.224999904632568,4.820000171661377,5.179999828338623,235200
2023-03-06,4.769999980926514,4.929999828338623,4.710000038146973,4.900000095367432,282100
2023-03-07,4.78000020980835,4.880000114440918,4.590000152587891,4.760000228881836,99300
2023-03-08,4.71999979019165,4.869999885559082,4.704999923706055,4.730000019073486,64400
2023-03-09,4.650000095367432,4.829999923706055,4.559999942779541,4.75,109900
2023-03-10,4.199999809265137,4.639999866485596,4.179999828338623,4.570000171661377,266700
2023-03-13,4.309999942779541,4.53000020980835,4.190000057220459,4.360000133514404,133300
2023-03-14,4.300000190734863,4.449999809265137,4.190000057220459,4.400000095367432,86200
2023-03-15,4.190000057220459,4.25,4.050000190734863,4.25,75800
2023-03-16,4.21999979019165,4.269999980926514,3.9700000286102295,4.059999942779541,101700
2023-03-17,4.119999885559082,4.329999923706055,4.070000171661377,4.179999828338623,277600
2023-03-20,4.0,4.179999828338623,3.9700000286102295,4.179999828338623,58600
2023-03-21,4.159999847412109,4.179999828338623,4.039999961853027,4.090000152587891,76100
2023-03-22,4.159999847412109,4.289999961853027,4.074999809265137,4.130000114440918,85000
2023-03-23,4.150000095367432,4.413000106811523,4.059999942779541,4.199999809265137,35300
2023-03-24,3.9600000381469727,4.139999866485596,3.934999942779541,4.079999923706055,75400
2023-03-27,4.090000152587891,4.135000228881836,3.910000085830689,4.019999980926514,77300
2023-03-28,4.079999923706055,4.179999828338623,4.039999961853027,4.050000190734863,63400
2023-03-29,4.019999980926514,4.150000095367432,3.964999914169311,4.150000095367432,39200
2023-03-30,3.9600000381469727,4.059999942779541,3.9200000762939458,4.0,61800
2023-03-31,4.130000114440918,4.170000076293945,3.9600000381469727,3.990000009536743,45300
2023-04-03,4.210000038146973,4.210000038146973,4.050000190734863,4.050000190734863,55200
2023-04-04,4.21999979019165,4.28000020980835,4.099999904632568,4.230000019073486,112000
2023-04-05,4.170000076293945,4.210000038146973,4.079999923706055,4.190000057220459,73400
2023-04-06,4.400000095367432,4.489999771118164,4.179999828338623,4.179999828338623,111900
2023-04-10,4.519999980926514,4.599999904632568,4.427999973297119,4.429999828338623,131600
2023-04-11,4.610000133514404,4.699999809265137,4.5,4.5,89500
2023-04-12,4.489999771118164,4.599999904632568,4.480000019073486,4.590000152587891,62700
2023-04-13,4.449999809265137,4.670000076293945,4.429999828338623,4.5,38300
2023-04-14,4.329999923706055,4.489999771118164,4.260000228881836,4.420000076293945,72300
2023-04-17,4.340000152587891,4.369999885559082,4.289999961853027,4.360000133514404,37000
2023-04-18,4.28000020980835,4.360000133514404,4.269999980926514,4.349999904632568,37500
2023-04-19,4.349999904632568,4.440000057220459,4.300000190734863,4.300000190734863,55800
2023-04-20,4.329999923706055,4.394999980926514,4.300000190734863,4.320000171661377,33400
2023-04-21,4.170000076293945,4.369999885559082,4.099999904632568,4.28000020980835,64500
2023-04-24,4.170000076293945,4.224999904632568,4.135000228881836,4.179999828338623,57800
2023-04-25,3.880000114440918,4.169000148773193,3.819999933242798,4.119999885559082,123000
2023-04-26,3.7799999713897705,3.9049999713897705,3.7200000286102295,3.890000104904175,93300
2023-04-27,3.9200000762939458,3.9800000190734863,3.75,3.859999895095825,68900
2023-04-28,3.8299999237060542,3.900000095367432,3.799999952316284,3.890000104904175,81200
2023-05-01,3.869999885559082,3.9200000762939458,3.7300000190734863,3.799999952316284,123300
2023-05-02,3.859999895095825,3.950000047683716,3.809999942779541,3.890000104904175,113300
2023-05-03,3.7300000190734863,3.8949999809265137,3.7300000190734863,3.869999885559082,57100
2023-05-04,3.650000095367432,3.740000009536743,3.5999999046325684,3.690000057220459,66300
2023-05-05,3.7100000381469727,3.849999904632568,3.5199999809265137,3.6700000762939458,130300
2023-05-08,3.700000047683716,3.734999895095825,3.509999990463257,3.549999952316284,179900
2023-05-09,3.630000114440918,3.809999942779541,3.369999885559082,3.75,102600
2023-05-10,3.7799999713897705,3.8450000286102295,3.5999999046325684,3.6700000762939458,172400
2023-05-11,3.7899999618530273,3.880000114440918,3.680000066757202,3.7100000381469727,162000
2023-05-12,3.7899999618530273,3.940000057220459,3.75,3.7899999618530273,68300
2023-05-15,3.880000114440918,3.890000104904175,3.7950000762939458,3.8299999237060542,167800
2023-05-16,3.940000057220459,3.9700000286102295,3.839999914169311,3.839999914169311,123200
2023-05-17,4.139999866485596,4.159999847412109,3.8510000705718994,3.9600000381469727,177800
2023-05-18,4.369999885559082,4.420000076293945,4.139999866485596,4.139999866485596,142700
2023-05-19,4.429999828338623,4.489999771118164,4.400000095367432,4.409999847412109,189100
2023-05-22,4.429999828338623,4.559999942779541,4.329999923706055,4.400000095367432,316500
2023-05-23,4.739999771118164,4.809999942779541,4.420000076293945,4.420000076293945,199500
2023-05-24,4.409999847412109,4.75,4.349999904632568,4.75,140100
2023-05-25,4.650000095367432,4.75,4.290999889373779,4.46999979019165,113500
2023-05-26,4.670000076293945,4.71999979019165,4.599999904632568,4.650000095367432,92000
2023-05-30,4.489999771118164,4.699999809265137,4.409999847412109,4.670000076293945,90400
2023-05-31,4.630000114440918,4.760000228881836,4.420000076293945,4.5,219700
2023-06-01,4.829999923706055,4.900000095367432,4.449999809265137,4.639999866485596,144900
2023-06-02,4.96999979019165,4.96999979019165,4.840000152587891,4.860000133514404,119900
2023-06-05,4.820000171661377,4.980000019073486,4.789999961853027,4.940000057220459,116700
2023-06-06,4.840000152587891,4.980000019073486,4.75,4.769999980926514,141000
2023-06-07,4.71999979019165,4.934999942779541,4.619999885559082,4.820000171661377,162500
2023-06-08,4.800000190734863,4.855000019073486,4.692999839782715,4.699999809265137,88200
2023-06-09,4.710000038146973,4.869999885559082,4.679999828338623,4.760000228881836,78000
2023-06-12,4.75,4.860000133514404,4.690000057220459,4.690000057220459,96200
2023-06-13,4.880000114440918,4.96999979019165,4.75,4.789999961853027,101200
2023-06-14,4.789999961853027,4.880000114440918,4.739999771118164,4.849999904632568,166400
2023-06-15,4.929999828338623,4.96999979019165,4.7729997634887695,4.789999961853027,142200
2023-06-16,4.860000133514404,5.005000114440918,4.840000152587891,4.989999771118164,255100
2023-06-20,4.849999904632568,4.989999771118164,4.849999904632568,4.860000133514404,147800
2023-06-21,4.800000190734863,4.920000076293945,4.78000020980835,4.800000190734863,133100
2023-06-22,4.869999885559082,4.934999942779541,4.724999904632568,4.760000228881836,104400
2023-06-23,4.949999809265137,4.985000133514404,4.789999961853027,4.789999961853027,590000
2023-06-26,4.849999904632568,4.989999771118164,4.840000152587891,4.929999828338623,124900
2023-06-27,4.909999847412109,4.96999979019165,4.849999904632568,4.860000133514404,75300
2023-06-28,4.929999828338623,4.980000019073486,4.849999904632568,4.889999866485596,66100
2023-06-29,4.960000038146973,5.0,4.900000095367432,4.929999828338623,111300
2023-06-30,4.920000076293945,4.980000019073486,4.894999980926514,4.96999979019165,72000
2023-07-03,5.179999828338623,5.235000133514404,4.880000114440918,4.920000076293945,123900
2023-07-05,4.960000038146973,5.199999809265137,4.929999828338623,5.190000057220459,163500
2023-07-06,4.730000019073486,4.940000057220459,4.510000228881836,4.860000133514404,135800
2023-07-07,4.909999847412109,5.03000020980835,4.75,4.75,354600
2023-07-10,5.110000133514404,5.130000114440918,4.849999904632568,4.880000114440918,99400
2023-07-11,5.360000133514404,5.389999866485596,5.110000133514404,5.110000133514404,119100
2023-07-12,5.389999866485596,5.5,5.320000171661377,5.489999771118164,89300
2023-07-13,5.380000114440918,5.480000019073486,5.329999923706055,5.389999866485596,54500
2023-07-14,5.420000076293945,5.480000019073486,5.320000171661377,5.340000152587891,58700
2023-07-17,5.239999771118164,5.46999979019165,5.190000057220459,5.420000076293945,179800
2023-07-18,5.199999809265137,5.34499979019165,5.170000076293945,5.21999979019165,89000
2023-07-19,5.260000228881836,5.260000228881836,5.150000095367432,5.199999809265137,143600
2023-07-20,5.199999809265137,5.28000020980835,5.130000114440918,5.21999979019165,101600
2023-07-21,5.170000076293945,5.300000190734863,5.119999885559082,5.25,109600
2023-07-24,5.039999961853027,5.210000038146973,4.900000095367432,5.179999828338623,154100
2023-07-25,5.050000190734863,5.139999866485596,5.010000228881836,5.039999961853027,120200
2023-07-26,5.119999885559082,5.230000019073486,5.050000190734863,5.079999923706055,114400
2023-07-27,5.0,5.210000038146973,4.96999979019165,5.210000038146973,88000
2023-07-28,5.199999809265137,5.239999771118164,5.001999855041504,5.03000020980835,90200
2023-07-31,5.309999942779541,5.409999847412109,5.190000057220459,5.190000057220459,139400
2023-08-01,5.159999847412109,5.409999847412109,5.090000152587891,5.300000190734863,172100
2023-08-02,5.110000133514404,5.269999980926514,5.059999942779541,5.059999942779541,474900
2023-08-03,5.099999904632568,5.159999847412109,5.079999923706055,5.079999923706055,215200
2023-08-04,5.340000152587891,5.380000114440918,5.039999961853027,5.090000152587891,236700
2023-08-07,5.159999847412109,5.380000114440918,5.139999866485596,5.300000190734863,194600
2023-08-08,5.489999771118164,5.5,5.059999942779541,5.139999866485596,147300
2023-08-09,5.710000038146973,5.89300012588501,5.449999809265137,5.5,354800
2023-08-10,5.820000171661377,5.869999885559082,5.579999923706055,5.579999923706055,161100
2023-08-11,5.789999961853027,5.940000057220459,5.690000057220459,5.760000228881836,146200
2023-08-14,5.710000038146973,5.829999923706055,5.639999866485596,5.829999923706055,83200
2023-08-15,5.489999771118164,5.71999979019165,5.449999809265137,5.650000095367432,123000
2023-08-16,5.449999809265137,5.599999904632568,5.389999866485596,5.46999979019165,97300
2023-08-17,5.349999904632568,5.519999980926514,5.340000152587891,5.409999847412109,79000
2023-08-18,5.300000190734863,5.5,5.269999980926514,5.289999961853027,95300
2023-08-21,5.300000190734863,5.349999904632568,5.170000076293945,5.269999980926514,135200
2023-08-22,5.340000152587891,5.369999885559082,5.239999771118164,5.300000190734863,107800
2023-08-23,5.75,5.75,5.349999904632568,5.349999904632568,105300
2023-08-24,5.559999942779541,5.769999980926514,5.539999961853027,5.75,123100
2023-08-25,5.699999809265137,5.75,5.46999979019165,5.53000020980835,64300
2023-08-28,5.679999828338623,5.75,5.489999771118164,5.679999828338623,98100
2023-08-29,5.730000019073486,5.789999961853027,5.670000076293945,5.670000076293945,89300
2023-08-30,5.699999809265137,5.769999980926514,5.679999828338623,5.739999771118164,87800
2023-08-31,5.710000038146973,5.78000020980835,5.690000057220459,5.699999809265137,161800
2023-09-01,5.920000076293945,5.949999809265137,5.513000011444092,5.730000019073486,127900
2023-09-05,5.690000057220459,5.900000095367432,5.679999828338623,5.900000095367432,217300
2023-09-06,5.429999828338623,5.730000019073486,5.38100004196167,5.710000038146973,95600
2023-09-07,5.289999961853027,5.349999904632568,5.150000095367432,5.340000152587891,432200
2023-09-08,5.239999771118164,5.349999904632568,5.199999809265137,5.289999961853027,101800
2023-09-11,5.269999980926514,5.340000152587891,5.159999847412109,5.179999828338623,87100
2023-09-12,5.269999980926514,5.480000019073486,5.25,5.28000020980835,98000
2023-09-13,4.994999885559082,5.269999980926514,4.96999979019165,5.25,130500
2023-09-14,5.010000228881836,5.177999973297119,4.980000019073486,4.980000019073486,129700
2023-09-15,4.989999771118164,5.079999923706055,4.980000019073486,5.010000228881836,200600
2023-09-18,5.010000228881836,5.050000190734863,4.96999979019165,4.980000019073486,99000
2023-09-19,5.119999885559082,5.230000019073486,4.989999771118164,4.989999771118164,129300
2023-09-20,4.920000076293945,5.269999980926514,4.900000095367432,5.139999866485596,82200
2023-09-21,4.949999809265137,4.965000152587891,4.760000228881836,4.869999885559082,79700
2023-09-22,5.010000228881836,5.039999961853027,4.960000038146973,4.960000038146973,67500
2023-09-25,5.099999904632568,5.130000114440918,4.860000133514404,4.96999979019165,81800
2023-09-26,5.010000228881836,5.070000171661377,4.920000076293945,4.920000076293945,74100
2023-09-27,4.980000019073486,5.119999885559082,4.960000038146973,5.019999980926514,92600
2023-09-28,4.960000038146973,5.010000228881836,4.909999847412109,5.010000228881836,80700
2023-09-29,4.869999885559082,5.045000076293945,4.829999923706055,5.019999980926514,76400
2023-10-02,4.710000038146973,4.880000114440918,4.659999847412109,4.840000152587891,90900
2023-10-03,4.739999771118164,4.958000183105469,4.610000133514404,4.710000038146973,81700
2023-10-04,4.820000171661377,4.909999847412109,4.739999771118164,4.739999771118164,86400
2023-10-05,4.840000152587891,4.880000114440918,4.760000228881836,4.820000171661377,105900
2023-10-06,5.0,5.010000228881836,4.739999771118164,4.739999771118164,79400
2023-10-09,4.909999847412109,5.070000171661377,4.860000133514404,4.929999828338623,90600
2023-10-10,4.989999771118164,5.150000095367432,4.880000114440918,4.880000114440918,77400
2023-10-11,4.829999923706055,5.0,4.760000228881836,4.909999847412109,66800
2023-10-12,4.820000171661377,4.949999809265137,4.651000022888184,4.651000022888184,67400
2023-10-13,4.679999828338623,4.840000152587891,4.650000095367432,4.809999942779541,69000
2023-10-16,4.789999961853027,4.940000057220459,4.679999828338623,4.739999771118164,103600
2023-10-17,4.760000228881836,4.869999885559082,4.71999979019165,4.809999942779541,124600
2023-10-18,4.670000076293945,4.71999979019165,4.650000095367432,4.71999979019165,69400
2023-10-19,4.679999828338623,4.739999771118164,4.670000076293945,4.699999809265137,84300
2023-10-20,4.619999885559082,4.699999809265137,4.610000133514404,4.690000057220459,83300
2023-10-23,4.519999980926514,4.590000152587891,4.5,4.590000152587891,168700
2023-10-24,4.519999980926514,4.625,4.489999771118164,4.579999923706055,101000
2023-10-25,4.420000076293945,4.498000144958496,4.374000072479248,4.449999809265137,71600
2023-10-26,4.260000228881836,4.409999847412109,4.239999771118164,4.409999847412109,85000
2023-10-27,4.300000190734863,4.489999771118164,4.21999979019165,4.300000190734863,84800
2023-10-30,4.260000228881836,4.409999847412109,4.230000019073486,4.349999904632568,91400
2023-10-31,4.269999980926514,4.309999942779541,4.260000228881836,4.288000106811523,78800
2023-11-01,4.059999942779541,4.239999771118164,3.9700000286102295,4.21999979019165,59200
2023-11-02,4.0,4.230000019073486,3.940000057220459,4.070000171661377,125300
2023-11-03,4.0,4.139999866485596,3.869999885559082,4.059999942779541,84400
2023-11-06,4.170000076293945,4.170000076293945,3.950000047683716,3.9800000190734863,79000
2023-11-07,3.5999999046325684,4.28000020980835,3.5799999237060547,4.230000019073486,236300
2023-11-08,3.619999885559082,3.660000085830689,3.3350000381469727,3.5799999237060547,299100
2023-11-09,3.549999952316284,3.700000047683716,3.490000009536743,3.640000104904175,75200
2023-11-10,3.630000114440918,3.650000095367432,3.493000030517578,3.569999933242798,80900
2023-11-13,3.5199999809265137,3.7300000190734863,3.5,3.569999933242798,92700
2023-11-14,3.700000047683716,3.8299999237060542,3.559999942779541,3.660000085830689,312800
2023-11-15,3.7899999618530273,3.9700000286102295,3.690999984741211,3.7300000190734863,236600
2023-11-16,3.9200000762939458,3.950000047683716,3.740000009536743,3.7899999618530273,97400
2023-11-17,3.839999914169311,4.050000190734863,3.799999952316284,3.940000057220459,142500
2023-11-20,3.799999952316284,3.9200000762939458,3.7799999713897705,3.799999952316284,155800
2023-11-21,3.7899999618530273,3.849999904632568,3.7300000190734863,3.740000009536743,82100
2023-11-22,3.7899999618530273,3.8299999237060542,3.7799999713897705,3.8299999237060542,112500
2023-11-24,3.940000057220459,3.940000057220459,3.7899999618530273,3.799999952316284,31000
2023-11-27,3.9800000190734863,4.019999980926514,3.859999895095825,3.950000047683716,85900
2023-11-28,3.839999914169311,3.974999904632568,3.8299999237060542,3.9700000286102295,98500
2023-11-29,3.890000104904175,3.936000108718872,3.799999952316284,3.799999952316284,125600
2023-11-30,3.809999942779541,3.880000114440918,3.7100000381469727,3.880000114440918,119900
2023-12-01,3.9600000381469727,4.0,3.785000085830689,3.7899999618530273,121400
2023-12-04,3.950000047683716,4.139999866485596,3.940000057220459,3.9600000381469727,148100
2023-12-05,3.990000009536743,4.039999961853027,3.880000114440918,3.900000095367432,118100
2023-12-06,3.890000104904175,4.054999828338623,3.890000104904175,4.050000190734863,104800
2023-12-07,3.859999895095825,3.880000114440918,3.700000047683716,3.809999942779541,132100
2023-12-08,4.070000171661377,4.079999923706055,3.809999942779541,4.070000171661377,91900
2023-12-11,4.059999942779541,4.159999847412109,4.039999961853027,4.070000171661377,110800
2023-12-12,4.119999885559082,4.199999809265137,4.0,4.03000020980835,83500
2023-12-13,4.289999961853027,4.289999961853027,4.025000095367432,4.119999885559082,118100
2023-12-14,4.309999942779541,4.389999866485596,4.25,4.349999904632568,153900
2023-12-15,4.340000152587891,4.360000133514404,4.199999809265137,4.360000133514404,249400
2023-12-18,4.110000133514404,4.340000152587891,4.090000152587891,4.21999979019165,155000
2023-12-19,4.28000020980835,4.300000190734863,4.079999923706055,4.110000133514404,123500
2023-12-20,4.300000190734863,4.429999828338623,4.230000019073486,4.340000152587891,146300
2023-12-21,4.369999885559082,4.449999809265137,4.119999885559082,4.199999809265137,112700
2023-12-22,4.510000228881836,4.570000171661377,4.360000133514404,4.400000095367432,81400
2023-12-26,4.559999942779541,4.599999904632568,4.449999809265137,4.53000020980835,87800
2023-12-27,4.400000095367432,4.53000020980835,4.360000133514404,4.409999847412109,100900
2023-12-28,4.420000076293945,4.474999904632568,4.290999889373779,4.380000114440918,85600
2023-12-29,4.380000114440918,4.429999828338623,4.309999942779541,4.409999847412109,58000
2024-01-02,4.119999885559082,4.340000152587891,4.099999904632568,4.340000152587891,105500
2024-01-03,4.150000095367432,4.25,4.010000228881836,4.139999866485596,84600
2024-01-04,4.110000133514404,4.239999771118164,4.099999904632568,4.179999828338623,114000
2024-01-05,4.25,4.309999942779541,4.070000171661377,4.090000152587891,299200
2024-01-08,4.139999866485596,4.269999980926514,4.110000133514404,4.269999980926514,126400
2024-01-09,4.099999904632568,4.210000038146973,4.070000171661377,4.110000133514404,66600
2024-01-10,4.039999961853027,4.170000076293945,4.010000228881836,4.099999904632568,74300
2024-01-11,4.130000114440918,4.164999961853027,4.0,4.039999961853027,93400
2024-01-12,4.070000171661377,4.179999828338623,3.799999952316284,4.179999828338623,154400
2024-01-16,3.940000057220459,4.050000190734863,3.9200000762939458,4.03000020980835,58800
2024-01-17,3.890000104904175,3.930000066757202,3.759999990463257,3.890000104904175,61700
2024-01-18,3.9700000286102295,4.019999980926514,3.849999904632568,3.9200000762939458,90000
2024-01-19,3.990000009536743,4.050000190734863,3.950000047683716,3.990000009536743,155400
2024-01-22,3.990000009536743,4.039000034332275,3.839999914169311,4.010000228881836,235300
2024-01-23,4.079999923706055,4.119999885559082,3.990000009536743,4.0,195100
2024-01-24,3.8299999237060542,4.110000133514404,3.640000104904175,4.079999923706055,244900
2024-01-25,3.940000057220459,4.058000087738037,3.825999975204468,3.890000104904175,98700
2024-01-26,4.0,4.03000020980835,3.924000024795532,3.9700000286102295,67100
2024-01-29,4.079999923706055,4.146999835968018,4.0,4.0,123300
2024-01-30,4.039999961853027,4.179999828338623,3.990000009536743,4.0,139800
2024-01-31,3.930000066757202,4.139999866485596,3.900000095367432,4.050000190734863,102700
2024-02-01,3.900000095367432,4.119999885559082,3.880000114440918,3.9700000286102295,98400
2024-02-02,4.070000171661377,4.159999847412109,3.880000114440918,3.880000114440918,69300
2024-02-05,3.9600000381469727,4.050000190734863,3.900000095367432,4.03000020980835,95300
2024-02-06,4.130000114440918,4.139999866485596,3.9200000762939458,3.9700000286102295,75200
2024-02-07,4.21999979019165,4.300000190734863,4.059999942779541,4.130000114440918,71100
2024-02-08,4.21999979019165,4.389999866485596,4.071000099182129,4.190000057220459,100200
2024-02-09,4.480000019073486,4.53000020980835,4.184999942779541,4.25,87700
2024-02-12,4.559999942779541,4.644999980926514,4.429999828338623,4.46999979019165,130100
2024-02-13,4.139999866485596,4.449999809265137,4.119999885559082,4.429999828338623,117900
2024-02-14,4.320000171661377,4.389999866485596,4.215000152587891,4.21999979019165,106800
2024-02-15,4.440000057220459,4.46999979019165,4.019999980926514,4.369999885559082,98200
2024-02-16,4.369999885559082,4.5,4.369999885559082,4.429999828338623,79000
2024-02-20,4.21999979019165,4.420000076293945,4.179999828338623,4.320000171661377,76000
2024-02-21,4.179999828338623,4.269999980926514,4.122000217437744,4.210000038146973,65800
2024-02-22,4.119999885559082,4.179999828338623,4.019999980926514,4.170000076293945,57300
2024-02-23,4.130000114440918,4.179999828338623,4.070000171661377,4.119999885559082,38200
2024-02-26,4.099999904632568,4.164999961853027,3.9600000381469727,4.059999942779541,46500
2024-02-27,4.079999923706055,4.179999828338623,4.050000190734863,4.159999847412109,77100
2024-02-28,3.910000085830689,4.090000152587891,3.885999917984009,4.039999961853027,84900
2024-02-29,3.680000066757202,3.940000057220459,3.619999885559082,3.7899999618530273,394100
2024-03-01,3.4700000286102295,3.700000047683716,3.450000047683716,3.700000047683716,136700
2024-03-04,3.75,3.7899999618530273,3.4200000762939453,3.509999990463257,1378100
2024-03-05,3.619999885559082,3.809999942779541,3.5799999237060547,3.700000047683716,204700
2024-03-06,3.849999904632568,3.869999885559082,3.5999999046325684,3.650000095367432,132600
2024-03-07,3.8299999237060542,3.940000057220459,3.7300000190734863,3.8299999237060542,299600
2024-03-08,3.859999895095825,4.0,3.809999942779541,3.809999942779541,85500
2024-03-11,4.130000114440918,4.150000095367432,3.825000047683716,3.839999914169311,145700
2024-03-12,3.9800000190734863,4.260000228881836,3.9200000762939458,4.110000133514404,201100
2024-03-13,3.890000104904175,4.039999961853027,3.740000009536743,3.9700000286102295,574100
2024-03-14,3.819999933242798,3.900000095367432,3.7699999809265137,3.880000114440918,170800
2024-03-15,3.690000057220459,3.828000068664551,3.660000085830689,3.7699999809265137,388400
2024-03-18,3.7200000286102295,3.75,3.6449999809265137,3.650000095367432,71200
2024-03-19,3.7300000190734863,3.759999990463257,3.609999895095825,3.7200000286102295,69100
2024-03-20,3.799999952316284,3.869999885559082,3.619999885559082,3.7100000381469727,104200
2024-03-21,3.869999885559082,3.900000095367432,3.7799999713897705,3.799999952316284,105200
2024-03-22,3.690000057220459,3.900000095367432,3.680000066757202,3.880000114440918,45000
2024-03-25,3.7300000190734863,3.75,3.686000108718872,3.700000047683716,99400
2024-03-26,3.7100000381469727,3.7799999713897705,3.5799999237060547,3.75,67500
2024-03-27,3.930000066757202,3.9600000381469727,3.7300000190734863,3.740000009536743,76900
2024-03-28,3.950000047683716,4.0269999504089355,3.9200000762939458,3.9200000762939458,47400
2024-04-01,4.050000190734863,4.070000171661377,3.900000095367432,3.950000047683716,95400
2024-04-02,4.0,4.059999942779541,3.9800000190734863,4.0,77700
2024-04-03,4.09499979019165,4.199999809265137,3.9600000381469727,3.9600000381469727,283200
2024-04-04,4.130000114440918,4.175000190734863,4.079999923706055,4.099999904632568,208700
2024-04-05,4.159999847412109,4.199999809265137,4.130000114440918,4.150000095367432,43600
2024-04-08,4.079999923706055,4.179999828338623,4.074999809265137,4.170000076293945,136600
2024-04-09,4.090000152587891,4.135000228881836,4.079999923706055,4.110000133514404,53000
2024-04-10,4.019999980926514,4.099999904632568,3.910000085830689,3.930000066757202,161800
2024-04-11,4.090000152587891,4.099999904632568,4.0,4.019999980926514,155900
2024-04-12,4.090000152587891,4.300000190734863,4.045000076293945,4.059999942779541,65400
2024-04-15,4.039999961853027,4.099999904632568,4.03000020980835,4.039999961853027,145700
2024-04-16,4.050000190734863,4.110000133514404,4.03000020980835,4.050000190734863,48200
2024-04-17,4.070000171661377,4.070000171661377,3.990000009536743,4.050000190734863,183800
2024-04-18,4.059999942779541,4.130000114440918,4.050000190734863,4.070000171661377,100400
2024-04-19,4.090000152587891,4.110000133514404,4.050000190734863,4.050000190734863,63100
2024-04-22,4.070000171661377,4.099999904632568,4.050000190734863,4.099999904632568,52700
2024-04-23,4.139999866485596,4.159999847412109,4.070000171661377,4.070000171661377,53900
2024-04-24,4.110000133514404,4.159999847412109,4.09499979019165,4.150000095367432,61200
2024-04-25,4.070000171661377,4.119999885559082,4.03000020980835,4.03000020980835,61700
2024-04-26,4.179999828338623,4.199999809265137,4.0,4.0,165200
2024-04-29,4.159999847412109,4.239999771118164,4.159999847412109,4.170000076293945,33300
2024-04-30,4.050000190734863,4.139999866485596,4.039999961853027,4.139999866485596,85100
2024-05-01,4.230000019073486,4.300000190734863,4.090000152587891,4.099999904632568,240800
2024-05-02,4.440000057220459,4.480000019073486,4.204999923706055,4.300000190734863,293800
2024-05-03,4.409999847412109,4.505000114440918,4.340000152587891,4.5,114200
2024-05-06,4.369999885559082,4.46999979019165,4.360000133514404,4.440000057220459,64300
2024-05-07,4.260000228881836,4.380000114440918,4.239999771118164,4.369999885559082,151600
2024-05-08,4.429999828338623,4.449999809265137,4.230000019073486,4.230000019073486,382900
2024-05-09,4.550000190734863,4.550000190734863,4.369999885559082,4.420000076293945,255200
2024-05-10,4.5,4.550000190734863,4.454999923706055,4.550000190734863,151500
2024-05-13,4.46999979019165,4.519999980926514,4.440000057220459,4.5,138600
2024-05-14,4.5,4.53000020980835,4.302000045776367,4.389999866485596,133300
2024-05-15,4.5,4.519999980926514,4.449999809265137,4.46999979019165,84200
2024-05-16,4.690000057220459,4.710000038146973,4.489999771118164,4.510000228881836,265900
2024-05-17,4.840000152587891,4.900000095367432,4.630000114440918,4.679999828338623,293700
2024-05-20,4.730000019073486,4.8979997634887695,4.710000038146973,4.829999923706055,220900
2024-05-21,4.769999980926514,4.809999942779541,4.679999828338623,4.699999809265137,159900
2024-05-22,4.71999979019165,4.840000152587891,4.650000095367432,4.760000228881836,159600
2024-05-23,4.739999771118164,4.769999980926514,4.644999980926514,4.739999771118164,115600
2024-05-24,4.809999942779541,4.820000171661377,4.670000076293945,4.75,82200
2024-05-28,4.690000057220459,4.820000171661377,4.670000076293945,4.809999942779541,152400
2024-05-29,4.730000019073486,4.769999980926514,4.639999866485596,4.639999866485596,98800
2024-05-30,4.730000019073486,4.78000020980835,4.639999866485596,4.760000228881836,84000
2024-05-31,4.590000152587891,4.739999771118164,4.519999980926514,4.710000038146973,233600
2024-06-03,4.53000020980835,4.639999866485596,4.489999771118164,4.599999904632568,133400
2024-06-04,4.550000190734863,4.614999771118164,4.445000171661377,4.480000019073486,158000
2024-06-05,4.659999847412109,4.670000076293945,4.5,4.579999923706055,118100
2024-06-06,4.570000171661377,4.639999866485596,4.570000171661377,4.639999866485596,50000
2024-06-07,4.559999942779541,4.590000152587891,4.449999809265137,4.5,217600
2024-06-10,4.590000152587891,4.599999904632568,4.480000019073486,4.53000020980835,93300
2024-06-11,4.579999923706055,4.579999923706055,4.489999771118164,4.570000171661377,51900
2024-06-12,4.550000190734863,4.690000057220459,4.519999980926514,4.670000076293945,63400
2024-06-13,4.619999885559082,4.639999866485596,4.5,4.559999942779541,224100
2024-06-14,4.579999923706055,4.650000095367432,4.519999980926514,4.570000171661377,73100
2024-06-17,4.639999866485596,4.679999828338623,4.539999961853027,4.590000152587891,123400
2024-06-18,4.539999961853027,4.650000095367432,4.539999961853027,4.639999866485596,219500
2024-06-20,4.650000095367432,4.690000057220459,4.550000190734863,4.559999942779541,120900
2024-06-21,4.679999828338623,4.699999809265137,4.633999824523926,4.650000095367432,169800
2024-06-24,4.940000057220459,4.960000038146973,4.690000057220459,4.699999809265137,296500
2024-06-25,4.940000057220459,4.980000019073486,4.789999961853027,4.980000019073486,115200
2024-06-26,4.900000095367432,4.940000057220459,4.849999904632568,4.940000057220459,98100
2024-06-27,4.849999904632568,4.923999786376953,4.809999942779541,4.920000076293945,57200
2024-06-28,4.980000019073486,5.079999923706055,4.800000190734863,4.860000133514404,466100
2024-07-01,4.829999923706055,5.010000228881836,4.760000228881836,5.0,147100
2024-07-02,4.869999885559082,4.900000095367432,4.800000190734863,4.800000190734863,107600
2024-07-03,4.860000133514404,4.894999980926514,4.829999923706055,4.880000114440918,22900
2024-07-05,4.670000076293945,4.800000190734863,4.650000095367432,4.800000190734863,182400
2024-07-08,4.809999942779541,4.820000171661377,4.670000076293945,4.679999828338623,82900
2024-07-09,4.800000190734863,4.840000152587891,4.71999979019165,4.820000171661377,57900
2024-07-10,4.670000076293945,4.800000190734863,4.650000095367432,4.78000020980835,67200
2024-07-11,4.769999980926514,4.835000038146973,4.679999828338623,4.699999809265137,154400
2024-07-12,4.800000190734863,4.849999904632568,4.71999979019165,4.820000171661377,127700
2024-07-15,4.860000133514404,4.949999809265137,4.829999923706055,4.849999904632568,144600
2024-07-16,4.989999771118164,4.989999771118164,4.840000152587891,4.860000133514404,169500
2024-07-17,4.900000095367432,5.0,4.809999942779541,4.909999847412109,141300
2024-07-18,4.71999979019165,4.889999866485596,4.710000038146973,4.880000114440918,69700
2024-07-19,4.659999847412109,4.730000019073486,4.610000133514404,4.730000019073486,81100
2024-07-22,4.739999771118164,4.800000190734863,4.605000019073486,4.659999847412109,64500
2024-07-23,4.880000114440918,4.929999828338623,4.650000095367432,4.739999771118164,107500
2024-07-24,4.75,4.909999847412109,4.739999771118164,4.829999923706055,66100
2024-07-25,4.929999828338623,4.945000171661377,4.71999979019165,4.760000228881836,158700
2024-07-26,4.949999809265137,4.96999979019165,4.829999923706055,4.949999809265137,92500
2024-07-29,4.800000190734863,4.940000057220459,4.800000190734863,4.929999828338623,53900
2024-07-30,4.829999923706055,4.869999885559082,4.75,4.78000020980835,51700
2024-07-31,4.78000020980835,4.914999961853027,4.75,4.829999923706055,109000
2024-08-01,4.980000019073486,5.230000019073486,4.920000076293945,5.199999809265137,628300
2024-08-02,4.909999847412109,5.059999942779541,4.900000095367432,4.980000019073486,454300
2024-08-05,4.659999847412109,4.670000076293945,4.510000228881836,4.670000076293945,239900
2024-08-06,4.699999809265137,4.75,4.630000114440918,4.679999828338623,175100
2024-08-07,4.840000152587891,4.880000114440918,4.820000171661377,4.820000171661377,356400
2024-08-08,4.860000133514404,5.079999923706055,4.829999923706055,5.079999923706055,100200
2024-08-09,4.659999847412109,4.909999847412109,4.554999828338623,4.909999847412109,211800
2024-08-12,4.559999942779541,4.610000133514404,4.510000228881836,4.599999904632568,133600
2024-08-13,4.739999771118164,4.764999866485596,4.550000190734863,4.559999942779541,200500
2024-08-14,4.744999885559082,4.769999980926514,4.579999923706055,4.75,210700
2024-08-15,4.900000095367432,4.96999979019165,4.809999942779541,4.840000152587891,164800
2024-08-16,4.860000133514404,4.980000019073486,4.815000057220459,4.900000095367432,82900
2024-08-19,4.920000076293945,4.929999828338623,4.840000152587891,4.860000133514404,79700
2024-08-20,4.900000095367432,4.965000152587891,4.869999885559082,4.929999828338623,89800
2024-08-21,5.079999923706055,5.079999923706055,4.900000095367432,4.900000095367432,93700
2024-08-22,5.119999885559082,5.179999828338623,5.019999980926514,5.090000152587891,59900
2024-08-23,5.230000019073486,5.300000190734863,5.150000095367432,5.159999847412109,91900
2024-08-26,5.110000133514404,5.210000038146973,5.090000152587891,5.170000076293945,140900
2024-08-27,5.130000114440918,5.170000076293945,5.079999923706055,5.079999923706055,58700
2024-08-28,5.039999961853027,5.130000114440918,4.989999771118164,5.099999904632568,55400
2024-08-29,5.050000190734863,5.099999904632568,4.909999847412109,5.050000190734863,53700
2024-08-30,5.099999904632568,5.119999885559082,5.010000228881836,5.090000152587891,52800
2024-09-03,4.889999866485596,5.050000190734863,4.880000114440918,5.03000020980835,65700
2024-09-04,4.980000019073486,5.050000190734863,4.875,4.880000114440918,75200
2024-09-05,4.949999809265137,5.039999961853027,4.945000171661377,4.96999979019165,43300
2024-09-06,4.800000190734863,4.974999904632568,4.800000190734863,4.960000038146973,62000
2024-09-09,4.610000133514404,4.701000213623047,4.570000171661377,4.659999847412109,147900
2024-09-10,4.679999828338623,4.715000152587891,4.610000133514404,4.630000114440918,37600
2024-09-11,4.690000057220459,4.75,4.590000152587891,4.659999847412109,55500
2024-09-12,4.769999980926514,4.769999980926514,4.639999866485596,4.71999979019165,94200
2024-09-13,4.769999980926514,4.824999809265137,4.730000019073486,4.78000020980835,73100
2024-09-16,4.760000228881836,4.789999961853027,4.664999961853027,4.75,87100
2024-09-17,4.650000095367432,4.78000020980835,4.619999885559082,4.75,84800
2024-09-18,4.699999809265137,4.829999923706055,4.639999866485596,4.639999866485596,80800
2024-09-19,4.789999961853027,4.829999923706055,4.7230000495910645,4.829999923706055,75300
2024-09-20,4.579999923706055,4.739999771118164,4.579999923706055,4.739999771118164,576500
2024-09-23,4.539999961853027,4.690000057220459,4.3520002365112305,4.630000114440918,117300
2024-09-24,4.599999904632568,4.609000205993652,4.46999979019165,4.570000171661377,63600
2024-09-25,4.659999847412109,4.670000076293945,4.545000076293945,4.610000133514404,71200
2024-09-26,4.920000076293945,4.934999942779541,4.800000190734863,4.800000190734863,119900
2024-09-27,4.949999809265137,4.980000019073486,4.889999866485596,4.940000057220459,47800
2024-09-30,4.860000133514404,4.980000019073486,4.795000076293945,4.940000057220459,57000
2024-10-01,4.800000190734863,4.85099983215332,4.769999980926514,4.849999904632568,54700
2024-10-02,4.800000190734863,4.836999893188477,4.78000020980835,4.78000020980835,27600
2024-10-03,4.639999866485596,4.75,4.625,4.75,40800
2024-10-04,4.630000114440918,4.7129998207092285,4.630000114440918,4.710000038146973,32500
2024-10-07,4.610000133514404,4.659999847412109,4.570000171661377,4.659999847412109,43800
2024-10-08,4.599999904632568,4.690000057220459,4.570000171661377,4.599999904632568,43700
2024-10-09,4.619999885559082,4.670000076293945,4.590000152587891,4.590000152587891,37500
2024-10-10,4.599999904632568,4.610000133514404,4.519999980926514,4.579999923706055,46500
2024-10-11,4.639999866485596,4.739999771118164,4.599999904632568,4.619999885559082,62700
2024-10-14,4.679999828338623,4.769999980926514,4.579999923706055,4.590000152587891,62900
2024-10-15,4.599999904632568,4.710000038146973,4.590000152587891,4.650000095367432,72700
2024-10-16,4.630000114440918,4.699999809265137,4.599999904632568,4.610000133514404,55200
2024-10-17,4.639999866485596,4.65500020980835,4.559999942779541,4.650000095367432,61500
2024-10-18,4.570000171661377,4.659999847412109,4.570000171661377,4.630000114440918,35500
2024-10-21,4.599999904632568,4.619999885559082,4.461999893188477,4.559999942779541,107100
2024-10-22,4.53000020980835,4.619999885559082,4.526000022888184,4.599999904632568,35200
2024-10-23,4.460000038146973,4.480000019073486,4.429999828338623,4.480000019073486,46500
2024-10-24,4.340000152587891,4.460000038146973,4.320000171661377,4.449999809265137,75800
2024-10-25,4.300000190734863,4.3520002365112305,4.289999961853027,4.300000190734863,64300
2024-10-28,4.389999866485596,4.420000076293945,4.300000190734863,4.300000190734863,60200
2024-10-29,4.320000171661377,4.400000095367432,4.28000020980835,4.300000190734863,58900
2024-10-30,4.369999885559082,4.429999828338623,4.260000228881836,4.300000190734863,74600
2024-10-31,4.289999961853027,4.400000095367432,4.275000095367432,4.300000190734863,148600
2024-11-01,4.400000095367432,4.429999828338623,4.289999961853027,4.300000190734863,79700
2024-11-04,4.269999980926514,4.389999866485596,4.255000114440918,4.360000133514404,48300
2024-11-05,4.380000114440918,4.389999866485596,4.230000019073486,4.260000228881836,71700
2024-11-06,4.760000228881836,4.820000171661377,4.668000221252441,4.75,210400
2024-11-07,5.070000171661377,5.140999794006348,4.519999980926514,5.0,154400
2024-11-08,5.0,5.090000152587891,4.974999904632568,5.039999961853027,103900
2024-11-11,4.960000038146973,5.050000190734863,4.909999847412109,4.949999809265137,163900
2024-11-12,5.119999885559082,5.210000038146973,5.0,5.0,287500
2024-11-13,5.300000190734863,5.320000171661377,5.139999866485596,5.159999847412109,141400
2024-11-14,5.079999923706055,5.480000019073486,5.039999961853027,5.340000152587891,172200
2024-11-15,5.039999961853027,5.110000133514404,5.0,5.110000133514404,105000
2024-11-18,4.960000038146973,5.090000152587891,4.940000057220459,5.0,143100
2024-11-19,5.019999980926514,5.039000034332275,4.940000057220459,4.980000019073486,70800
2024-11-20,5.0,5.059999942779541,4.96999979019165,5.050000190734863,99000
2024-11-21,5.099999904632568,5.144999980926514,4.9770002365112305,4.980000019073486,213200
2024-11-22,5.050000190734863,5.150000095367432,5.010000228881836,5.130000114440918,154200
2024-11-25,5.199999809265137,5.28000020980835,5.019999980926514,5.059999942779541,327800
2024-11-26,5.369999885559082,5.380000114440918,5.090000152587891,5.199999809265137,157900
2024-11-27,5.460000038146973,5.485000133514404,5.369999885559082,5.429999828338623,103400
2024-11-29,5.429999828338623,5.494999885559082,5.349999904632568,5.449999809265137,85400
2024-12-02,5.46999979019165,5.5,5.373000144958496,5.420000076293945,280600
2024-12-03,5.960000038146973,6.0,5.46999979019165,5.480000019073486,424900
2024-12-04,6.21999979019165,6.21999979019165,5.909999847412109,6.0,370200
2024-12-05,6.329999923706055,6.63700008392334,6.28000020980835,6.349999904632568,412900
2024-12-06,6.190000057220459,6.400000095367432,6.139999866485596,6.329999923706055,211900
2024-12-09,6.329999923706055,6.47599983215332,6.179999828338623,6.409999847412109,286800
2024-12-10,6.650000095367432,6.650000095367432,6.25,6.360000133514404,300400
2024-12-11,6.945000171661377,6.949999809265137,6.349999904632568,6.630000114440918,313200
2024-12-12,6.690000057220459,6.940000057220459,6.510000228881836,6.940000057220459,219000
2024-12-13,6.53000020980835,6.75,6.263000011444092,6.710000038146973,158900
2024-12-16,7.03000020980835,7.130000114440918,6.480000019073486,6.510000228881836,429100
2024-12-17,7.579999923706055,7.699999809265137,6.980000019073486,7.0,1491700
2024-12-18,7.260000228881836,7.869999885559082,7.210000038146973,7.829999923706055,651800
2024-12-19,7.309999942779541,7.53000020980835,7.199999809265137,7.5,334500
2024-12-20,7.349999904632568,7.46999979019165,7.050000190734863,7.199999809265137,459900
2024-12-23,7.380000114440918,7.525000095367432,7.270999908447266,7.300000190734863,271200
2024-12-24,7.599999904632568,7.599999904632568,7.289999961853027,7.449999809265137,210400
2024-12-26,7.46999979019165,7.599999904632568,7.21999979019165,7.599999904632568,253300
2024-12-27,7.275000095367432,7.570000171661377,7.119999885559082,7.539999961853027,224400
2024-12-30,7.25,7.269999980926514,6.880000114440918,7.239999771118164,515300
2024-12-31,7.179999828338623,7.360000133514404,7.166999816894531,7.320000171661377,176200
2025-01-02,7.019999980926514,7.144999980926514,6.840000152587891,7.099999904632568,333800
2025-01-03,7.159999847412109,7.179999828338623,6.889999866485596,6.980000019073486,330800
2025-01-06,6.980000019073486,7.340000152587891,6.949999809265137,7.159999847412109,332100
2025-01-07,6.75,7.050000190734863,6.599999904632568,6.980000019073486,378000
2025-01-08,6.659999847412109,6.776000022888184,6.599999904632568,6.699999809265137,214600
2025-01-10,6.199999809265137,6.550000190734863,6.190000057220459,6.550000190734863,338300
2025-01-13,6.130000114440918,6.150000095367432,5.889999866485596,6.119999885559082,456700
2025-01-14,6.28000020980835,6.309999942779541,6.099999904632568,6.150000095367432,348200
2025-01-15,6.420000076293945,6.489999771118164,6.264999866485596,6.449999809265137,186300
2025-01-16,6.420000076293945,6.525000095367432,6.369999885559082,6.46999979019165,191000
2025-01-17,6.46999979019165,6.5,6.360000133514404,6.5,165700
2025-01-21,6.610000133514404,6.650000095367432,6.420000076293945,6.489999771118164,154300
2025-01-22,6.485000133514404,6.639999866485596,6.460000038146973,6.630000114440918,202700
2025-01-23,6.429999828338623,6.460000038146973,6.329999923706055,6.460000038146973,148200
2025-01-24,6.340000152587891,6.429999828338623,6.300000190734863,6.400000095367432,98200
2025-01-27,6.119999885559082,6.349999904632568,6.074999809265137,6.28000020980835,160100
2025-01-28,6.320000171661377,6.349999904632568,6.099999904632568,6.130000114440918,136100
2025-01-29,6.289999961853027,6.353000164031982,6.139999866485596,6.329999923706055,198100
2025-01-30,6.099999904632568,6.340000152587891,6.074999809265137,6.25,190100
2025-01-31,6.010000228881836,6.210000038146973,5.96999979019165,6.099999904632568,170400
2025-02-03,5.829999923706055,5.920000076293945,5.610000133514404,5.920000076293945,199700
2025-02-04,6.699999809265137,6.710000038146973,5.880000114440918,6.039999961853027,472900
2025-02-05,7.199999809265137,7.210000038146973,6.510000228881836,6.760000228881836,805900
2025-02-06,7.400000095367432,7.5,7.190000057220459,7.349999904632568,692900
2025-02-07,7.050000190734863,7.46999979019165,7.039999961853027,7.429999828338623,397300
2025-02-10,7.139999866485596,7.239999771118164,6.920000076293945,7.119999885559082,311700
2025-02-11,7.070000171661377,7.150000095367432,6.940000057220459,7.059999942779541,301800
2025-02-12,6.96999979019165,7.050000190734863,6.849999904632568,6.989999771118164,346100
2025-02-13,6.809999942779541,6.985000133514404,6.630000114440918,6.96999979019165,330200
2025-02-14,6.739999771118164,6.940000057220459,6.650000095367432,6.800000190734863,292100
2025-02-18,6.989999771118164,6.989999771118164,6.730000019073486,6.789999961853027,408100
2025-02-19,6.920000076293945,7.070000171661377,6.860000133514404,7.0,386600
2025-02-20,6.539999961853027,7.019999980926514,6.454999923706055,7.0,368400
2025-02-21,6.070000171661377,6.610000133514404,6.050000190734863,6.599999904632568,394300
2025-02-24,6.050000190734863,6.21999979019165,5.980000019073486,6.139999866485596,427200
2025-02-25,5.909999847412109,6.21999979019165,5.820000171661377,6.059999942779541,419200
2025-02-26,5.440000057220459,5.960000038146973,5.429999828338623,5.960000038146973,525500
2025-02-27,5.260000228881836,6.03000020980835,5.159999847412109,5.739999771118164,865700
2025-02-28,4.954999923706055,5.03000020980835,4.699999809265137,5.03000020980835,654000
2025-03-03,4.909999847412109,5.199999809265137,4.853000164031982,4.889999866485596,540900
2025-03-04,4.730000019073486,4.909999847412109,4.630000114440918,4.860000133514404,689800
2025-03-05,4.510000228881836,4.739999771118164,4.440000057220459,4.71999979019165,543700
2025-03-06,4.230000019073486,4.489999771118164,4.210000038146973,4.420000076293945,431700
2025-03-07,4.329999923706055,4.360000133514404,4.070000171661377,4.21999979019165,728300
2025-03-10,4.019999980926514,4.4079999923706055,3.890000104904175,4.28000020980835,759400
2025-03-11,4.159999847412109,4.184999942779541,3.950000047683716,3.9700000286102295,520700
2025-03-12,4.019999980926514,4.489999771118164,3.890000104904175,4.21999979019165,566000
2025-03-13,4.079999923706055,4.119999885559082,3.900000095367432,4.0,592700
2025-03-14,4.03000020980835,4.210000038146973,4.005000114440918,4.090000152587891,427200
2025-03-17,4.130000114440918,4.170000076293945,4.034999847412109,4.039999961853027,487500
2025-03-18,4.0,4.269999980926514,3.9800000190734863,4.159999847412109,466400
2025-03-19,4.010000228881836,4.125,3.974999904632568,4.0,366300
2025-03-20,3.950000047683716,4.059999942779541,3.9200000762939458,3.9600000381469727,315400
2025-03-21,3.9800000190734863,4.039999961853027,3.819999933242798,3.900000095367432,458300
2025-03-24,4.039999961853027,4.078000068664551,3.994999885559082,4.059999942779541,215600
2025-03-25,4.110000133514404,4.125,4.019999980926514,4.039999961853027,249500
2025-03-26,3.9800000190734863,4.105000019073486,3.930000066757202,4.099999904632568,300900
2025-03-27,3.940000057220459,4.03000020980835,3.890000104904175,4.019999980926514,297900
2025-03-28,3.799999952316284,3.930000066757202,3.7799999713897705,3.900000095367432,295500
2025-03-31,3.7300000190734863,3.8550000190734863,3.6659998893737793,3.7699999809265137,338700
2025-04-01,3.849999904632568,4.229000091552734,3.7100000381469727,3.809999942779541,1012800
2025-04-02,3.900000095367432,3.994999885559082,3.763999938964844,3.7699999809265137,352500
2025-04-03,3.5199999809265137,3.6700000762939458,3.453000068664551,3.6700000762939458,398700
2025-04-04,3.3399999141693115,3.390000104904175,3.2200000286102295,3.3499999046325684,417700
2025-04-07,3.2100000381469727,3.450000047683716,3.015000104904175,3.140000104904175,624600
2025-04-08,3.130000114440918,3.5199999809265137,3.0,3.4000000953674316,643500
2025-04-09,3.450000047683716,3.559999942779541,3.0450000762939453,3.109999895095825,593800
2025-04-10,3.2100000381469727,3.549999952316284,3.1050000190734863,3.4000000953674316,241300
2025-04-11,3.259999990463257,3.2850000858306885,3.0999999046325684,3.180000066757202,293500
2025-04-14,3.3299999237060547,3.3499999046325684,3.200000047683716,3.3499999046325684,469800
2025-04-15,3.259999990463257,3.4200000762939453,3.200000047683716,3.319999933242798,276400
2025-04-16,3.180000066757202,3.259999990463257,3.130000114440918,3.2200000286102295,205400
2025-04-17,3.299999952316284,3.299999952316284,3.130000114440918,3.190000057220459,459000
2025-04-21,3.2100000381469727,3.25,3.119999885559082,3.2200000286102295,352400
2025-04-22,3.569999933242798,3.690000057220459,3.25,3.2799999713897705,755800
2025-04-23,3.650000095367432,3.8299999237060542,3.569999933242798,3.700000047683716,350100
2025-04-24,3.799999952316284,3.8299999237060542,3.5950000286102295,3.650000095367432,311700
2025-04-25,3.8299999237060542,3.910000085830689,3.7699999809265137,3.7699999809265137,250400
2025-04-28,3.799999952316284,3.869999885559082,3.7300000190734863,3.849999904632568,240100
2025-04-29,3.700000047683716,3.819999933242798,3.660000085830689,3.7799999713897705,215500
2025-04-30,3.5399999618530273,3.75,3.430000066757202,3.75,382000
2025-05-01,3.5899999141693115,3.6449999809265137,3.5,3.5899999141693115,319500
2025-05-02,3.5899999141693115,3.690000057220459,3.5799999237060547,3.640000104904175,551900
2025-05-05,3.440000057220459,3.5999999046325684,3.4200000762939453,3.5999999046325684,319200
2025-05-06,3.3499999046325684,3.4100000858306885,3.2899999618530273,3.4000000953674316,274900
2025-05-07,3.369999885559082,3.4800000190734863,3.2899999618530273,3.4000000953674316,314600
2025-05-08,3.5299999713897705,3.5899999141693115,3.359999895095825,3.5899999141693115,389400
2025-05-09,3.4549999237060547,3.549999952316284,3.0,3.180000066757202,547200
2025-05-12,3.184999942779541,3.640000104904175,3.180000066757202,3.640000104904175,441500
2025-05-13,3.0999999046325684,3.190000057220459,2.869999885559082,3.180000066757202,788500
2025-05-14,3.009999990463257,3.0999999046325684,2.9800000190734863,3.0999999046325684,735600
2025-05-15,2.9100000858306885,2.9700000286102295,2.809999942779541,2.9700000286102295,876000
2025-05-16,2.8499999046325684,2.9549999237060547,2.7249999046325684,2.9100000858306885,1046000
2025-05-19,2.75,2.865000009536743,2.740000009536743,2.809999942779541,470300
2025-05-20,2.7799999713897705,2.799999952316284,2.6700000762939453,2.7300000190734863,574500
2025-05-21,2.6700000762939453,2.819999933242798,2.6600000858306885,2.819999933242798,431600
2025-05-22,2.759999990463257,2.7850000858306885,2.5999999046325684,2.6500000953674316,406700
2025-05-23,2.619999885559082,2.75,2.609999895095825,2.690000057220459,542700
2025-05-27,2.7200000286102295,2.734999895095825,2.5999999046325684,2.6600000858306885,493200
2025-05-28,2.799999952316284,2.884999990463257,2.7200000286102295,2.75,417100
2025-05-29,2.680000066757202,2.819999933242798,2.6700000762939453,2.819999933242798,385300
2025-05-30,2.5799999237060547,2.6589999198913574,2.566999912261963,2.6500000953674316,318200
2025-06-02,2.5,2.5799999237060547,2.490000009536743,2.549999952316284,442000
2025-06-03,2.5299999713897705,2.549999952316284,2.4200000762939453,2.450000047683716,412300
2025-06-04,2.609999895095825,2.609999895095825,2.515000104904175,2.5299999713897705,311500
2025-06-05,2.569999933242798,2.6500000953674316,2.559999942779541,2.609999895095825,326300
2025-06-06,2.809999942779541,2.869999885559082,2.609999895095825,2.609999895095825,549100
2025-06-09,2.740000009536743,2.86899995803833,2.6700000762939453,2.8499999046325684,604800
2025-06-10,2.6600000858306885,2.799999952316284,2.619999885559082,2.7899999618530273,160500
2025-06-11,2.700000047683716,2.8299999237060547,2.640000104904175,2.640000104904175,494100
2025-06-12,2.5999999046325684,2.700000047683716,2.569999933242798,2.690000057220459,426700
2025-06-13,2.4800000190734863,2.5999999046325684,2.4649999141693115,2.549999952316284,475600
2025-06-16,2.5999999046325684,2.640000104904175,2.490000009536743,2.5,363200
2025-06-17,2.5399999618530273,2.619999885559082,2.5299999713897705,2.5799999237060547,417400
2025-06-18,2.5299999713897705,2.5999999046325684,2.490000009536743,2.5199999809265137,194500
2025-06-20,2.430000066757202,2.5899999141693115,2.4200000762939453,2.559999942779541,604100
2025-06-23,2.369999885559082,2.500999927520752,2.3399999141693115,2.390000104904175,401600
2025-06-24,2.4100000858306885,2.440000057220459,2.3499999046325684,2.4000000953674316,554700
2025-06-25,2.380000114440918,2.4660000801086426,2.369999885559082,2.430000066757202,322300
2025-06-26,2.380000114440918,2.390000104904175,2.319999933242798,2.369999885559082,378100
2025-06-27,2.4600000381469727,2.4700000286102295,2.380000114440918,2.380000114440918,1072100
2025-06-30,2.4800000190734863,2.5299999713897705,2.4700000286102295,2.4800000190734863,342200
